timestamp,date,source,vbat,ibat,tbat,bms_temp,soc,soh,error,relay_status,ah_counter,v1,v2,v3,v4,v5,v6,v7,v8,v9,v10,v11,v12,v13,v14,max_chg_v,max_chg_i,min_dis_v,max_dis_i
2026-05-06 11:49:32.600000,5/6/2026,06052026-Testpoint-log2.csv,54.21,0.54,30.0,45,100.0,97.5,0,PRE-CHARGE,1,3.872,3.872,3.873,3.869,3.873,3.872,3.873,3.872,3.873,3.872,3.873,3.872,3.873,3.869,,,,
2026-05-06 11:49:34.800000,5/6/2026,06052026-Testpoint-log2.csv,54.21,0.56,30.0,45,100.0,97.5,0,PRE-CHARGE,1,3.872,3.872,3.873,3.869,,,,,3.873,3.872,3.873,3.872,3.873,3.869,54.3,0.0,120.0,40.5
2026-05-06 11:49:39.000000,5/6/2026,06052026-Testpoint-log2.csv,54.21,0.56,30.0,45,100.0,97.5,0,PRE-CHARGE,1,3.872,3.872,3.873,3.869,3.873,3.872,3.873,3.872,3.873,3.872,3.873,3.872,3.873,3.869,54.3,0.0,120.0,40.5
2026-05-06 11:49:41.100000,5/6/2026,06052026-Testpoint-log2.csv,54.21,0.56,30.0,45,100.0,97.5,0,PRE-CHARGE,1,3.872,3.872,3.873,3.869,3.873,3.872,3.873,3.872,3.873,3.872,3.873,3.872,3.873,3.869,54.3,0.0,120.0,40.5
2026-05-06 11:49:43.300000,5/6/2026,06052026-Testpoint-log2.csv,54.14,3.12,30.0,46,100.0,97.5,0,PRE-CHARGE,1,3.869,3.866,3.867,3.866,3.867,3.869,3.867,3.866,3.867,3.866,3.867,3.866,3.867,3.866,54.3,0.0,120.0,40.5
2026-05-06 11:49:45.400000,5/6/2026,06052026-Testpoint-log2.csv,54.01,6.38,30.0,46,100.0,97.5,0,PRE-CHARGE,1,3.86,3.857,3.855,3.857,3.873,3.872,3.873,3.872,3.873,3.872,3.873,3.872,3.873,3.869,54.3,0.0,120.0,40.5
2026-05-06 11:50:19.300000,5/6/2026,06052026-Testpoint-log2.csv,54.21,0.56,30.0,47,100.0,97.5,0,PRE-CHARGE,1,3.872,3.872,3.873,3.869,3.873,3.872,3.873,3.872,3.873,3.872,3.873,3.872,3.873,3.869,54.3,0.0,120.0,40.5
2026-05-06 11:50:23.500000,5/6/2026,06052026-Testpoint-log2.csv,54.21,0.56,30.0,47,100.0,97.5,0,PRE-CHARGE,1,3.872,3.872,3.873,3.869,3.873,3.872,3.873,3.872,3.873,3.872,3.873,3.872,3.873,3.869,54.3,0.0,120.0,40.5
2026-05-06 11:50:25.700000,5/6/2026,06052026-Testpoint-log2.csv,54.21,0.54,30.0,47,100.0,97.5,0,PRE-CHARGE,1,3.872,3.872,3.873,3.869,3.873,3.872,3.873,3.872,3.873,3.872,3.873,3.872,3.873,3.869,54.3,0.0,120.0,40.5
2026-05-06 11:50:27.700000,5/6/2026,06052026-Testpoint-log2.csv,54.16,0.84,30.0,47,100.0,97.5,0,PRE-CHARGE,1,3.869,3.869,3.87,3.866,3.87,3.869,3.87,3.869,3.852,3.851,3.848,3.851,3.848,3.848,54.3,0.0,120.0,40.5
2026-05-06 11:50:29.800000,5/6/2026,06052026-Testpoint-log2.csv,53.9,4.08,30.0,47,100.0,97.5,0,PRE-CHARGE,1,3.72,3.684,3.627,3.704,3.666,3.686,3.654,3.689,3.671,3.677,3.636,3.674,3.651,3.659,54.3,0.0,120.0,40.5
2026-05-06 11:50:32.000000,5/6/2026,06052026-Testpoint-log2.csv,55.0,12.98,30.0,47,100.0,97.5,0,PRE-CHARGE,1,3.921,3.932,3.951,3.921,3.936,3.926,3.936,3.924,3.927,3.924,3.933,3.921,3.87,3.869,54.3,0.0,120.0,40.5
2026-05-06 11:50:34.100000,5/6/2026,06052026-Testpoint-log2.csv,54.2,-10.64,30.0,47,100.0,97.5,0,PRE-CHARGE,1,,,,,3.861,3.863,3.861,3.863,3.861,3.86,3.861,3.86,3.858,3.86,54.3,0.0,120.0,40.5
2026-05-06 11:50:36.300000,5/6/2026,06052026-Testpoint-log2.csv,53.3,44.0,30.0,47,100.0,97.5,0,PRE-CHARGE,1,3.797,3.788,3.768,3.803,3.795,3.806,3.798,3.815,3.815,3.819,3.815,3.824,3.825,3.83,54.3,0.0,120.0,40.5
2026-05-06 11:50:38.400000,5/6/2026,06052026-Testpoint-log2.csv,54.68,-14.06,30.0,47,100.0,97.5,0,PRE-CHARGE,1,3.869,3.872,3.873,3.869,3.873,3.872,3.873,3.869,3.873,3.869,3.873,3.869,3.87,3.869,54.3,0.0,120.0,40.5
2026-05-06 11:50:40.500000,5/6/2026,06052026-Testpoint-log2.csv,54.2,0.54,30.0,47,100.0,97.5,0,PRE-CHARGE,1,,,,,3.873,3.872,3.873,3.869,3.873,3.869,3.873,3.869,3.87,3.869,54.3,0.0,120.0,40.5
2026-05-06 11:50:44.800000,5/6/2026,06052026-Testpoint-log2.csv,54.2,0.54,30.0,48,100.0,97.5,0,PRE-CHARGE,1,3.869,3.872,3.873,3.869,3.873,3.872,3.873,3.869,3.873,3.869,3.873,3.869,3.87,3.869,54.3,0.0,120.0,40.5
2026-05-06 11:50:46.900000,5/6/2026,06052026-Testpoint-log2.csv,54.2,0.54,30.0,48,100.0,97.5,0,PRE-CHARGE,1,3.872,3.872,3.873,3.869,3.873,3.872,3.873,3.869,3.873,3.869,3.873,3.869,3.87,3.869,54.3,0.0,120.0,40.5
2026-05-06 11:50:49.000000,5/6/2026,06052026-Testpoint-log2.csv,54.2,0.54,30.0,48,100.0,97.5,0,PRE-CHARGE,1,3.872,3.872,3.873,3.869,3.873,3.872,3.873,3.869,3.873,3.869,3.873,3.869,3.87,3.869,54.3,0.0,120.0,40.5
2026-05-06 11:50:51.200000,5/6/2026,06052026-Testpoint-log2.csv,54.2,0.54,30.0,48,100.0,97.5,0,PRE-CHARGE,1,3.872,3.872,3.873,3.869,3.873,3.872,3.873,3.869,3.873,3.869,3.873,3.869,3.87,3.869,54.3,0.0,120.0,40.5
2026-05-06 11:50:53.300000,5/6/2026,06052026-Testpoint-log2.csv,54.2,0.54,30.0,48,100.0,97.5,0,PRE-CHARGE,1,3.872,3.872,3.873,3.869,3.873,3.872,3.873,3.869,3.873,3.869,3.873,3.869,,,54.3,0.0,120.0,40.5
2026-05-06 11:50:57.400000,5/6/2026,06052026-Testpoint-log2.csv,54.2,0.54,29.0,48,100.0,97.5,0,PRE-CHARGE,1,3.872,3.872,3.873,3.869,3.873,3.872,3.873,3.872,3.873,3.869,3.873,3.869,3.87,3.869,54.3,0.0,120.0,40.5
2026-05-06 11:50:59.600000,5/6/2026,06052026-Testpoint-log2.csv,54.2,0.54,29.0,48,100.0,97.5,0,PRE-CHARGE,1,3.872,3.872,3.873,3.869,3.873,3.872,3.873,3.869,3.873,3.869,3.873,3.869,3.87,3.869,54.3,0.0,120.0,40.5
2026-05-06 11:51:01.700000,5/6/2026,06052026-Testpoint-log2.csv,54.2,0.54,29.0,48,100.0,97.5,0,PRE-CHARGE,1,3.872,3.872,3.873,3.869,,,,,3.873,3.869,3.873,3.869,3.87,3.869,54.3,0.0,120.0,40.5
2026-05-06 11:51:05.900000,5/6/2026,06052026-Testpoint-log2.csv,54.2,0.54,29.0,48,100.0,97.5,0,PRE-CHARGE,1,3.872,3.872,3.873,3.869,3.873,3.872,3.873,3.872,3.873,3.869,3.873,3.869,3.87,3.869,54.3,0.0,120.0,40.5
2026-05-06 11:51:08.100000,5/6/2026,06052026-Testpoint-log2.csv,54.2,0.54,29.0,48,100.0,97.5,0,PRE-CHARGE,1,,,,,3.873,3.872,3.873,3.872,3.873,3.869,3.873,3.869,3.87,3.869,54.3,0.0,120.0,40.5
2026-05-06 11:51:10.200000,5/6/2026,06052026-Testpoint-log2.csv,54.2,0.54,29.0,48,100.0,97.5,0,PRE-CHARGE,1,3.872,3.872,3.873,3.869,3.873,3.872,3.873,3.872,3.873,3.869,3.873,3.869,,,54.3,0.0,120.0,40.5
2026-05-06 11:51:12.300000,5/6/2026,06052026-Testpoint-log2.csv,54.2,0.54,29.0,48,100.0,97.5,0,PRE-CHARGE,1,3.863,3.86,3.858,3.86,3.861,3.863,3.861,3.86,3.861,3.86,3.861,3.86,3.861,3.86,54.3,0.0,120.0,40.5
2026-05-06 11:51:14.500000,5/6/2026,06052026-Testpoint-log2.csv,54.17,3.74,29.0,48,100.0,97.5,0,PRE-CHARGE,1,3.869,3.869,3.87,3.869,3.87,3.869,3.87,3.869,3.87,3.869,3.87,3.869,3.87,3.869,54.3,0.0,120.0,40.5
2026-05-06 11:51:16.600000,5/6/2026,06052026-Testpoint-log2.csv,54.04,3.66,29.0,48,100.0,97.5,0,PRE-CHARGE,1,3.857,3.855,3.848,3.855,3.852,3.855,3.852,3.855,3.855,3.855,3.852,3.855,3.852,3.855,54.3,0.0,120.0,40.5
2026-05-06 11:51:18.700000,5/6/2026,06052026-Testpoint-log2.csv,54.17,4.48,29.0,48,100.0,97.5,0,PRE-CHARGE,1,3.869,3.869,3.873,3.866,3.87,3.869,3.873,3.869,3.87,3.869,3.87,3.869,3.867,3.866,54.3,0.0,120.0,40.5
2026-05-06 11:51:20.800000,5/6/2026,06052026-Testpoint-log2.csv,54.18,0.98,29.0,48,100.0,97.5,0,PRE-CHARGE,1,3.869,3.869,3.873,3.869,3.891,3.891,3.891,3.888,3.888,3.888,3.891,3.884,3.888,3.884,54.3,0.0,120.0,40.5
2026-05-06 11:51:25.400000,5/6/2026,06052026-Testpoint-log2.csv,54.2,0.54,,48,100.0,97.5,0,PRE-CHARGE,1,3.872,3.872,3.873,3.869,3.873,3.872,3.873,3.869,3.873,3.869,3.873,3.869,3.87,3.869,54.3,0.0,120.0,40.5
2026-05-06 11:51:29.300000,5/6/2026,06052026-Testpoint-log2.csv,54.2,0.54,29.0,48,100.0,97.5,0,PRE-CHARGE,1,3.872,3.872,3.873,3.869,3.873,3.872,3.873,3.869,3.873,3.869,3.873,3.869,3.87,3.869,54.3,0.0,120.0,40.5
2026-05-08 12:46:12.600000,5/8/2026,20260508_124525_661.txt,54.43,0.56,27.0,43,97.5,97.5,0,PRE-CHARGE,5,3.888,3.888,3.888,3.888,3.888,3.888,3.888,3.888,3.888,3.888,3.888,3.888,,,54.3,0.0,120.0,40.5
2026-05-08 12:46:12.600000,5/8/2026,20260508_124525_661.txt,54.43,0.54,27.0,43,97.5,97.5,0,PRE-CHARGE,5,3.888,3.888,3.888,3.888,,,,,3.888,3.888,3.888,3.888,3.888,3.888,54.3,0.0,120.0,40.5
2026-05-08 12:46:14.200000,5/8/2026,20260508_124525_661.txt,54.43,0.54,27.0,43,97.5,97.5,0,PRE-CHARGE,5,,,,,3.888,3.888,3.888,3.888,3.888,3.888,3.888,3.888,3.888,3.888,54.3,0.0,120.0,40.5
2026-05-08 12:46:16.400000,5/8/2026,20260508_124525_661.txt,54.43,0.56,27.0,43,97.5,97.5,0,PRE-CHARGE,5,3.888,3.888,3.891,3.888,3.888,3.888,3.888,3.888,3.888,3.888,3.888,3.888,3.888,3.888,,,,
2026-05-08 12:46:20.600000,5/8/2026,20260508_124525_661.txt,54.43,0.56,27.0,43,97.5,97.5,0,PRE-CHARGE,5,3.888,3.888,3.891,3.888,3.888,3.888,3.888,3.888,3.888,3.888,3.888,3.888,3.888,3.888,54.3,0.0,120.0,40.5
2026-05-08 12:46:22.700000,5/8/2026,20260508_124525_661.txt,54.43,0.54,27.0,43,97.5,97.5,0,PRE-CHARGE,5,3.888,3.888,3.891,3.888,3.888,3.888,3.888,3.888,3.888,3.888,3.888,3.888,3.888,3.888,54.3,0.0,120.0,40.5
2026-05-08 12:46:26.900000,5/8/2026,20260508_124525_661.txt,54.43,0.56,27.0,43,97.5,97.5,0,PRE-CHARGE,5,3.888,3.888,3.891,3.888,3.888,3.888,3.888,3.888,3.888,3.888,3.888,3.888,3.888,3.888,54.3,0.0,120.0,40.5
2026-05-08 12:46:31.200000,5/8/2026,20260508_124525_661.txt,54.43,0.54,27.0,43,97.5,97.5,0,PRE-CHARGE,5,3.888,3.888,3.888,3.888,3.888,3.888,3.888,3.888,3.888,3.888,3.888,3.888,3.888,3.888,54.3,0.0,120.0,40.5
2026-05-08 12:46:33.300000,5/8/2026,20260508_124525_661.txt,54.43,0.56,27.0,43,97.5,97.5,0,PRE-CHARGE,5,3.888,3.888,3.891,3.888,3.888,3.888,3.888,3.888,3.888,3.888,3.888,3.888,3.888,3.888,54.3,0.0,120.0,40.5
2026-05-08 12:46:35.400000,5/8/2026,20260508_124525_661.txt,54.43,0.56,27.0,43,97.5,97.5,0,PRE-CHARGE,5,3.888,3.888,3.888,3.888,3.888,3.891,3.888,3.888,3.888,3.888,3.888,3.888,3.888,3.888,54.3,0.0,120.0,40.5
2026-05-08 12:46:37.500000,5/8/2026,20260508_124525_661.txt,54.43,0.56,27.0,43,97.5,97.5,0,PRE-CHARGE,5,3.888,3.888,3.888,3.888,3.891,3.888,3.888,3.888,3.888,3.888,3.888,3.888,3.888,3.888,54.3,0.0,120.0,40.5
2026-05-08 12:46:39.700000,5/8/2026,20260508_124525_661.txt,54.43,0.54,27.0,43,97.5,97.5,0,PRE-CHARGE,5,3.888,3.888,3.891,3.888,3.888,3.888,3.888,3.888,3.888,3.888,3.888,3.888,3.888,3.888,54.3,0.0,120.0,40.5
2026-05-08 12:46:41.800000,5/8/2026,20260508_124525_661.txt,54.43,0.54,27.0,43,97.5,97.5,0,PRE-CHARGE,5,3.888,3.888,3.888,3.888,3.888,3.888,3.888,3.888,3.888,3.888,3.888,3.888,3.888,3.888,54.3,0.0,120.0,40.5
2026-05-08 12:46:43.900000,5/8/2026,20260508_124525_661.txt,54.43,0.56,27.0,43,97.5,97.5,0,PRE-CHARGE,5,3.888,3.888,3.891,3.888,3.888,3.888,3.888,3.888,3.888,3.888,3.888,3.888,3.888,3.888,54.3,0.0,120.0,40.5
2026-05-08 12:46:46.000000,5/8/2026,20260508_124525_661.txt,54.43,0.54,27.0,43,97.5,97.5,0,PRE-CHARGE,5,3.888,3.888,3.888,3.888,3.888,3.888,3.888,3.888,3.888,3.888,3.888,3.888,3.888,3.888,54.3,0.0,120.0,40.5
2026-05-08 12:46:48.100000,5/8/2026,20260508_124525_661.txt,54.43,0.54,27.0,43,97.5,97.5,0,PRE-CHARGE,5,3.888,3.888,3.888,3.888,3.888,3.888,3.888,3.888,3.888,3.888,3.888,3.888,3.888,3.888,54.3,0.0,120.0,40.5
2026-05-08 12:46:50.300000,5/8/2026,20260508_124525_661.txt,54.43,0.54,27.0,43,97.5,97.5,0,PRE-CHARGE,5,3.888,3.888,3.888,3.888,3.888,3.888,3.888,3.888,,,,,3.888,3.888,54.3,0.0,120.0,40.5
2026-05-08 12:46:52.400000,5/8/2026,20260508_124525_661.txt,54.43,0.54,27.0,43,97.5,97.5,0,PRE-CHARGE,5,3.888,3.888,3.888,3.888,3.888,3.891,3.888,3.888,3.888,3.888,3.888,3.888,3.888,3.888,54.3,0.0,120.0,40.5
2026-05-08 12:46:56.600000,5/8/2026,20260508_124525_661.txt,54.43,0.54,27.0,43,97.5,97.5,0,PRE-CHARGE,5,3.888,3.888,3.888,3.888,3.888,3.891,3.888,3.888,3.888,3.888,3.888,3.888,3.888,3.888,54.3,0.0,120.0,40.5
2026-05-08 12:46:58.800000,5/8/2026,20260508_124525_661.txt,54.43,0.54,27.0,43,97.5,97.5,0,PRE-CHARGE,5,3.888,3.888,3.888,3.888,3.888,3.888,3.888,3.888,3.888,3.888,3.888,3.888,3.888,3.888,54.3,0.0,120.0,40.5
2026-05-08 12:47:00.900000,5/8/2026,20260508_124525_661.txt,54.43,0.54,27.0,43,97.5,97.5,0,PRE-CHARGE,5,3.888,3.888,3.888,3.888,3.888,3.888,3.888,3.888,3.888,3.888,3.888,3.888,3.888,3.888,54.3,0.0,120.0,40.5
2026-05-08 12:47:03.000000,5/8/2026,20260508_124525_661.txt,54.43,0.56,27.0,43,97.5,97.5,0,PRE-CHARGE,5,3.888,3.888,3.888,3.888,3.888,3.888,3.888,3.888,3.888,3.888,3.888,3.888,3.888,3.888,54.3,0.0,120.0,40.5
2026-05-08 12:47:05.100000,5/8/2026,20260508_124525_661.txt,54.43,0.56,27.0,43,97.5,97.5,0,PRE-CHARGE,5,3.888,3.888,3.888,3.888,3.888,3.888,3.888,3.888,3.888,3.888,3.888,3.888,3.888,3.888,54.3,0.0,120.0,40.5
2026-05-08 12:47:07.200000,5/8/2026,20260508_124525_661.txt,54.43,0.56,27.0,43,97.5,97.5,0,PRE-CHARGE,5,3.888,3.888,3.888,3.888,3.888,3.888,3.888,3.888,3.888,3.888,3.888,3.888,,,,,,
2026-05-08 12:47:09.400000,5/8/2026,20260508_124525_661.txt,54.43,0.56,27.0,42,97.5,97.5,0,PRE-CHARGE,5,,,,,3.888,3.888,3.888,3.888,3.888,3.888,3.888,3.888,3.888,3.888,54.3,0.0,120.0,40.5
2026-05-08 12:47:15.700000,5/8/2026,20260508_124525_661.txt,54.43,0.56,27.0,42,97.5,97.5,0,PRE-CHARGE,5,3.888,3.888,3.888,3.888,3.888,3.888,3.888,3.888,3.888,3.888,3.888,3.888,3.888,3.888,54.3,0.0,120.0,40.5
2026-05-08 12:47:18.000000,5/8/2026,20260508_124525_661.txt,54.43,0.56,,42,97.5,97.5,0,PRE-CHARGE,5,3.888,3.888,3.891,3.888,3.888,3.888,3.888,3.888,3.888,3.888,3.888,3.888,3.888,3.888,54.3,0.0,120.0,40.5
2026-05-08 12:47:19.900000,5/8/2026,20260508_124525_661.txt,54.43,0.56,27.0,42,97.5,97.5,0,PRE-CHARGE,5,3.888,3.888,3.888,3.888,3.888,3.888,3.888,3.888,3.888,3.888,3.888,3.888,3.888,3.888,54.3,0.0,120.0,40.5
2026-05-08 12:47:24.200000,5/8/2026,20260508_124525_661.txt,54.43,0.56,27.0,42,97.5,97.5,0,PRE-CHARGE,5,3.888,3.888,3.891,3.888,3.888,3.888,3.888,3.888,3.888,3.888,3.888,3.888,3.888,3.888,54.3,0.0,120.0,40.5
2026-05-08 12:47:28.400000,5/8/2026,20260508_124525_661.txt,54.43,0.56,27.0,42,97.5,97.5,0,PRE-CHARGE,5,3.888,3.888,3.888,3.888,3.888,3.888,3.888,3.888,,,,,3.888,3.888,54.3,0.0,120.0,40.5
2026-05-08 12:47:30.500000,5/8/2026,20260508_124525_661.txt,54.43,0.56,27.0,42,97.5,97.5,0,PRE-CHARGE,5,3.888,3.888,3.888,3.888,3.888,3.888,3.888,3.888,3.888,3.888,3.888,3.888,3.888,3.888,,,,
2026-05-08 12:47:32.700000,5/8/2026,20260508_124525_661.txt,54.43,0.56,27.0,42,97.5,97.5,0,PRE-CHARGE,5,3.888,3.888,3.888,3.888,3.888,3.888,3.888,3.888,3.888,3.888,3.888,3.888,3.888,3.888,54.3,0.0,120.0,40.5
2026-05-08 12:47:34.700000,5/8/2026,20260508_124525_661.txt,54.43,0.56,27.0,42,97.5,97.5,0,PRE-CHARGE,5,3.888,3.888,3.888,3.888,3.888,3.888,3.888,3.888,,,,,3.888,3.888,,,,
2026-05-08 12:47:36.900000,5/8/2026,20260508_124525_661.txt,54.43,0.56,27.0,42,97.5,97.5,0,PRE-CHARGE,5,,,,,3.888,3.888,3.888,3.888,3.888,3.888,3.888,3.888,3.888,3.888,54.3,0.0,120.0,40.5
2026-05-08 12:47:39.000000,5/8/2026,20260508_124525_661.txt,54.43,0.56,27.0,42,97.5,97.5,0,PRE-CHARGE,5,3.888,3.888,3.888,3.888,,,,,3.888,3.888,3.888,3.888,3.888,3.888,54.3,0.0,120.0,40.5
2026-05-08 12:47:41.100000,5/8/2026,20260508_124525_661.txt,54.43,0.56,27.0,42,97.5,97.5,0,PRE-CHARGE,5,,,,,3.888,3.888,3.888,3.888,3.888,3.888,3.888,3.888,3.888,3.888,54.3,0.0,120.0,40.5
2026-05-08 12:47:43.200000,5/8/2026,20260508_124525_661.txt,54.43,0.56,27.0,42,97.5,97.5,0,PRE-CHARGE,5,3.888,3.888,3.888,3.888,3.888,3.888,3.888,3.888,3.888,3.888,3.888,3.888,3.888,3.888,,,,
2026-05-08 12:47:47.500000,5/8/2026,20260508_124525_661.txt,54.43,0.56,27.0,42,97.5,97.5,0,PRE-CHARGE,5,3.888,3.888,3.891,3.888,3.888,3.888,3.888,3.888,3.888,3.888,3.888,3.888,3.888,3.888,54.3,0.0,120.0,40.5
2026-05-08 12:47:49.600000,5/8/2026,20260508_124525_661.txt,54.43,0.56,27.0,42,97.5,97.5,0,PRE-CHARGE,5,3.888,3.888,3.888,3.888,3.888,3.891,3.888,3.888,3.888,3.888,3.888,3.888,3.888,3.888,54.3,0.0,120.0,40.5
2026-05-08 12:47:51.900000,5/8/2026,20260508_124525_661.txt,54.43,0.56,,42,97.5,97.5,0,PRE-CHARGE,5,3.888,3.888,3.888,3.888,3.888,3.888,3.888,3.888,3.888,3.888,3.888,3.888,3.888,3.888,54.3,0.0,120.0,40.5
2026-05-08 12:47:53.800000,5/8/2026,20260508_124525_661.txt,54.43,0.56,27.0,42,97.5,97.5,0,PRE-CHARGE,5,3.888,3.888,3.888,3.888,3.888,3.888,3.888,3.888,3.888,3.888,3.888,3.888,3.888,3.888,54.3,0.0,120.0,40.5
2026-05-08 12:47:56.000000,5/8/2026,20260508_124525_661.txt,54.43,0.54,27.0,42,97.5,97.5,0,PRE-CHARGE,5,3.888,3.888,3.888,3.888,3.888,3.888,3.888,3.888,,,,,3.888,3.888,54.3,0.0,120.0,40.5
2026-05-08 12:48:00.200000,5/8/2026,20260508_124525_661.txt,54.43,0.56,27.0,42,97.5,97.5,0,PRE-CHARGE,5,3.888,3.888,3.888,3.888,3.888,3.888,3.888,3.888,3.888,3.888,3.888,3.888,3.888,3.888,54.3,0.0,120.0,40.5
2026-05-08 12:48:04.400000,5/8/2026,20260508_124525_661.txt,54.43,0.56,27.0,42,97.5,97.5,0,PRE-CHARGE,5,3.888,3.888,3.888,3.888,3.888,3.888,3.888,3.888,3.888,3.888,3.888,3.888,3.888,3.888,54.3,0.0,120.0,40.5
2026-05-08 12:48:06.700000,5/8/2026,20260508_124525_661.txt,54.43,0.54,,42,97.5,97.5,0,PRE-CHARGE,5,3.888,3.888,3.888,3.888,3.888,3.888,3.888,3.888,3.888,3.888,3.888,3.888,3.888,3.888,54.3,0.0,120.0,40.5
2026-05-08 12:48:08.700000,5/8/2026,20260508_124525_661.txt,54.43,0.56,27.0,42,97.5,97.5,0,PRE-CHARGE,5,3.888,3.888,3.888,3.888,3.888,3.888,3.888,3.888,3.888,3.888,3.888,3.888,3.888,3.888,54.3,0.0,120.0,40.5
2026-05-08 12:48:10.800000,5/8/2026,20260508_124525_661.txt,54.43,0.54,27.0,42,97.5,97.5,0,PRE-CHARGE,5,,,,,3.888,3.888,3.888,3.888,3.888,3.888,3.888,3.888,3.888,3.888,54.3,0.0,120.0,40.5
2026-05-08 12:48:12.900000,5/8/2026,20260508_124525_661.txt,54.43,0.56,27.0,42,97.5,97.5,0,PRE-CHARGE,5,3.888,3.888,3.888,3.888,3.888,3.888,3.888,3.888,3.888,3.888,3.888,3.888,3.888,3.888,54.3,0.0,120.0,40.5
2026-05-08 12:48:15.100000,5/8/2026,20260508_124525_661.txt,54.43,0.54,27.0,42,97.5,97.5,0,PRE-CHARGE,5,3.888,3.888,3.888,3.888,3.888,3.888,3.888,3.888,3.888,3.888,3.888,3.888,,,54.3,0.0,120.0,40.5
2026-05-08 12:48:19.300000,5/8/2026,20260508_124525_661.txt,54.43,0.54,27.0,42,97.5,97.5,0,PRE-CHARGE,5,3.888,3.888,3.888,3.888,3.888,3.888,3.888,3.888,3.888,3.888,3.888,3.888,3.888,3.888,54.3,0.0,120.0,40.5
2026-05-08 12:48:25.600000,5/8/2026,20260508_124525_661.txt,54.43,0.54,27.0,42,97.5,97.5,0,PRE-CHARGE,5,3.888,3.888,3.888,3.888,3.888,3.888,3.888,3.888,3.888,3.888,3.888,3.888,3.888,3.888,54.3,0.0,120.0,40.5
2026-05-08 12:48:27.900000,5/8/2026,20260508_124525_661.txt,54.43,0.54,,42,97.5,97.5,0,PRE-CHARGE,5,3.888,3.888,3.888,3.888,3.888,3.888,3.888,3.888,3.888,3.888,3.888,3.888,3.888,3.888,54.3,0.0,120.0,40.5
2026-05-08 12:48:32.000000,5/8/2026,20260508_124525_661.txt,54.43,0.54,27.0,42,97.5,97.5,0,PRE-CHARGE,5,3.888,3.888,3.888,3.888,3.888,3.888,3.888,3.888,3.888,3.888,3.888,3.888,3.888,3.888,54.3,0.0,120.0,40.5
2026-05-08 12:48:34.100000,5/8/2026,20260508_124525_661.txt,54.43,0.54,27.0,42,97.5,97.5,0,PRE-CHARGE,5,3.888,3.888,3.888,3.888,3.888,3.888,3.888,3.888,3.888,3.888,3.888,3.888,3.888,3.888,54.3,0.0,120.0,40.5
2026-05-08 12:48:36.200000,5/8/2026,20260508_124525_661.txt,54.43,0.54,27.0,42,97.5,97.5,0,PRE-CHARGE,5,,,,,,,,,3.888,3.888,3.888,3.888,3.888,3.888,,,,
2026-05-08 12:48:40.500000,5/8/2026,20260508_124525_661.txt,54.43,0.54,27.0,42,97.5,97.5,0,PRE-CHARGE,5,3.888,3.888,3.888,3.888,3.888,3.888,3.888,3.888,3.888,3.888,3.888,3.888,3.888,3.888,54.3,0.0,120.0,40.5
2026-05-08 12:48:46.800000,5/8/2026,20260508_124525_661.txt,54.43,0.54,27.0,42,97.5,97.5,0,PRE-CHARGE,5,3.888,3.888,3.888,3.888,3.888,3.891,3.888,3.888,3.888,3.888,3.888,3.888,3.888,3.888,54.3,0.0,120.0,40.5
2026-05-08 12:48:53.200000,5/8/2026,20260508_124525_661.txt,54.43,0.54,27.0,42,97.5,97.5,0,PRE-CHARGE,5,3.888,3.888,3.888,3.888,3.888,3.888,3.888,3.888,3.888,3.888,3.888,3.888,3.888,3.888,54.3,0.0,120.0,40.5
2026-05-08 12:48:55.300000,5/8/2026,20260508_124525_661.txt,54.43,0.54,27.0,42,97.5,97.5,0,PRE-CHARGE,5,3.888,3.888,3.888,3.888,3.888,3.888,3.888,3.888,3.888,3.888,3.888,3.888,3.888,3.888,54.3,0.0,120.0,40.5
2026-05-08 12:48:57.400000,5/8/2026,20260508_124525_661.txt,54.43,0.54,27.0,42,97.5,97.5,0,PRE-CHARGE,5,3.888,3.888,3.891,3.888,3.888,3.888,3.888,3.888,3.888,3.888,3.888,3.888,3.888,3.888,54.3,0.0,120.0,40.5
2026-05-08 12:49:01.600000,5/8/2026,20260508_124525_661.txt,54.43,0.54,27.0,42,97.5,97.5,0,PRE-CHARGE,5,3.888,3.888,3.888,3.888,3.888,3.888,3.888,3.888,3.888,3.888,3.888,3.888,3.888,3.888,54.3,0.0,120.0,40.5
2026-05-08 12:49:03.800000,5/8/2026,20260508_124525_661.txt,54.43,0.54,27.0,42,97.5,97.5,0,PRE-CHARGE,5,3.888,3.888,3.888,3.888,,,,,3.888,3.888,3.888,3.888,3.888,3.888,54.3,0.0,120.0,40.5
2026-05-08 12:49:05.900000,5/8/2026,20260508_124525_661.txt,54.43,0.54,27.0,42,97.5,97.5,0,PRE-CHARGE,5,3.888,3.888,3.888,3.888,3.888,3.888,3.888,3.888,3.888,3.888,3.888,3.888,3.888,3.888,54.3,0.0,120.0,40.5
2026-05-08 12:49:08.000000,5/8/2026,20260508_124525_661.txt,54.43,0.56,27.0,42,97.5,97.5,0,PRE-CHARGE,5,3.888,3.888,3.888,3.888,3.888,3.888,3.888,3.888,3.888,3.888,3.888,3.888,3.888,3.888,54.3,0.0,120.0,40.5
2026-05-08 12:49:10.100000,5/8/2026,20260508_124525_661.txt,54.43,0.56,27.0,42,97.5,97.5,0,PRE-CHARGE,5,3.888,3.888,3.888,3.888,3.888,3.888,3.888,3.888,3.888,3.888,3.888,3.888,3.888,3.888,54.3,0.0,120.0,40.5
2026-05-08 12:49:14.400000,5/8/2026,20260508_124912_745.txt,54.43,0.56,27.0,42,97.5,97.5,0,PRE-CHARGE,5,3.888,3.888,3.888,3.888,3.888,3.888,3.888,3.888,3.888,3.888,3.888,3.888,3.888,3.888,54.3,0.0,120.0,40.5
2026-05-08 12:49:16.500000,5/8/2026,20260508_124912_745.txt,54.43,0.56,27.0,42,97.5,97.5,0,PRE-CHARGE,5,3.888,3.888,3.888,3.888,3.888,3.888,3.888,3.888,3.888,3.888,3.888,3.888,3.888,3.888,54.3,0.0,120.0,40.5
2026-05-08 12:49:18.600000,5/8/2026,20260508_124912_745.txt,54.43,0.56,27.0,42,97.5,97.5,0,PRE-CHARGE,5,,,,,3.888,3.888,3.888,3.888,3.888,3.888,3.888,3.888,3.888,3.888,54.3,0.0,120.0,40.5
2026-05-08 12:49:20.700000,5/8/2026,20260508_124912_745.txt,54.43,0.56,27.0,42,97.5,97.5,0,PRE-CHARGE,5,3.888,3.888,3.888,3.888,,,,,3.888,3.888,3.888,3.888,3.888,3.888,54.3,0.0,120.0,40.5
2026-05-08 12:49:25.000000,5/8/2026,20260508_124912_745.txt,54.43,0.56,27.0,42,97.5,97.5,0,PRE-CHARGE,5,3.888,3.888,3.888,3.888,3.888,3.888,3.888,3.888,3.888,3.888,3.888,3.888,3.888,3.888,,,,
2026-05-08 12:49:27.100000,5/8/2026,20260508_124912_745.txt,54.43,0.56,27.0,42,97.5,97.5,0,PRE-CHARGE,5,3.888,3.888,3.888,3.888,3.888,3.888,3.888,3.888,3.888,3.888,3.888,3.888,3.888,3.888,54.3,0.0,120.0,40.5
2026-05-08 12:49:29.200000,5/8/2026,20260508_124912_745.txt,54.43,0.56,27.0,42,97.5,97.5,0,PRE-CHARGE,5,3.888,3.888,3.888,3.888,3.888,3.888,3.888,3.888,3.888,3.888,3.888,3.888,3.888,3.888,54.3,0.0,120.0,40.5
2026-05-08 12:49:31.300000,5/8/2026,20260508_124912_745.txt,54.43,0.54,27.0,42,97.5,97.5,0,PRE-CHARGE,5,3.888,3.888,3.888,3.888,3.888,3.888,3.888,3.888,3.888,3.888,3.888,3.888,3.888,3.888,54.3,0.0,120.0,40.5
2026-05-08 12:49:35.600000,5/8/2026,20260508_124912_745.txt,54.43,0.56,27.0,42,97.5,97.5,0,PRE-CHARGE,5,,,,,3.888,3.888,3.888,3.888,,,,,3.888,3.888,54.3,0.0,120.0,40.5
2026-05-08 12:49:37.800000,5/8/2026,20260508_124912_745.txt,54.43,0.56,,42,97.5,97.5,0,PRE-CHARGE,5,3.888,3.888,3.888,3.888,3.888,3.888,3.888,3.888,3.888,3.888,3.888,3.888,,,54.3,0.0,120.0,40.5
2026-05-08 12:49:39.800000,5/8/2026,20260508_124912_745.txt,54.43,0.56,27.0,42,97.5,97.5,0,PRE-CHARGE,5,3.888,3.888,3.888,3.888,,,,,3.888,3.888,3.888,3.888,,,,,,
2026-05-08 12:49:41.900000,5/8/2026,20260508_124912_745.txt,54.43,0.54,27.0,42,97.5,97.5,0,PRE-CHARGE,5,3.888,3.888,3.888,3.888,3.888,3.888,3.888,3.888,3.888,3.888,3.888,3.888,3.888,3.888,54.3,0.0,120.0,40.5
2026-05-08 12:49:46.200000,5/8/2026,20260508_124912_745.txt,54.43,0.56,27.0,42,97.5,97.5,0,PRE-CHARGE,5,3.888,3.888,3.888,3.888,3.888,3.888,3.888,3.888,3.888,3.888,3.888,3.888,3.888,3.888,54.3,0.0,120.0,40.5
2026-05-08 12:49:48.300000,5/8/2026,20260508_124912_745.txt,54.43,0.56,27.0,42,97.5,97.5,0,PRE-CHARGE,5,3.888,3.888,3.888,3.888,3.888,3.888,3.888,3.888,,,,,3.888,3.888,54.3,0.0,120.0,40.5
2026-05-08 12:49:52.500000,5/8/2026,20260508_124912_745.txt,54.43,0.54,27.0,42,97.5,97.5,0,PRE-CHARGE,5,3.888,3.888,3.888,3.888,3.888,3.888,3.888,3.888,3.888,3.888,3.888,3.888,3.888,3.888,54.3,0.0,120.0,40.5
2026-05-08 12:49:54.700000,5/8/2026,20260508_124912_745.txt,54.43,0.56,27.0,42,97.5,97.5,0,PRE-CHARGE,5,3.888,3.888,3.888,3.888,3.888,3.888,3.888,3.888,3.888,3.888,3.888,3.888,3.888,3.888,54.3,0.0,120.0,40.5
2026-05-08 12:49:58.800000,5/8/2026,20260508_124912_745.txt,54.43,0.54,27.0,42,97.5,97.5,0,PRE-CHARGE,5,3.888,3.888,3.888,3.888,3.888,3.888,3.888,3.888,3.888,3.888,3.888,3.888,3.888,3.888,54.3,0.0,120.0,40.5
2026-05-08 12:50:03.100000,5/8/2026,20260508_124912_745.txt,54.43,0.56,27.0,42,97.5,97.5,0,PRE-CHARGE,5,3.888,3.888,3.888,3.888,3.888,3.888,3.888,3.888,3.888,3.888,3.888,3.888,3.888,3.888,54.3,0.0,120.0,40.5
2026-05-08 12:50:05.200000,5/8/2026,20260508_124912_745.txt,54.43,0.56,27.0,42,97.5,97.5,0,PRE-CHARGE,5,3.888,3.888,3.888,3.888,3.888,3.888,3.888,3.888,3.888,3.888,3.888,3.888,3.888,3.888,54.3,0.0,120.0,40.5
2026-05-08 12:50:11.600000,5/8/2026,20260508_124912_745.txt,54.43,0.54,27.0,42,97.5,97.5,0,PRE-CHARGE,5,3.888,3.888,3.888,3.888,3.888,3.888,3.888,3.888,3.888,3.888,3.888,3.888,3.888,3.888,54.3,0.0,120.0,40.5
2026-05-08 12:50:13.700000,5/8/2026,20260508_124912_745.txt,54.43,0.54,27.0,42,97.5,97.5,0,PRE-CHARGE,5,,,,,3.888,3.888,3.888,3.888,3.888,3.888,3.888,3.888,3.888,3.888,54.3,0.0,120.0,40.5
2026-05-08 12:50:15.800000,5/8/2026,20260508_124912_745.txt,54.43,0.54,27.0,42,97.5,97.5,0,PRE-CHARGE,5,3.888,3.888,3.888,3.888,3.888,3.888,3.888,3.888,3.888,3.888,3.888,3.888,3.888,3.888,54.3,0.0,120.0,40.5
2026-05-08 12:50:17.900000,5/8/2026,20260508_124912_745.txt,54.43,0.54,27.0,42,97.5,97.5,0,PRE-CHARGE,5,3.888,3.888,3.888,3.888,3.888,3.888,3.888,3.888,3.888,3.888,3.888,3.888,3.888,3.888,54.3,0.0,120.0,40.5
2026-05-08 12:50:20.100000,5/8/2026,20260508_124912_745.txt,54.43,0.54,27.0,42,97.5,97.5,0,PRE-CHARGE,5,,,,,3.888,3.888,3.888,3.888,3.888,3.888,3.888,3.888,3.888,3.888,,,,
2026-05-08 12:50:22.200000,5/8/2026,20260508_124912_745.txt,54.43,0.54,27.0,42,97.5,97.5,0,PRE-CHARGE,5,,,,,3.888,3.888,3.888,3.888,3.888,3.888,3.888,3.888,3.888,3.888,54.3,0.0,120.0,40.5
2026-05-08 12:50:24.300000,5/8/2026,20260508_124912_745.txt,54.43,0.54,27.0,42,97.5,97.5,0,PRE-CHARGE,5,3.888,3.888,3.888,3.888,,,,,3.888,3.888,3.888,3.888,3.888,3.888,54.3,0.0,120.0,40.5
2026-05-08 12:50:28.600000,5/8/2026,20260508_124912_745.txt,54.43,0.54,27.0,43,97.5,97.5,0,PRE-CHARGE,5,3.888,3.888,3.888,3.888,3.888,3.888,3.888,3.888,3.888,3.888,3.888,3.888,3.888,3.888,54.3,0.0,120.0,40.5
2026-05-08 12:50:30.600000,5/8/2026,20260508_124912_745.txt,54.43,0.54,27.0,43,97.5,97.5,0,PRE-CHARGE,5,3.888,3.888,3.888,3.888,3.888,3.888,3.888,3.888,3.888,3.888,3.888,3.888,3.888,3.888,54.3,0.0,120.0,40.5
2026-05-08 12:50:32.800000,5/8/2026,20260508_124912_745.txt,54.43,0.54,27.0,43,97.5,97.5,0,PRE-CHARGE,5,,,,,3.888,3.888,3.888,3.888,3.888,3.888,3.888,3.888,3.888,3.888,54.3,0.0,120.0,40.5
2026-05-08 12:50:37.000000,5/8/2026,20260508_124912_745.txt,54.43,0.54,27.0,43,97.5,97.5,0,PRE-CHARGE,5,3.888,3.888,3.888,3.888,3.888,3.888,3.888,3.888,3.888,3.888,3.888,3.888,3.888,3.888,54.3,0.0,120.0,40.5
2026-05-08 12:50:39.100000,5/8/2026,20260508_124912_745.txt,54.43,0.54,27.0,43,97.5,97.5,0,PRE-CHARGE,5,3.888,3.888,3.888,3.888,3.888,3.888,3.888,3.888,3.888,3.888,3.888,3.888,3.888,3.888,54.3,0.0,120.0,40.5
2026-05-08 12:50:41.200000,5/8/2026,20260508_124912_745.txt,54.43,0.54,27.0,43,97.5,97.5,0,PRE-CHARGE,5,3.888,3.888,3.888,3.888,3.888,3.888,3.888,3.888,3.888,3.888,3.888,3.888,3.888,3.888,54.3,0.0,120.0,40.5
2026-05-08 12:50:43.400000,5/8/2026,20260508_124912_745.txt,54.43,0.54,27.0,43,97.5,97.5,0,PRE-CHARGE,5,3.888,3.888,3.888,3.888,3.888,3.888,3.888,3.888,,,,,3.888,3.888,54.3,0.0,120.0,40.5
2026-05-08 12:50:45.500000,5/8/2026,20260508_124912_745.txt,54.43,0.54,27.0,43,97.5,97.5,0,PRE-CHARGE,5,3.888,3.888,3.888,3.888,3.888,3.888,3.888,3.888,3.888,3.888,3.888,3.888,3.888,3.888,54.3,0.0,120.0,40.5
2026-05-08 12:50:52.000000,5/8/2026,20260508_124912_745.txt,54.43,0.54,27.0,43,97.5,97.5,0,PRE-CHARGE,5,3.888,3.888,3.888,3.888,3.888,3.888,3.888,3.888,3.888,3.888,3.888,3.888,3.888,3.888,54.3,0.0,120.0,40.5
2026-05-08 12:50:56.000000,5/8/2026,20260508_124912_745.txt,54.43,0.54,27.0,43,97.5,97.5,0,PRE-CHARGE,5,3.888,3.888,3.888,3.888,3.888,3.888,3.888,3.888,3.888,3.888,3.888,3.888,3.888,3.888,54.3,0.0,120.0,40.5
2026-05-08 12:50:58.200000,5/8/2026,20260508_124912_745.txt,54.43,0.54,27.0,43,97.5,97.5,0,PRE-CHARGE,5,3.888,3.888,3.888,3.888,3.888,3.888,3.888,3.888,3.888,3.888,3.888,3.888,3.888,3.888,54.3,0.0,120.0,40.5
2026-05-08 12:51:00.300000,5/8/2026,20260508_124912_745.txt,54.43,0.54,27.0,43,97.5,97.5,0,PRE-CHARGE,5,3.888,3.888,3.888,3.888,3.888,3.888,3.888,3.888,3.888,3.888,3.888,3.888,,,54.3,0.0,120.0,40.5
2026-05-08 12:51:02.400000,5/8/2026,20260508_124912_745.txt,54.43,0.54,27.0,43,97.5,97.5,0,PRE-CHARGE,5,,,,,3.888,3.888,3.888,3.888,,,,,,,54.3,0.0,120.0,40.5
2026-05-08 12:51:04.500000,5/8/2026,20260508_124912_745.txt,54.43,0.54,27.0,43,97.5,97.5,0,PRE-CHARGE,5,3.888,3.888,3.888,3.888,3.888,3.888,3.888,3.888,3.888,3.888,3.888,3.888,3.888,3.888,54.3,0.0,120.0,40.5
2026-05-08 12:51:06.700000,5/8/2026,20260508_124912_745.txt,54.43,0.54,27.0,43,97.5,97.5,0,PRE-CHARGE,5,3.888,3.888,3.888,3.888,3.888,3.888,3.888,3.888,3.888,3.888,3.888,3.888,3.888,3.888,,,,
2026-05-08 12:51:08.800000,5/8/2026,20260508_124912_745.txt,54.43,0.54,27.0,43,97.5,97.5,0,PRE-CHARGE,5,3.888,3.888,3.888,3.888,3.888,3.888,3.888,3.888,3.888,3.888,3.888,3.888,3.888,3.888,54.3,0.0,120.0,40.5
2026-05-08 12:51:10.900000,5/8/2026,20260508_124912_745.txt,54.43,0.54,27.0,43,97.5,97.5,0,PRE-CHARGE,5,3.888,3.888,3.888,3.888,,,,,3.888,3.888,3.888,3.888,3.888,3.888,54.3,0.0,120.0,40.5
2026-05-08 12:51:15.100000,5/8/2026,20260508_124912_745.txt,54.43,0.54,27.0,43,97.5,97.5,0,PRE-CHARGE,5,3.888,3.888,3.888,3.888,3.888,3.888,3.888,3.888,3.888,3.888,3.888,3.888,3.888,3.888,54.3,0.0,120.0,40.5
2026-05-08 12:51:17.300000,5/8/2026,20260508_124912_745.txt,54.43,0.56,27.0,43,97.5,97.5,0,PRE-CHARGE,5,3.888,3.888,3.888,3.888,3.888,3.888,3.888,3.888,3.888,3.888,3.888,3.888,3.888,3.888,54.3,0.0,120.0,40.5
2026-05-08 12:51:23.600000,5/8/2026,20260508_124912_745.txt,54.43,0.56,27.0,43,97.5,97.5,0,PRE-CHARGE,5,3.888,3.888,3.888,3.888,3.888,3.888,3.888,3.888,3.888,3.888,3.888,3.888,3.888,3.888,54.3,0.0,120.0,40.5
2026-05-08 12:51:25.800000,5/8/2026,20260508_124912_745.txt,54.43,0.54,27.0,43,97.5,97.5,0,PRE-CHARGE,5,3.888,3.888,3.888,3.888,3.888,3.888,3.888,3.888,3.888,3.888,3.888,3.888,3.888,3.888,54.3,0.0,120.0,40.5
2026-05-08 12:51:27.800000,5/8/2026,20260508_124912_745.txt,54.43,0.56,27.0,43,97.5,97.5,0,PRE-CHARGE,5,,,,,3.888,3.888,3.888,3.888,3.888,3.888,3.888,3.888,3.888,3.888,54.3,0.0,120.0,40.5
2026-05-08 12:51:30.000000,5/8/2026,20260508_124912_745.txt,54.43,0.56,27.0,43,97.5,97.5,0,PRE-CHARGE,5,3.888,3.888,3.888,3.888,3.888,3.888,3.888,3.888,3.888,3.888,3.888,3.888,3.888,3.888,54.3,0.0,120.0,40.5
2026-05-08 12:51:32.100000,5/8/2026,20260508_124912_745.txt,54.43,0.54,27.0,43,97.5,97.5,0,PRE-CHARGE,5,3.888,3.888,3.888,3.888,3.888,3.888,3.888,3.888,3.888,3.888,3.888,3.888,3.888,3.888,54.3,0.0,120.0,40.5
2026-05-08 12:51:34.200000,5/8/2026,20260508_124912_745.txt,54.43,0.54,27.0,43,97.5,97.5,0,PRE-CHARGE,5,3.888,3.888,3.888,3.888,3.888,3.888,3.888,3.888,3.888,3.888,3.888,3.888,3.888,3.888,,,,
2026-05-08 12:51:38.400000,5/8/2026,20260508_124912_745.txt,54.43,0.54,27.0,43,97.5,97.5,0,PRE-CHARGE,5,3.888,3.888,3.888,3.888,3.888,3.888,3.888,3.888,3.888,3.888,3.888,3.888,3.888,3.888,54.3,0.0,120.0,40.5
2026-05-08 12:51:40.600000,5/8/2026,20260508_124912_745.txt,54.43,0.54,27.0,43,97.5,97.5,0,PRE-CHARGE,5,3.888,3.888,3.888,3.888,3.888,3.888,3.888,3.888,3.888,3.888,3.888,3.888,3.888,3.888,54.3,0.0,120.0,40.5
2026-05-08 12:51:44.800000,5/8/2026,20260508_124912_745.txt,54.43,0.54,27.0,43,97.5,97.5,0,PRE-CHARGE,5,3.888,3.888,3.888,3.888,3.888,3.888,3.888,3.888,3.888,3.888,3.888,3.888,3.888,3.888,54.3,0.0,120.0,40.5
2026-05-08 12:51:49.100000,5/8/2026,20260508_124912_745.txt,54.43,0.54,27.0,43,97.5,97.5,0,PRE-CHARGE,5,3.888,3.888,3.888,3.888,3.888,3.888,3.888,3.888,3.888,3.888,3.888,3.888,3.888,3.888,54.3,0.0,120.0,40.5
2026-05-08 12:51:51.100000,5/8/2026,20260508_124912_745.txt,54.43,0.54,27.0,43,97.5,97.5,0,PRE-CHARGE,5,3.888,3.888,3.888,3.888,3.888,3.888,3.888,3.888,3.888,3.888,3.888,3.888,3.888,3.888,54.3,0.0,120.0,40.5
2026-05-08 12:51:53.200000,5/8/2026,20260508_124912_745.txt,54.43,0.54,27.0,43,97.5,97.5,0,PRE-CHARGE,5,,,,,3.888,3.888,3.888,3.888,3.888,3.888,3.888,3.888,3.888,3.888,54.3,0.0,120.0,40.5
2026-05-08 12:51:57.500000,5/8/2026,20260508_124912_745.txt,54.43,0.54,27.0,43,97.5,97.5,0,PRE-CHARGE,5,3.888,3.888,3.888,3.888,3.888,3.888,3.888,3.888,3.888,3.888,3.888,3.888,3.888,3.888,54.3,0.0,120.0,40.5
2026-05-08 12:51:59.800000,5/8/2026,20260508_124912_745.txt,54.43,0.54,,43,97.5,97.5,0,PRE-CHARGE,5,3.888,3.888,3.888,3.888,3.888,3.888,3.888,3.888,,,,,3.888,3.888,,,,
2026-05-08 12:52:01.700000,5/8/2026,20260508_124912_745.txt,54.43,0.54,27.0,43,97.5,97.5,0,PRE-CHARGE,5,3.888,3.888,3.888,3.888,3.888,3.888,3.888,3.888,3.888,3.888,3.888,3.888,3.888,3.888,54.3,0.0,120.0,40.5
2026-05-08 12:52:06.000000,5/8/2026,20260508_124912_745.txt,54.43,0.54,27.0,43,97.5,97.5,0,PRE-CHARGE,5,3.888,3.888,3.888,3.888,3.888,3.888,3.888,3.888,3.888,3.888,3.888,3.888,3.888,3.888,54.3,0.0,120.0,40.5
2026-05-08 12:52:08.300000,5/8/2026,20260508_124912_745.txt,54.43,0.54,,43,97.5,97.5,0,PRE-CHARGE,5,3.888,3.888,3.888,3.888,3.888,3.888,3.888,3.888,3.888,3.888,3.888,3.888,,,54.3,0.0,120.0,40.5
2026-05-08 12:52:10.200000,5/8/2026,20260508_124912_745.txt,54.43,0.54,27.0,43,97.5,97.5,0,PRE-CHARGE,5,,,,,3.888,3.888,3.888,3.888,3.888,3.888,3.888,3.888,3.888,3.888,54.3,0.0,120.0,40.5
2026-05-08 12:52:12.300000,5/8/2026,20260508_124912_745.txt,54.43,0.54,27.0,43,97.5,97.5,0,PRE-CHARGE,5,3.888,3.888,3.888,3.888,3.888,3.888,3.888,3.888,3.888,3.888,3.888,3.888,3.888,3.888,54.3,0.0,120.0,40.5
2026-05-08 12:52:23.000000,5/8/2026,20260508_125218_516.txt,54.43,0.54,27.0,43,97.5,97.5,0,PRE-CHARGE,5,3.888,3.888,3.888,3.888,3.888,3.888,3.888,3.888,3.888,3.888,3.888,3.888,3.888,3.888,54.3,0.0,120.0,40.5
2026-05-08 12:52:25.100000,5/8/2026,20260508_125218_516.txt,54.43,0.54,27.0,43,97.5,97.5,0,PRE-CHARGE,5,3.888,3.888,3.888,3.888,3.888,3.888,3.888,3.888,3.888,3.888,3.888,3.888,3.888,3.888,54.3,0.0,120.0,40.5
2026-05-08 12:52:27.200000,5/8/2026,20260508_125218_516.txt,54.43,0.54,27.0,43,97.5,97.5,0,PRE-CHARGE,5,,,,,,,,,,,,,3.888,3.888,,,,
2026-05-08 12:52:29.300000,5/8/2026,20260508_125218_516.txt,54.43,0.54,27.0,43,97.5,97.5,0,PRE-CHARGE,5,,,,,3.888,3.888,3.888,3.888,3.888,3.888,3.888,3.888,3.888,3.888,54.3,0.0,120.0,40.5
2026-05-08 12:52:31.400000,5/8/2026,20260508_125218_516.txt,54.43,0.54,27.0,43,97.5,97.5,0,PRE-CHARGE,5,3.888,3.888,3.888,3.888,3.888,3.888,3.888,3.888,3.888,3.888,3.888,3.888,3.888,3.888,54.3,0.0,120.0,40.5
2026-05-08 12:52:33.600000,5/8/2026,20260508_125218_516.txt,54.43,0.54,27.0,43,97.5,97.5,0,PRE-CHARGE,5,3.888,3.888,3.888,3.888,3.888,3.888,3.888,3.888,3.888,3.888,3.888,3.888,3.888,3.888,54.3,0.0,120.0,40.5
2026-05-08 12:52:35.700000,5/8/2026,20260508_125218_516.txt,54.43,0.54,27.0,43,97.5,97.5,0,PRE-CHARGE,5,3.888,3.888,3.888,3.888,3.888,3.888,3.888,3.888,3.888,3.888,3.888,3.888,3.888,3.888,54.3,0.0,120.0,40.5
2026-05-08 12:52:37.800000,5/8/2026,20260508_125218_516.txt,54.43,0.54,27.0,43,97.5,97.5,0,PRE-CHARGE,5,3.888,3.888,3.888,3.888,3.888,3.888,3.888,3.888,3.888,3.888,3.888,3.888,3.888,3.888,54.3,0.0,120.0,40.5
2026-05-08 12:52:39.900000,5/8/2026,20260508_125218_516.txt,54.43,0.54,27.0,43,97.5,97.5,0,PRE-CHARGE,5,3.888,3.888,3.888,3.888,3.888,3.888,3.888,3.888,3.888,3.888,3.888,3.888,3.888,3.888,54.3,0.0,120.0,40.5
2026-05-08 12:52:42.100000,5/8/2026,20260508_125218_516.txt,54.43,0.54,27.0,43,97.5,97.5,0,PRE-CHARGE,5,3.888,3.888,3.888,3.888,3.888,3.888,3.888,3.888,3.888,3.888,3.888,3.888,3.888,3.888,54.3,0.0,120.0,40.5
2026-05-08 12:52:44.200000,5/8/2026,20260508_125218_516.txt,54.43,0.54,27.0,43,97.5,97.5,0,PRE-CHARGE,5,3.888,3.888,3.888,3.888,3.888,3.888,3.888,3.888,3.888,3.888,3.888,3.888,3.888,3.888,54.3,0.0,120.0,40.5
2026-05-08 12:52:46.300000,5/8/2026,20260508_125218_516.txt,54.43,0.54,27.0,43,97.5,97.5,0,PRE-CHARGE,5,3.888,3.888,3.888,3.888,3.888,3.888,3.888,3.888,3.888,3.888,3.888,3.888,3.888,3.888,54.3,0.0,120.0,40.5
2026-05-08 12:52:48.400000,5/8/2026,20260508_125218_516.txt,54.43,0.54,27.0,43,97.5,97.5,0,PRE-CHARGE,5,3.888,3.888,3.888,3.888,3.888,3.888,3.888,3.888,3.888,3.888,3.888,3.888,3.888,3.888,54.3,0.0,120.0,40.5
2026-05-08 12:52:50.500000,5/8/2026,20260508_125218_516.txt,54.43,0.54,27.0,44,97.5,97.5,0,PRE-CHARGE,5,3.888,3.888,3.888,3.888,3.888,3.888,3.888,3.888,3.888,3.888,3.888,3.888,3.888,3.888,54.3,0.0,120.0,40.5
2026-05-08 12:52:54.700000,5/8/2026,20260508_125218_516.txt,54.43,0.54,27.0,44,97.5,97.5,0,PRE-CHARGE,5,3.888,3.888,3.888,3.888,3.888,3.888,3.888,3.888,3.888,3.888,3.888,3.888,3.888,3.888,54.3,0.0,120.0,40.5
2026-05-08 12:52:59.000000,5/8/2026,20260508_125218_516.txt,54.43,0.54,27.0,44,97.5,97.5,0,PRE-CHARGE,5,3.888,3.888,3.888,3.888,3.888,3.888,3.888,3.888,3.888,3.888,3.888,3.888,3.888,3.888,54.3,0.0,120.0,40.5
2026-05-08 12:53:01.100000,5/8/2026,20260508_125218_516.txt,54.43,0.54,27.0,44,97.5,97.5,0,PRE-CHARGE,5,3.888,3.888,3.888,3.888,3.888,3.888,3.888,3.888,3.888,3.888,3.888,3.888,3.888,3.888,54.3,0.0,120.0,40.5
2026-05-08 12:53:07.500000,5/8/2026,20260508_125218_516.txt,54.43,0.54,27.0,44,97.5,97.5,0,PRE-CHARGE,5,3.888,3.888,3.888,3.888,3.888,3.888,3.888,3.888,3.888,3.888,3.888,3.888,3.888,3.888,54.3,0.0,120.0,40.5
2026-05-08 12:53:11.900000,5/8/2026,20260508_125218_516.txt,54.43,0.54,27.0,44,97.5,97.5,0,PRE-CHARGE,5,3.888,3.888,3.888,3.888,3.888,3.888,3.888,3.888,3.888,3.888,3.888,3.888,3.888,3.888,54.3,0.0,120.0,40.5
2026-05-08 12:53:13.800000,5/8/2026,20260508_125218_516.txt,54.43,0.54,27.0,44,97.5,97.5,0,PRE-CHARGE,5,3.888,3.888,3.888,3.888,3.888,3.888,3.888,3.888,3.888,3.888,3.888,3.888,3.888,3.888,54.3,0.0,120.0,40.5
2026-05-08 12:53:16.100000,5/8/2026,20260508_125218_516.txt,54.43,0.54,,44,97.5,97.5,0,PRE-CHARGE,5,3.888,3.888,3.888,3.888,3.888,3.888,3.888,3.888,3.888,3.888,3.888,3.888,3.888,3.888,,,,
2026-05-08 12:53:18.100000,5/8/2026,20260508_125218_516.txt,54.43,0.54,27.0,44,97.5,97.5,0,PRE-CHARGE,5,3.888,3.888,3.888,3.888,3.888,3.888,3.888,3.888,3.888,3.888,3.888,3.888,3.888,3.888,54.3,0.0,120.0,40.5
2026-05-08 12:53:20.200000,5/8/2026,20260508_125218_516.txt,54.43,0.54,28.0,44,97.5,97.5,0,PRE-CHARGE,5,3.888,3.888,3.888,3.888,3.888,3.888,3.888,3.888,3.888,3.888,3.888,3.888,3.888,3.888,54.3,0.0,120.0,40.5
2026-05-08 12:53:24.500000,5/8/2026,20260508_125218_516.txt,54.43,0.56,27.0,44,97.5,97.5,0,PRE-CHARGE,5,3.888,3.888,3.888,3.888,3.888,3.888,3.888,3.888,3.888,3.888,3.888,3.888,3.888,3.888,54.3,0.0,120.0,40.5
2026-05-08 12:53:30.800000,5/8/2026,20260508_125218_516.txt,54.43,0.54,28.0,44,97.5,97.5,0,PRE-CHARGE,5,3.888,3.888,3.888,3.888,3.888,3.888,3.888,3.888,3.888,3.888,3.888,3.888,3.888,3.888,54.3,0.0,120.0,40.5
2026-05-08 12:53:32.900000,5/8/2026,20260508_125218_516.txt,54.43,0.54,28.0,44,97.5,97.5,0,PRE-CHARGE,5,3.888,3.888,3.888,3.888,3.888,3.888,3.888,3.888,3.888,3.888,3.888,3.888,3.888,3.888,54.3,0.0,120.0,40.5
2026-05-08 12:53:35.000000,5/8/2026,20260508_125218_516.txt,54.43,0.54,28.0,44,97.5,97.5,0,PRE-CHARGE,5,3.888,3.888,3.888,3.888,,,,,3.888,3.888,3.888,3.888,3.888,3.888,54.3,0.0,120.0,40.5
2026-05-08 12:53:37.100000,5/8/2026,20260508_125218_516.txt,54.43,0.54,28.0,44,97.5,97.5,0,PRE-CHARGE,5,3.888,3.888,3.888,3.888,3.888,3.888,3.888,3.888,3.888,3.888,3.888,3.888,3.888,3.888,54.3,0.0,120.0,40.5
2026-05-08 12:53:39.300000,5/8/2026,20260508_125218_516.txt,54.43,0.54,27.0,44,97.5,97.5,0,PRE-CHARGE,5,3.888,3.888,3.888,3.888,3.888,3.888,3.888,3.888,3.888,3.888,3.888,3.888,3.888,3.888,,,,
2026-05-08 12:53:41.400000,5/8/2026,20260508_125218_516.txt,54.43,0.54,27.0,44,97.5,97.5,0,PRE-CHARGE,5,3.888,3.888,3.888,3.888,3.888,3.888,3.888,3.888,3.888,3.888,3.888,3.888,,,54.3,0.0,120.0,40.5
2026-05-08 12:53:47.700000,5/8/2026,20260508_125218_516.txt,54.43,0.54,28.0,44,97.5,97.5,0,PRE-CHARGE,5,3.888,3.888,3.888,3.888,3.888,3.888,3.888,3.888,3.888,3.888,3.888,3.888,3.888,3.888,54.3,0.0,120.0,40.5
2026-05-08 12:53:49.900000,5/8/2026,20260508_125218_516.txt,54.43,0.54,28.0,44,97.5,97.5,0,PRE-CHARGE,5,3.888,3.888,3.888,3.888,3.888,3.888,3.888,3.888,3.888,3.888,3.888,3.888,3.888,3.888,54.3,0.0,120.0,40.5
2026-05-08 12:53:51.900000,5/8/2026,20260508_125218_516.txt,54.43,0.54,28.0,44,97.5,97.5,0,PRE-CHARGE,5,3.888,3.888,3.888,3.888,3.888,3.888,3.888,3.888,3.888,3.888,3.888,3.888,3.888,3.888,54.3,0.0,120.0,40.5
2026-05-08 12:53:54.100000,5/8/2026,20260508_125218_516.txt,54.43,0.54,28.0,44,97.5,97.5,0,PRE-CHARGE,5,3.888,3.888,3.888,3.888,3.888,3.888,3.888,3.888,3.888,3.888,3.888,3.888,3.888,3.888,,,,
2026-05-08 12:53:56.200000,5/8/2026,20260508_125218_516.txt,54.43,0.54,28.0,44,97.5,97.5,0,PRE-CHARGE,5,3.888,3.888,3.888,3.888,3.888,3.888,3.888,3.888,3.888,3.888,3.888,3.888,3.888,3.888,54.3,0.0,120.0,40.5
2026-05-08 12:53:58.400000,5/8/2026,20260508_125218_516.txt,54.43,0.54,28.0,44,97.5,97.5,0,PRE-CHARGE,5,,,,,3.888,3.888,3.888,3.888,3.888,3.888,3.888,3.888,3.888,3.888,54.3,0.0,120.0,40.5
2026-05-08 12:54:00.400000,5/8/2026,20260508_125218_516.txt,54.43,0.54,28.0,44,97.5,97.5,0,PRE-CHARGE,5,3.888,3.888,3.888,3.888,3.888,3.888,3.888,3.888,3.888,3.888,3.888,3.888,3.888,3.888,,,,
2026-05-08 12:54:02.600000,5/8/2026,20260508_125218_516.txt,54.43,0.54,28.0,44,97.5,97.5,0,PRE-CHARGE,5,3.888,3.888,3.888,3.888,3.888,3.888,3.888,3.888,3.888,3.888,3.888,3.888,3.888,3.888,54.3,0.0,120.0,40.5
2026-05-08 12:54:06.800000,5/8/2026,20260508_125218_516.txt,54.43,0.54,28.0,44,97.5,97.5,0,PRE-CHARGE,5,,,,,3.888,3.888,3.888,3.888,3.888,3.888,3.888,3.888,3.888,3.888,54.3,0.0,120.0,40.5
2026-05-08 12:54:11.000000,5/8/2026,20260508_125218_516.txt,54.43,0.54,28.0,44,97.5,97.5,0,PRE-CHARGE,5,3.888,3.888,3.888,3.888,3.888,3.888,3.888,3.888,3.888,3.888,3.888,3.888,3.888,3.888,54.3,0.0,120.0,40.5
2026-05-08 12:54:15.300000,5/8/2026,20260508_125218_516.txt,54.43,0.54,28.0,44,97.5,97.5,0,PRE-CHARGE,5,3.888,3.888,3.888,3.888,3.888,3.888,3.888,3.888,3.888,3.888,3.888,3.888,3.888,3.888,54.3,0.0,120.0,40.5
2026-05-08 12:54:19.500000,5/8/2026,20260508_125218_516.txt,54.43,0.54,28.0,44,97.5,97.5,0,PRE-CHARGE,5,3.888,3.888,3.888,3.888,3.888,3.888,3.888,3.888,3.888,3.888,3.888,3.888,3.888,3.888,54.3,0.0,120.0,40.5
2026-05-08 12:54:21.700000,5/8/2026,20260508_125218_516.txt,54.43,0.54,28.0,44,97.5,97.5,0,PRE-CHARGE,5,3.888,3.888,3.888,3.888,3.888,3.888,3.888,3.888,3.888,3.888,3.888,3.888,,,54.3,0.0,120.0,40.5
2026-05-08 12:54:23.700000,5/8/2026,20260508_125218_516.txt,54.43,0.54,28.0,44,97.5,97.5,0,PRE-CHARGE,5,3.888,3.888,3.888,3.888,3.888,3.888,3.888,3.888,3.888,3.888,3.888,3.888,3.888,3.888,,,,
2026-05-08 12:54:28.000000,5/8/2026,20260508_125218_516.txt,54.43,0.54,28.0,44,97.5,97.5,0,PRE-CHARGE,5,3.888,3.888,3.888,3.888,3.888,3.888,3.888,3.888,3.888,3.888,3.888,3.888,3.888,3.888,54.3,0.0,120.0,40.5
2026-05-08 12:54:32.200000,5/8/2026,20260508_125218_516.txt,54.43,0.54,28.0,44,97.5,97.5,0,PRE-CHARGE,5,3.888,3.888,3.888,3.888,3.888,3.888,3.888,3.888,3.888,3.888,3.888,3.888,3.888,3.888,54.3,0.0,120.0,40.5
2026-05-08 12:54:34.300000,5/8/2026,20260508_125218_516.txt,54.43,0.54,28.0,44,97.5,97.5,0,PRE-CHARGE,5,3.888,3.888,3.888,3.888,3.888,3.888,3.888,3.888,3.888,3.888,3.888,3.888,3.888,3.888,54.3,0.0,120.0,40.5
2026-05-08 12:54:36.600000,5/8/2026,20260508_125218_516.txt,54.43,0.54,28.0,44,97.5,97.5,0,PRE-CHARGE,5,3.888,3.888,3.888,3.888,3.888,3.888,3.888,3.888,3.888,3.888,3.888,3.888,3.888,3.888,54.3,0.0,120.0,40.5
2026-05-08 12:54:40.700000,5/8/2026,20260508_125218_516.txt,54.43,0.54,28.0,44,97.5,97.5,0,PRE-CHARGE,5,3.888,3.888,3.888,3.888,3.888,3.888,3.888,3.888,3.888,3.888,3.888,3.888,3.888,3.888,54.3,0.0,120.0,40.5
2026-05-08 12:54:42.800000,5/8/2026,20260508_125218_516.txt,54.43,0.54,28.0,44,97.5,97.5,0,PRE-CHARGE,5,3.888,3.888,3.888,3.888,3.888,3.888,3.888,3.888,3.888,3.888,3.888,3.888,3.888,3.888,54.3,0.0,120.0,40.5
2026-05-08 12:54:44.900000,5/8/2026,20260508_125218_516.txt,54.43,0.54,28.0,44,97.5,97.5,0,PRE-CHARGE,5,,,,,3.888,3.888,3.888,3.888,3.888,3.888,3.888,3.888,3.888,3.888,54.3,0.0,120.0,40.5
2026-05-08 12:54:47.100000,5/8/2026,20260508_125218_516.txt,54.43,0.54,28.0,44,97.5,97.5,0,PRE-CHARGE,5,3.888,3.888,3.888,3.888,3.888,3.888,3.888,3.888,3.888,3.888,3.888,3.888,3.888,3.888,54.3,0.0,120.0,40.5
2026-05-08 12:54:49.100000,5/8/2026,20260508_125218_516.txt,54.43,0.54,28.0,44,97.5,97.5,0,PRE-CHARGE,5,3.888,3.888,3.888,3.888,3.888,3.888,3.888,3.888,3.888,3.888,3.888,3.888,3.888,3.888,,,,
2026-05-08 12:54:55.600000,5/8/2026,20260508_125218_516.txt,54.43,0.54,28.0,44,97.5,97.5,0,PRE-CHARGE,5,3.888,3.888,3.888,3.888,3.888,3.888,3.888,3.888,3.888,3.888,3.888,3.888,3.888,3.888,54.3,0.0,120.0,40.5
2026-05-08 12:54:57.600000,5/8/2026,20260508_125218_516.txt,54.43,0.54,28.0,44,97.5,97.5,0,PRE-CHARGE,5,3.888,3.888,3.888,3.888,3.888,3.888,3.888,3.888,3.888,3.888,3.888,3.888,3.888,3.888,54.3,0.0,120.0,40.5
2026-05-08 12:54:59.800000,5/8/2026,20260508_125218_516.txt,54.43,0.54,28.0,44,97.5,97.5,0,PRE-CHARGE,5,3.888,3.888,3.888,3.888,3.888,3.888,3.888,3.888,3.888,3.888,3.888,3.888,3.888,3.888,54.3,0.0,120.0,40.5
2026-05-08 12:55:01.900000,5/8/2026,20260508_125218_516.txt,54.43,0.54,28.0,44,97.5,97.5,0,PRE-CHARGE,5,3.888,3.888,3.888,3.888,3.888,3.888,3.888,3.888,3.888,3.888,3.888,3.888,3.888,3.888,54.3,0.0,120.0,40.5
2026-05-08 12:55:04.000000,5/8/2026,20260508_125218_516.txt,54.43,0.54,28.0,45,97.5,97.5,0,PRE-CHARGE,5,,,,,3.888,3.888,3.888,3.888,3.888,3.888,3.888,3.888,3.888,3.888,54.3,0.0,120.0,40.5
2026-05-08 12:55:06.100000,5/8/2026,20260508_125218_516.txt,54.43,0.54,28.0,45,97.5,97.5,0,PRE-CHARGE,5,3.888,3.888,3.888,3.888,3.888,3.888,3.888,3.888,3.888,3.888,3.888,3.888,3.888,3.888,54.3,0.0,120.0,40.5
2026-05-08 12:55:10.400000,5/8/2026,20260508_125218_516.txt,54.43,0.54,28.0,45,97.5,97.5,0,PRE-CHARGE,5,3.888,3.888,3.888,3.888,3.888,3.888,3.888,3.888,3.888,3.888,3.888,3.888,3.888,3.888,54.3,0.0,120.0,40.5
2026-05-08 12:55:12.500000,5/8/2026,20260508_125218_516.txt,54.43,0.54,28.0,45,97.5,97.5,0,PRE-CHARGE,5,3.888,3.888,3.888,3.888,,,,,3.888,3.888,3.888,3.888,3.888,3.888,54.3,0.0,120.0,40.5
2026-05-08 12:55:16.700000,5/8/2026,20260508_125218_516.txt,54.43,0.54,28.0,45,97.5,97.5,0,PRE-CHARGE,5,3.888,3.888,3.888,3.888,3.888,3.888,3.888,3.888,3.888,3.888,3.888,3.888,3.888,3.888,54.3,0.0,120.0,40.5
2026-05-08 12:55:21.000000,5/8/2026,20260508_125519_418.txt,54.43,0.54,28.0,45,97.5,97.5,0,PRE-CHARGE,5,3.888,3.888,3.888,3.888,3.888,3.888,3.888,3.888,3.888,3.888,3.888,3.888,3.888,3.888,54.3,0.0,120.0,40.5
2026-05-08 12:55:23.000000,5/8/2026,20260508_125519_418.txt,54.43,0.54,28.0,45,97.5,97.5,0,PRE-CHARGE,5,,,,,3.888,3.888,3.888,3.888,3.888,3.888,3.888,3.888,3.888,3.888,54.3,0.0,120.0,40.5
2026-05-08 12:55:25.200000,5/8/2026,20260508_125519_418.txt,54.43,0.54,28.0,45,97.5,97.5,0,PRE-CHARGE,5,3.888,3.888,3.888,3.888,3.888,3.888,3.888,3.888,3.888,3.888,3.888,3.888,,,,,,
2026-05-08 14:09:46.400000,5/8/2026,20260508_140943_747.txt,54.28,0.52,28.0,45,98.0,97.5,0,PRE-CHARGE,4,,,,,3.879,3.875,3.879,3.875,3.879,3.875,3.879,3.875,3.879,3.875,54.3,0.0,120.0,40.5
2026-05-08 14:09:48.400000,5/8/2026,20260508_140943_747.txt,54.28,0.52,30.0,45,98.0,97.5,0,PRE-CHARGE,4,3.878,3.878,3.879,3.875,3.879,3.875,3.879,3.875,3.879,3.875,3.879,3.875,3.879,3.875,54.3,0.0,120.0,40.5
2026-05-08 14:09:50.500000,5/8/2026,20260508_140943_747.txt,54.29,0.52,30.0,45,98.0,97.5,0,PRE-CHARGE,4,3.878,3.878,3.879,3.875,3.879,3.875,3.879,3.875,3.879,3.875,3.879,3.878,3.879,3.875,54.3,0.0,120.0,40.5
2026-05-08 14:09:58.900000,5/8/2026,20260508_140943_747.txt,54.29,0.52,30.0,45,98.0,97.5,0,PRE-CHARGE,4,3.878,3.878,3.879,3.875,3.879,3.875,3.879,3.875,3.879,3.875,3.879,3.878,3.879,3.878,54.3,0.0,120.0,40.5
2026-05-08 14:10:01.100000,5/8/2026,20260508_140943_747.txt,54.29,0.52,30.0,45,98.0,97.5,0,PRE-CHARGE,4,,,,,3.879,3.875,3.879,3.875,3.879,3.875,3.879,3.878,3.879,3.875,,,,
2026-05-08 14:10:03.200000,5/8/2026,20260508_140943_747.txt,54.29,0.64,30.0,45,98.0,97.5,0,PRE-CHARGE,4,3.878,3.878,3.879,3.875,,,,,3.879,3.875,3.879,3.878,3.879,3.875,,,,
2026-05-08 14:10:05.500000,5/8/2026,20260508_140943_747.txt,54.29,0.52,30.0,45,98.0,97.5,0,PRE-CHARGE,4,3.878,3.878,3.879,3.875,3.879,3.875,3.879,3.875,3.879,3.875,3.879,3.878,3.879,3.878,54.3,0.0,120.0,40.5
2026-05-08 14:10:09.500000,5/8/2026,20260508_140943_747.txt,54.29,0.52,30.0,46,98.0,97.5,0,PRE-CHARGE,4,,,,,3.879,3.875,3.879,3.875,3.879,3.875,3.879,3.878,,,54.3,0.0,120.0,40.5
2026-05-08 14:10:13.800000,5/8/2026,20260508_140943_747.txt,54.26,0.58,30.0,46,98.0,97.5,0,PRE-CHARGE,4,3.866,3.866,3.864,3.866,3.867,3.866,3.867,3.866,3.867,3.866,3.867,3.866,3.867,3.866,54.3,0.0,120.0,40.5
2026-05-08 14:10:16.000000,5/8/2026,20260508_140943_747.txt,53.99,8.88,30.0,46,98.0,97.5,0,PRE-CHARGE,4,3.86,3.857,3.852,3.857,3.855,3.857,3.855,3.857,3.858,3.857,3.855,3.857,,,,,,
2026-05-08 14:10:18.100000,5/8/2026,20260508_140943_747.txt,53.68,19.08,30.0,46,98.0,97.5,0,PRE-CHARGE,4,3.839,3.833,3.819,3.839,3.813,3.819,3.809,3.819,3.819,3.822,3.809,3.822,,,54.3,0.0,120.0,40.5
2026-05-08 14:10:20.200000,5/8/2026,20260508_140943_747.txt,53.17,37.24,30.0,46,98.0,97.5,0,PRE-CHARGE,4,3.809,3.794,3.774,3.806,3.792,3.8,3.792,3.803,3.801,3.803,3.789,3.803,3.798,3.803,54.3,0.0,120.0,40.5
2026-05-08 14:10:22.400000,5/8/2026,20260508_140943_747.txt,52.92,46.56,30.0,46,98.0,97.5,0,PRE-CHARGE,4,3.794,3.779,3.75,3.788,3.774,3.782,3.774,3.786,3.813,3.815,3.807,3.819,3.815,3.819,54.3,0.0,120.0,40.5
2026-05-08 14:10:24.500000,5/8/2026,20260508_140943_747.txt,53.34,41.8,30.0,46,98.0,97.5,0,PRE-CHARGE,4,3.815,3.806,3.786,3.812,3.801,3.809,3.801,3.812,3.809,3.812,3.801,3.815,3.809,3.812,54.3,0.0,120.0,40.5
2026-05-08 14:10:26.600000,5/8/2026,20260508_140943_747.txt,53.39,29.5,30.0,46,98.0,97.5,0,PRE-CHARGE,4,3.822,3.812,3.795,3.819,3.809,3.815,3.809,3.819,3.815,3.819,3.807,3.819,3.879,3.875,54.3,0.0,120.0,40.5
2026-05-08 14:10:33.000000,5/8/2026,20260508_140943_747.txt,53.67,14.22,30.0,46,98.0,97.5,0,PRE-CHARGE,4,3.855,3.851,3.846,3.851,3.852,3.851,3.848,3.851,3.858,3.857,3.858,3.857,3.852,3.851,54.3,0.0,120.0,40.5
2026-05-08 14:10:35.300000,5/8/2026,20260508_140943_747.txt,53.99,4.26,,46,98.0,97.5,0,PRE-CHARGE,4,3.86,3.857,3.855,3.857,3.858,3.857,3.855,3.857,3.858,3.855,3.855,3.857,3.855,3.857,54.3,0.0,120.0,40.5
2026-05-08 14:10:39.400000,5/8/2026,20260508_140943_747.txt,53.44,25.84,30.0,46,98.0,97.5,0,PRE-CHARGE,4,3.824,3.815,3.801,3.822,3.813,3.819,3.813,3.819,3.819,3.822,3.813,3.822,3.819,3.822,54.3,0.0,120.0,40.5
2026-05-08 14:10:43.900000,5/8/2026,20260508_140943_747.txt,53.13,42.96,30.0,46,98.0,97.5,0,PRE-CHARGE,4,3.866,3.866,3.87,3.866,3.867,3.866,3.867,3.866,3.867,3.866,3.87,3.866,3.867,3.866,54.3,0.0,120.0,40.5
2026-05-08 14:10:45.800000,5/8/2026,20260508_140943_747.txt,53.36,15.72,30.0,46,98.0,97.5,0,PRE-CHARGE,4,3.822,3.809,3.795,3.815,3.807,3.812,3.807,3.815,3.813,3.815,3.807,3.815,3.782,3.788,54.3,0.0,120.0,40.5
2026-05-08 14:10:48.000000,5/8/2026,20260508_140943_747.txt,52.97,37.92,,46,98.0,97.5,0,PRE-CHARGE,4,3.779,3.758,3.732,3.773,3.756,3.767,3.753,3.77,,,,,3.762,3.77,54.3,0.0,120.0,40.5
2026-05-08 14:10:50.100000,5/8/2026,20260508_140943_747.txt,52.27,62.44,30.0,46,98.0,97.5,0,PRE-CHARGE,3,3.753,3.728,3.69,3.746,3.723,3.737,3.723,3.743,3.735,3.743,3.723,3.743,3.735,3.743,54.3,0.0,120.0,40.5
2026-05-08 14:10:52.200000,5/8/2026,20260508_140943_747.txt,51.79,79.24,30.0,46,98.0,97.5,0,PRE-CHARGE,3,3.72,3.689,3.642,3.71,3.681,3.698,3.677,3.704,3.699,3.704,3.677,3.704,3.693,3.704,54.3,0.0,120.0,40.5
2026-05-08 14:10:54.300000,5/8/2026,20260508_140943_747.txt,51.81,93.78,30.0,46,98.0,97.5,0,PRE-CHARGE,3,3.725,3.698,3.651,3.717,3.687,3.707,3.687,3.713,3.708,3.71,3.684,3.71,,,54.3,0.0,120.0,40.5
2026-05-08 14:10:56.400000,5/8/2026,20260508_140943_747.txt,54.54,34.4,30.0,46,98.0,97.5,0,PRE-CHARGE,3,3.888,3.896,3.908,3.888,3.804,3.806,3.801,3.809,3.807,3.806,3.801,3.809,3.804,3.809,54.3,0.0,120.0,40.5
2026-05-08 14:10:58.600000,5/8/2026,20260508_140943_747.txt,52.94,29.02,30.0,46,98.0,97.5,0,PRE-CHARGE,3,3.794,3.782,3.759,3.788,3.776,3.786,3.776,3.786,3.782,3.782,3.771,3.786,3.78,3.786,54.3,0.0,120.0,40.5
2026-05-08 14:11:00.800000,5/8/2026,20260508_140943_747.txt,53.37,18.64,,47,98.0,97.5,0,PRE-CHARGE,3,3.824,3.819,3.804,3.819,3.809,3.815,3.809,3.815,,,,,3.743,3.753,54.3,0.0,120.0,40.5
2026-05-08 14:11:02.800000,5/8/2026,20260508_140943_747.txt,52.38,42.16,30.0,47,98.0,97.5,0,PRE-CHARGE,3,3.725,3.698,3.648,3.717,3.687,3.707,3.69,3.71,3.704,3.71,3.687,3.717,3.702,3.713,54.3,0.0,120.0,40.5
2026-05-08 14:11:05.000000,5/8/2026,20260508_140943_747.txt,51.31,92.24,30.0,47,98.0,97.5,0,PRE-CHARGE,3,3.695,3.662,3.609,3.686,3.651,3.671,3.644,3.677,3.666,3.674,3.644,3.677,3.638,3.653,54.3,0.0,120.0,40.5
2026-05-08 14:11:07.100000,5/8/2026,20260508_140943_747.txt,50.92,108.62,30.0,47,98.0,97.5,0,PRE-CHARGE,3,3.644,3.608,3.537,3.635,3.591,3.62,3.588,3.626,3.615,3.626,3.585,3.629,3.611,3.629,54.3,0.0,120.0,40.5
2026-05-08 14:11:09.200000,5/8/2026,20260508_140943_747.txt,50.19,135.12,30.0,47,98.0,97.5,0,PRE-CHARGE,3,3.62,3.578,3.498,3.611,3.564,3.596,3.558,3.605,3.594,3.605,3.561,3.608,3.585,3.605,54.3,0.0,120.0,40.5
2026-05-08 14:11:11.300000,5/8/2026,20260508_140943_747.txt,52.69,115.3,30.0,47,98.0,97.5,0,PRE-CHARGE,3,3.806,3.797,3.786,3.803,3.795,3.797,3.795,3.8,3.801,3.8,3.795,3.803,3.798,3.803,54.3,0.0,120.0,40.5
2026-05-08 14:11:13.500000,5/8/2026,20260508_140943_747.txt,53.06,30.26,30.0,47,98.0,97.5,0,PRE-CHARGE,3,3.797,3.788,3.771,3.794,3.786,3.791,3.786,3.791,3.792,3.791,3.786,3.794,3.792,3.794,54.3,0.0,120.0,40.5
2026-05-08 14:11:17.700000,5/8/2026,20260508_140943_747.txt,53.58,14.12,30.0,47,98.0,97.5,0,PRE-CHARGE,3,3.83,3.83,3.822,3.827,3.825,3.827,3.825,3.827,3.828,3.827,3.825,3.827,3.828,3.827,54.3,0.0,120.0,40.5
2026-05-08 14:11:19.800000,5/8/2026,20260508_140943_747.txt,52.63,32.64,30.0,47,98.0,97.5,0,PRE-CHARGE,3,3.773,3.758,3.735,3.767,3.753,3.761,3.753,3.764,3.738,3.743,3.723,3.743,3.738,3.743,54.3,0.0,120.0,40.5
2026-05-08 14:11:21.900000,5/8/2026,20260508_140943_747.txt,52.29,53.84,30.0,47,98.0,97.5,0,PRE-CHARGE,3,3.725,3.701,3.66,3.717,3.693,3.71,3.693,3.717,3.71,3.717,3.696,3.717,3.704,3.717,54.3,0.0,120.0,40.5
2026-05-08 14:11:24.100000,5/8/2026,20260508_140943_747.txt,52.04,77.54,30.0,47,98.5,97.5,0,PRE-CHARGE,3,3.734,3.71,3.675,3.728,3.704,3.72,3.704,3.728,3.723,3.728,3.708,3.728,3.729,3.737,54.3,0.0,120.0,40.5
2026-05-08 14:11:28.300000,5/8/2026,20260508_140943_747.txt,51.86,60.22,30.0,47,98.5,97.5,0,PRE-CHARGE,3,3.725,3.701,3.663,3.72,3.69,3.71,3.693,3.713,3.708,3.713,3.69,3.713,3.708,3.717,54.3,0.0,120.0,40.5
2026-05-08 14:11:30.400000,5/8/2026,20260508_140943_747.txt,53.63,49.3,30.0,47,98.5,97.5,0,PRE-CHARGE,3,3.848,3.851,3.855,3.845,3.848,3.845,3.848,3.842,3.846,3.842,3.842,3.842,3.842,3.839,54.3,0.0,120.0,40.5
2026-05-08 14:11:32.600000,5/8/2026,20260508_140943_747.txt,53.69,3.0,30.0,47,98.5,97.5,0,PRE-CHARGE,3,3.836,3.836,3.834,3.836,3.837,3.833,3.834,3.833,3.837,3.833,3.834,3.833,,,54.3,0.0,120.0,40.5
2026-05-08 14:11:34.700000,5/8/2026,20260508_140943_747.txt,53.02,21.94,30.0,47,98.5,97.5,0,PRE-CHARGE,3,3.794,3.786,3.768,3.791,3.789,3.791,3.789,3.794,3.795,3.794,3.789,3.797,3.792,3.797,54.3,0.0,120.0,40.5
2026-05-08 14:11:36.800000,5/8/2026,20260508_140943_747.txt,53.11,26.92,30.0,47,98.5,97.5,0,PRE-CHARGE,3,3.8,3.794,3.78,3.797,3.792,3.794,3.789,3.794,3.795,3.794,3.789,3.794,3.795,3.797,54.3,0.0,120.0,40.5
2026-05-08 14:11:38.900000,5/8/2026,20260508_140943_747.txt,53.06,35.14,30.0,47,98.5,97.5,0,PRE-CHARGE,3,3.786,3.773,3.759,3.788,3.78,3.786,3.786,3.794,3.768,3.77,3.762,3.773,3.768,3.773,54.3,0.0,120.0,40.5
2026-05-08 14:11:41.000000,5/8/2026,20260508_140943_747.txt,52.73,27.82,30.0,47,98.5,97.5,0,PRE-CHARGE,3,3.786,3.773,3.753,3.779,3.771,3.776,3.771,3.779,3.776,3.779,3.771,3.779,,,54.3,0.0,120.0,40.5
2026-05-08 14:11:43.200000,5/8/2026,20260508_140943_747.txt,52.89,36.26,30.0,47,98.5,97.5,0,PRE-CHARGE,3,3.786,3.776,3.756,3.782,3.771,3.779,3.771,3.782,3.78,3.782,3.774,3.786,3.807,3.809,54.3,0.0,120.0,40.5
2026-05-08 14:11:45.300000,5/8/2026,20260508_140943_747.txt,53.33,27.04,30.0,47,98.5,97.5,0,PRE-CHARGE,3,3.815,3.812,3.804,3.815,3.813,3.815,3.815,3.819,3.822,3.822,3.822,3.824,3.825,3.824,54.3,0.0,120.0,40.5
2026-05-08 14:11:49.500000,5/8/2026,20260508_140943_747.txt,53.48,13.12,30.0,47,98.5,97.5,0,PRE-CHARGE,3,3.833,3.83,3.828,3.83,3.831,3.83,3.831,3.83,3.834,3.83,3.834,3.833,3.834,3.833,54.3,0.0,120.0,40.5
2026-05-08 14:11:53.800000,5/8/2026,20260508_140943_747.txt,53.8,1.64,30.0,47,98.5,97.5,0,PRE-CHARGE,3,3.842,3.842,3.842,3.842,3.842,3.839,3.842,3.839,3.842,3.839,3.842,3.839,3.84,3.839,54.3,0.0,120.0,40.5
2026-05-08 14:11:55.900000,5/8/2026,20260508_140943_747.txt,53.49,6.1,30.0,47,98.5,97.5,0,PRE-CHARGE,3,3.824,3.822,3.813,3.822,3.819,3.822,3.819,3.822,3.822,3.822,3.819,3.824,3.822,3.824,54.3,0.0,120.0,40.5
2026-05-08 14:11:58.000000,5/8/2026,20260508_140943_747.txt,53.25,19.92,30.0,47,98.5,97.5,0,PRE-CHARGE,3,3.809,3.803,3.792,3.806,3.801,3.803,3.801,3.803,3.792,3.794,3.786,3.794,3.792,3.794,54.3,0.0,120.0,40.5
2026-05-08 14:12:00.100000,5/8/2026,20260508_140943_747.txt,53.07,28.02,30.0,47,98.5,97.5,0,PRE-CHARGE,3,3.788,3.779,3.759,3.786,3.774,3.782,3.774,3.782,3.782,3.782,3.774,3.786,3.78,3.786,54.3,0.0,120.0,40.5
2026-05-08 14:12:02.300000,5/8/2026,20260508_140943_747.txt,53.3,27.3,30.0,47,98.5,97.5,0,PRE-CHARGE,3,3.806,3.803,3.789,3.806,3.801,3.806,3.804,3.812,3.809,3.812,3.807,3.815,,,54.3,0.0,120.0,40.5
2026-05-08 14:12:04.400000,5/8/2026,20260508_140943_747.txt,52.89,29.16,30.0,46,98.5,97.5,0,PRE-CHARGE,3,3.794,3.786,3.768,3.791,3.78,3.788,3.78,3.788,3.789,3.788,3.782,3.791,3.789,3.791,54.3,0.0,120.0,40.5
2026-05-08 14:12:06.500000,5/8/2026,20260508_140943_747.txt,53.82,15.76,30.0,46,98.5,97.5,0,PRE-CHARGE,3,3.845,3.845,3.846,3.842,3.846,3.842,3.846,3.842,3.846,3.842,3.846,3.842,,,54.3,0.0,120.0,40.5
2026-05-08 14:12:08.600000,5/8/2026,20260508_140943_747.txt,53.82,14.82,30.0,46,98.5,97.5,0,PRE-CHARGE,3,,,,,3.842,3.842,3.846,3.842,3.846,3.842,3.846,3.842,3.846,3.842,54.3,0.0,120.0,40.5
2026-05-08 14:12:10.800000,5/8/2026,20260508_140943_747.txt,53.83,0.54,30.0,46,98.5,97.5,0,PRE-CHARGE,3,3.845,3.845,3.846,3.842,3.846,3.842,3.846,3.842,3.846,3.842,3.846,3.845,3.846,3.845,54.3,0.0,120.0,40.5
2026-05-08 14:12:17.100000,5/8/2026,20260508_140943_747.txt,53.61,8.2,30.0,46,98.5,97.5,0,PRE-CHARGE,3,3.83,3.83,3.825,3.83,3.828,3.827,3.828,3.83,3.846,3.842,3.846,3.842,3.84,3.839,54.3,0.0,120.0,40.5
2026-05-08 14:12:19.200000,5/8/2026,20260508_140943_747.txt,53.81,5.26,30.0,47,98.5,97.5,0,PRE-CHARGE,3,3.824,3.822,3.813,3.822,3.819,3.822,3.819,3.822,,,,,3.822,3.822,54.3,0.0,120.0,40.5
2026-05-08 14:12:23.400000,5/8/2026,20260508_140943_747.txt,53.52,13.2,29.0,47,98.5,97.5,0,PRE-CHARGE,3,3.819,3.815,3.804,3.815,3.813,3.815,3.813,3.815,3.815,3.815,3.813,3.819,3.815,3.819,54.3,0.0,120.0,40.5
2026-05-08 14:12:25.600000,5/8/2026,20260508_140943_747.txt,53.6,15.3,29.0,47,98.5,97.5,0,PRE-CHARGE,3,,,,,3.828,3.827,3.828,3.827,3.831,3.827,3.828,3.83,3.828,3.83,54.3,0.0,120.0,40.5
2026-05-08 14:12:34.100000,5/8/2026,20260508_140943_747.txt,53.88,0.52,29.0,47,98.5,97.5,0,PRE-CHARGE,3,3.848,3.848,3.848,3.845,3.848,3.848,3.848,3.848,3.848,3.845,3.848,3.848,3.848,3.848,54.3,0.0,120.0,40.5
2026-05-08 14:20:06.600000,5/8/2026,20260508_141954_986.txt,53.82,0.52,,43,99.0,97.5,0,PRE-CHARGE,2,3.845,3.845,3.846,3.842,3.846,3.842,3.846,3.842,3.846,3.842,3.846,3.845,3.846,3.842,54.3,0.0,120.0,40.5
2026-05-08 14:20:10.700000,5/8/2026,20260508_141954_986.txt,53.83,0.52,31.0,43,99.0,97.5,0,PRE-CHARGE,2,3.845,3.845,3.846,3.842,3.846,3.842,3.846,3.842,3.846,3.842,3.846,3.845,3.846,3.842,54.3,0.0,120.0,40.5
2026-05-08 14:20:21.300000,5/8/2026,20260508_141954_986.txt,53.83,0.52,31.0,43,99.0,97.5,0,PRE-CHARGE,2,3.845,3.845,3.846,3.845,3.846,3.845,3.846,3.842,3.846,3.842,3.846,3.845,3.846,3.845,54.3,0.0,120.0,40.5
2026-05-08 14:20:27.900000,5/8/2026,20260508_141954_986.txt,53.84,0.52,31.0,43,99.0,97.5,0,PRE-CHARGE,2,3.845,3.845,3.846,3.845,3.846,3.845,3.846,3.845,3.846,3.842,3.846,3.845,3.846,3.845,54.3,0.0,120.0,40.5
2026-05-08 14:20:32.000000,5/8/2026,20260508_141954_986.txt,53.84,0.52,31.0,44,99.0,97.5,0,PRE-CHARGE,2,3.845,3.845,3.846,3.845,3.846,3.845,3.846,3.845,3.846,3.842,3.846,3.845,3.846,3.845,54.3,0.0,120.0,40.5
2026-05-08 14:20:34.200000,5/8/2026,20260508_141954_986.txt,53.84,0.52,31.0,44,99.0,97.5,0,PRE-CHARGE,2,3.845,3.845,3.846,3.845,,,,,3.846,3.842,3.846,3.845,3.846,3.845,54.3,0.0,120.0,40.5
2026-05-08 14:20:36.300000,5/8/2026,20260508_141954_986.txt,53.84,0.52,31.0,44,99.0,97.5,0,PRE-CHARGE,2,,,,,3.846,3.845,3.846,3.845,3.846,3.842,3.846,3.845,,,54.3,0.0,120.0,40.5
2026-05-08 14:20:38.400000,5/8/2026,20260508_141954_986.txt,53.84,0.52,31.0,44,99.0,97.5,0,PRE-CHARGE,2,3.845,3.845,3.846,3.845,3.846,3.845,3.846,3.845,3.846,3.845,3.846,3.845,3.846,3.845,54.3,0.0,120.0,40.5
2026-05-08 14:20:40.500000,5/8/2026,20260508_141954_986.txt,53.84,0.52,31.0,44,99.0,97.5,0,PRE-CHARGE,2,3.845,3.845,3.846,3.845,3.846,3.845,3.846,3.845,3.846,3.842,3.846,3.845,,,54.3,0.0,120.0,40.5
2026-05-08 14:20:44.800000,5/8/2026,20260508_141954_986.txt,53.84,0.52,31.0,44,99.0,97.5,0,PRE-CHARGE,2,3.845,3.845,3.846,3.845,3.846,3.845,3.846,3.845,3.846,3.845,3.846,3.845,3.846,3.845,54.3,0.0,120.0,40.5
2026-05-08 14:20:46.900000,5/8/2026,20260508_141954_986.txt,53.84,0.52,31.0,44,99.0,97.5,0,PRE-CHARGE,2,3.845,3.845,3.846,3.845,3.846,3.845,3.846,3.845,3.846,3.845,3.846,3.845,3.846,3.845,54.3,0.0,120.0,40.5
2026-05-08 14:20:49.000000,5/8/2026,20260508_141954_986.txt,53.84,0.52,31.0,44,99.0,97.5,0,PRE-CHARGE,2,3.845,3.845,3.846,3.845,3.846,3.845,3.846,3.845,3.846,3.845,3.846,3.845,3.846,3.845,54.3,0.0,120.0,40.5
2026-05-08 14:20:53.300000,5/8/2026,20260508_141954_986.txt,53.84,0.52,31.0,44,99.0,97.5,0,PRE-CHARGE,2,3.845,3.845,3.846,3.845,3.846,3.845,3.846,3.845,3.846,3.845,3.846,3.845,3.846,3.845,54.3,0.0,120.0,40.5
2026-05-08 14:20:55.400000,5/8/2026,20260508_141954_986.txt,53.84,0.52,31.0,44,99.0,97.5,0,PRE-CHARGE,2,3.845,3.845,3.846,3.845,3.846,3.845,3.846,3.845,3.846,3.845,3.846,3.845,3.846,3.845,54.3,0.0,120.0,40.5
2026-05-08 14:20:57.600000,5/8/2026,20260508_141954_986.txt,53.84,0.52,31.0,44,99.0,97.5,0,PRE-CHARGE,2,3.845,3.845,3.846,3.845,3.846,3.845,3.846,3.845,3.846,3.845,3.846,3.845,3.846,3.845,54.3,0.0,120.0,40.5
2026-05-08 14:20:59.700000,5/8/2026,20260508_141954_986.txt,53.84,0.52,31.0,45,99.0,97.5,0,PRE-CHARGE,2,3.845,3.845,3.846,3.845,3.846,3.845,3.846,3.845,3.846,3.845,3.846,3.845,3.846,3.845,54.3,0.0,120.0,40.5
2026-05-08 14:21:01.800000,5/8/2026,20260508_141954_986.txt,53.84,0.52,31.0,45,99.0,97.5,0,PRE-CHARGE,1,3.845,3.845,3.846,3.845,3.846,3.845,3.846,3.845,3.846,3.845,3.846,3.845,,,54.3,0.0,120.0,40.5
2026-05-08 14:21:06.400000,5/8/2026,20260508_141954_986.txt,53.84,0.54,31.0,45,99.0,97.5,0,PRE-CHARGE,1,3.845,3.845,3.846,3.845,3.846,3.845,3.846,3.845,3.846,3.845,3.846,3.845,3.846,3.845,54.3,0.0,120.0,40.5
2026-05-08 14:21:08.200000,5/8/2026,20260508_141954_986.txt,53.84,0.54,31.0,45,99.0,97.5,0,PRE-CHARGE,1,3.845,3.845,3.846,3.845,3.846,3.845,3.846,3.845,,,,,3.846,3.845,54.3,0.0,120.0,40.5
2026-05-08 14:21:10.300000,5/8/2026,20260508_141954_986.txt,53.84,0.54,31.0,45,99.0,97.5,0,PRE-CHARGE,1,3.845,3.845,3.846,3.845,3.846,3.845,3.846,3.845,3.846,3.845,3.846,3.845,3.846,3.845,54.3,0.0,120.0,40.5
2026-05-08 14:21:12.400000,5/8/2026,20260508_141954_986.txt,53.84,0.54,31.0,45,99.0,97.5,0,PRE-CHARGE,1,3.845,3.845,3.846,3.845,3.846,3.845,3.846,3.845,3.846,3.845,3.848,3.845,,,,,,
2026-05-08 14:21:14.800000,5/8/2026,20260508_141954_986.txt,53.84,0.54,,45,99.0,97.5,0,PRE-CHARGE,1,3.845,3.845,3.846,3.845,3.846,3.845,3.846,3.845,3.846,3.845,3.846,3.845,,,54.3,0.0,120.0,40.5
2026-05-08 14:21:16.900000,5/8/2026,20260508_141954_986.txt,53.84,0.54,,45,99.0,97.5,0,PRE-CHARGE,1,3.845,3.845,3.846,3.845,3.846,3.845,3.846,3.845,3.846,3.845,3.848,3.845,3.846,3.845,54.3,0.0,120.0,40.5
2026-05-08 14:21:18.800000,5/8/2026,20260508_141954_986.txt,53.84,0.54,31.0,45,99.0,97.5,0,PRE-CHARGE,1,3.845,3.845,3.846,3.845,3.846,3.845,3.846,3.845,3.846,3.845,3.848,3.845,3.846,3.845,54.3,0.0,120.0,40.5
2026-05-08 14:21:34.000000,5/8/2026,20260508_141954_986.txt,53.85,0.54,31.0,45,99.0,97.5,0,PRE-CHARGE,1,3.845,3.848,3.848,3.845,3.846,3.845,3.848,3.845,3.848,3.845,3.848,3.845,3.846,3.845,54.3,0.0,120.0,40.5
2026-05-08 14:21:35.900000,5/8/2026,20260508_141954_986.txt,53.85,0.52,31.0,45,99.0,97.5,0,PRE-CHARGE,1,3.845,3.845,3.848,3.845,3.846,3.845,3.848,3.845,3.848,3.845,3.848,3.845,3.846,3.845,,,,
2026-05-08 14:21:44.500000,5/8/2026,20260508_141954_986.txt,53.85,0.52,31.0,45,99.0,97.5,0,PRE-CHARGE,1,3.845,3.848,3.848,3.845,3.846,3.845,3.848,3.845,3.848,3.845,3.848,3.845,3.846,3.845,54.3,0.0,120.0,40.5
2026-05-08 14:21:55.100000,5/8/2026,20260508_141954_986.txt,53.85,0.52,31.0,45,99.0,97.5,0,PRE-CHARGE,1,3.845,3.848,3.848,3.845,3.846,3.845,3.848,3.845,3.848,3.845,3.848,3.845,3.846,3.845,54.3,0.0,120.0,40.5
2026-05-08 14:21:59.500000,5/8/2026,20260508_141954_986.txt,53.85,0.52,31.0,45,99.0,97.5,0,PRE-CHARGE,1,3.845,3.848,3.848,3.845,3.846,3.845,3.848,3.845,3.848,3.845,3.848,3.845,3.846,3.845,54.3,0.0,120.0,40.5
2026-05-08 14:22:03.600000,5/8/2026,20260508_141954_986.txt,53.85,0.52,31.0,45,99.0,97.5,0,PRE-CHARGE,1,3.845,3.848,3.848,3.845,3.846,3.845,3.848,3.845,3.848,3.845,3.848,3.845,3.846,3.845,54.3,0.0,120.0,40.5
2026-05-08 14:22:05.700000,5/8/2026,20260508_141954_986.txt,53.85,0.52,32.0,45,99.0,97.5,0,PRE-CHARGE,1,3.845,3.848,3.848,3.845,3.846,3.845,3.848,3.845,3.848,3.845,3.848,3.845,3.846,3.845,54.3,0.0,120.0,40.5
2026-05-08 14:22:12.100000,5/8/2026,20260508_141954_986.txt,53.86,0.52,32.0,45,99.0,97.5,0,PRE-CHARGE,1,3.845,3.848,3.848,3.845,3.848,3.845,3.848,3.845,3.848,3.845,3.848,3.845,3.846,3.845,54.3,0.0,120.0,40.5
2026-05-08 14:22:14.400000,5/8/2026,20260508_141954_986.txt,53.86,0.52,,45,99.0,97.5,0,PRE-CHARGE,1,,,,,,,,,3.848,3.845,3.848,3.845,3.846,3.845,54.3,0.0,120.0,40.5
2026-05-08 14:22:16.400000,5/8/2026,20260508_141954_986.txt,53.86,0.52,32.0,45,99.0,97.5,0,PRE-CHARGE,1,3.845,3.848,3.848,3.845,3.848,3.845,3.848,3.845,,,,,3.846,3.845,54.3,0.0,120.0,40.5
2026-05-08 14:22:20.600000,5/8/2026,20260508_141954_986.txt,53.86,0.52,32.0,45,99.0,97.5,0,PRE-CHARGE,1,3.845,3.848,3.848,3.845,3.848,3.845,3.848,3.845,3.848,3.845,3.848,3.845,3.848,3.845,54.3,0.0,120.0,40.5
2026-05-08 14:22:22.800000,5/8/2026,20260508_141954_986.txt,53.86,0.52,32.0,45,99.0,97.5,0,PRE-CHARGE,1,,,,,3.846,3.845,3.848,3.845,3.848,3.845,3.848,3.845,3.848,3.845,54.3,0.0,120.0,40.5
2026-05-08 14:22:29.100000,5/8/2026,20260508_141954_986.txt,53.86,0.52,32.0,45,99.0,97.5,0,PRE-CHARGE,1,3.845,3.848,3.848,3.845,3.846,3.845,3.848,3.845,3.848,3.845,3.848,3.845,3.846,3.845,54.3,0.0,120.0,40.5
2026-05-08 14:22:31.200000,5/8/2026,20260508_141954_986.txt,53.86,0.52,32.0,45,99.0,97.5,0,PRE-CHARGE,1,3.845,3.848,3.848,3.845,3.848,3.845,3.848,3.845,3.848,3.845,3.848,3.845,3.848,3.845,54.3,0.0,120.0,40.5
2026-05-08 14:22:33.400000,5/8/2026,20260508_141954_986.txt,53.86,0.52,32.0,45,99.0,97.5,0,PRE-CHARGE,1,3.845,3.848,3.848,3.845,3.848,3.845,3.848,3.845,3.848,3.845,3.848,3.845,3.848,3.845,,,,
2026-05-08 14:22:35.500000,5/8/2026,20260508_141954_986.txt,53.86,0.52,32.0,45,99.0,97.5,0,PRE-CHARGE,1,3.845,3.848,3.848,3.845,3.848,3.845,3.848,3.845,3.848,3.845,3.848,3.845,,,54.3,0.0,120.0,40.5
2026-05-08 14:22:37.600000,5/8/2026,20260508_141954_986.txt,53.86,0.52,32.0,45,99.0,97.5,0,PRE-CHARGE,1,,,,,3.848,3.845,3.848,3.845,3.848,3.845,3.848,3.845,3.848,3.845,54.3,0.0,120.0,40.5
2026-05-08 14:22:39.700000,5/8/2026,20260508_141954_986.txt,53.86,0.52,32.0,45,99.0,97.5,0,PRE-CHARGE,1,3.848,3.848,3.848,3.845,3.848,3.845,3.848,3.845,3.848,3.845,3.848,3.845,3.848,3.845,54.3,0.0,120.0,40.5
2026-05-08 14:22:44.000000,5/8/2026,20260508_141954_986.txt,53.86,0.52,32.0,45,99.0,97.5,0,PRE-CHARGE,1,3.845,3.848,3.848,3.845,3.848,3.845,3.848,3.845,3.848,3.845,3.848,3.845,3.848,3.845,54.3,0.0,120.0,40.5
2026-05-08 14:22:50.500000,5/8/2026,20260508_141954_986.txt,53.86,0.52,,46,99.0,97.5,0,PRE-CHARGE,1,3.845,3.848,3.848,3.845,3.848,3.845,3.848,3.845,3.848,3.845,3.848,3.845,3.848,3.845,54.3,0.0,120.0,40.5
2026-05-08 14:22:54.600000,5/8/2026,20260508_141954_986.txt,53.86,0.52,32.0,46,99.0,97.5,0,PRE-CHARGE,1,3.848,3.848,3.848,3.845,3.848,3.845,3.848,3.845,3.848,3.845,3.848,3.845,3.848,3.845,54.3,0.0,120.0,40.5
2026-05-08 14:22:56.800000,5/8/2026,20260508_141954_986.txt,53.86,0.52,32.0,46,99.0,97.5,0,PRE-CHARGE,1,3.845,3.848,3.848,3.845,3.848,3.845,3.848,3.845,,,,,3.848,3.845,54.3,0.0,120.0,40.5
2026-05-08 14:22:58.900000,5/8/2026,20260508_141954_986.txt,53.86,0.52,32.0,46,99.0,97.5,0,PRE-CHARGE,1,3.848,3.848,3.848,3.845,3.848,3.845,3.848,3.845,3.848,3.845,3.848,3.845,3.848,3.845,54.3,0.0,120.0,40.5
2026-05-08 14:23:03.100000,5/8/2026,20260508_141954_986.txt,53.86,0.52,32.0,46,99.0,97.5,0,PRE-CHARGE,1,3.848,3.848,3.848,3.845,3.848,3.845,3.848,3.845,3.848,3.845,3.848,3.845,3.848,3.845,54.3,0.0,120.0,40.5
2026-05-08 14:23:05.300000,5/8/2026,20260508_141954_986.txt,53.86,0.52,32.0,46,99.0,97.5,0,PRE-CHARGE,1,,,,,,,,,3.848,3.845,3.848,3.845,3.848,3.845,54.3,0.0,120.0,40.5
2026-05-08 14:23:09.400000,5/8/2026,20260508_141954_986.txt,53.86,0.52,32.0,46,99.0,97.5,0,PRE-CHARGE,1,3.845,3.848,3.848,3.845,3.848,3.845,3.848,3.845,3.848,3.845,3.848,3.845,3.848,3.845,54.3,0.0,120.0,40.5
2026-05-08 14:23:11.600000,5/8/2026,20260508_141954_986.txt,53.86,0.52,32.0,46,99.0,97.5,0,PRE-CHARGE,1,,,,,3.848,3.845,3.848,3.845,3.848,3.845,3.848,3.845,,,54.3,0.0,120.0,40.5
2026-05-08 14:23:13.900000,5/8/2026,20260508_141954_986.txt,53.86,0.54,,46,99.0,97.5,0,PRE-CHARGE,1,3.848,3.848,3.848,3.845,3.848,3.845,3.848,3.845,3.848,3.845,3.848,3.845,3.848,3.845,,,,
2026-05-08 14:23:22.500000,5/8/2026,20260508_141954_986.txt,53.86,0.52,32.0,46,99.0,97.5,0,PRE-CHARGE,1,3.848,3.848,3.848,3.845,3.848,3.845,3.848,3.845,3.848,3.845,3.848,3.845,3.848,3.845,54.3,0.0,120.0,40.5
2026-05-08 14:23:24.400000,5/8/2026,20260508_141954_986.txt,53.86,0.54,32.0,46,99.0,97.5,0,PRE-CHARGE,1,3.845,3.848,3.848,3.845,3.848,3.845,3.848,3.845,3.848,3.845,3.848,3.845,3.848,3.845,,,,
2026-05-08 14:23:26.600000,5/8/2026,20260508_141954_986.txt,53.86,0.54,,46,99.0,97.5,0,PRE-CHARGE,1,3.848,3.848,3.848,3.845,3.848,3.845,3.848,3.845,3.848,3.845,3.848,3.845,3.848,3.845,54.3,0.0,120.0,40.5
2026-05-08 14:23:28.600000,5/8/2026,20260508_141954_986.txt,53.86,0.54,32.0,46,99.0,97.5,0,PRE-CHARGE,1,3.848,3.848,3.848,3.845,3.848,3.845,3.848,3.845,3.848,3.845,3.848,3.845,,,54.3,0.0,120.0,40.5
2026-05-08 14:23:32.800000,5/8/2026,20260508_141954_986.txt,53.86,0.52,32.0,47,99.0,97.5,0,PRE-CHARGE,1,,,,,3.848,3.845,3.848,3.845,3.848,3.845,3.848,3.845,3.848,3.845,54.3,0.0,120.0,40.5
2026-05-08 14:23:35.000000,5/8/2026,20260508_141954_986.txt,53.86,0.52,32.0,47,99.0,97.5,0,PRE-CHARGE,1,3.848,3.848,3.848,3.845,3.848,3.845,3.848,3.845,3.848,3.845,3.848,3.845,,,54.3,0.0,120.0,40.5
2026-05-08 14:23:37.100000,5/8/2026,20260508_141954_986.txt,53.86,0.52,32.0,47,99.0,97.5,0,PRE-CHARGE,1,3.848,3.848,3.848,3.845,3.848,3.845,3.848,3.845,3.848,3.845,3.848,3.845,3.848,3.845,54.3,0.0,120.0,40.5
2026-05-08 14:23:39.400000,5/8/2026,20260508_141954_986.txt,53.86,0.54,,47,99.0,97.5,0,PRE-CHARGE,1,3.845,3.848,3.848,3.845,3.848,3.845,3.848,3.845,3.848,3.845,3.848,3.845,3.848,3.845,,,,
2026-05-08 14:23:41.500000,5/8/2026,20260508_141954_986.txt,53.86,0.52,,47,99.0,97.5,0,PRE-CHARGE,1,,,,,3.848,3.845,3.848,3.845,3.848,3.845,3.848,3.845,3.848,3.845,54.3,0.0,120.0,40.5
2026-05-08 14:23:43.500000,5/8/2026,20260508_141954_986.txt,53.86,0.54,32.0,47,99.0,97.5,0,PRE-CHARGE,1,3.848,3.848,3.848,3.845,3.848,3.845,3.848,3.845,3.848,3.845,3.848,3.845,3.848,3.845,54.3,0.0,120.0,40.5
2026-05-08 14:23:47.700000,5/8/2026,20260508_141954_986.txt,53.86,0.54,32.0,47,99.0,97.5,0,PRE-CHARGE,1,3.848,3.848,3.848,3.845,3.848,3.845,3.848,3.845,3.848,3.845,3.848,3.845,3.848,3.845,54.3,0.0,120.0,40.5
2026-05-08 14:23:49.900000,5/8/2026,20260508_141954_986.txt,53.86,0.54,32.0,47,99.0,97.5,0,PRE-CHARGE,1,3.848,3.848,3.848,3.845,,,,,3.848,3.845,3.848,3.845,3.848,3.845,54.3,0.0,120.0,40.5
2026-05-08 14:23:54.200000,5/8/2026,20260508_141954_986.txt,53.86,0.52,32.0,47,99.0,97.5,0,PRE-CHARGE,1,3.848,3.848,3.848,3.845,3.848,3.845,3.848,3.845,3.848,3.845,3.848,3.845,3.848,3.845,54.3,0.0,120.0,40.5
2026-05-08 14:23:56.200000,5/8/2026,20260508_141954_986.txt,53.86,0.52,32.0,47,99.0,97.5,0,PRE-CHARGE,1,3.848,3.848,3.848,3.845,3.848,3.845,3.848,3.845,3.848,3.845,3.848,3.845,3.848,3.845,54.3,0.0,120.0,40.5
2026-05-08 14:23:58.400000,5/8/2026,20260508_141954_986.txt,53.86,0.52,32.0,47,99.0,97.5,0,PRE-CHARGE,1,3.848,3.848,3.848,3.845,3.848,3.845,3.848,3.845,3.848,3.845,3.848,3.845,3.848,3.845,54.3,0.0,120.0,40.5
2026-05-08 14:24:00.500000,5/8/2026,20260508_141954_986.txt,53.86,0.52,32.0,47,99.0,97.5,0,PRE-CHARGE,1,,,,,3.848,3.845,3.848,3.845,3.848,3.845,3.848,3.845,3.848,3.845,54.3,0.0,120.0,40.5
2026-05-08 14:24:02.800000,5/8/2026,20260508_141954_986.txt,53.86,0.52,,47,99.0,97.5,0,PRE-CHARGE,1,,,,,3.848,3.845,3.848,3.845,3.848,3.845,3.848,3.845,,,54.3,0.0,120.0,40.5
2026-05-08 14:24:04.800000,5/8/2026,20260508_141954_986.txt,53.86,0.52,32.0,47,99.0,97.5,0,PRE-CHARGE,1,3.848,3.848,3.848,3.845,3.848,3.845,3.848,3.845,3.848,3.845,3.848,3.845,3.848,3.845,54.3,0.0,120.0,40.5
2026-05-08 14:24:06.900000,5/8/2026,20260508_141954_986.txt,53.86,0.52,32.0,47,99.0,97.5,0,PRE-CHARGE,1,3.848,3.848,3.848,3.845,3.848,3.845,3.848,3.845,3.848,3.845,3.848,3.845,3.848,3.845,54.3,0.0,120.0,40.5
2026-05-08 14:24:09.000000,5/8/2026,20260508_141954_986.txt,53.86,0.52,32.0,47,99.0,97.5,0,PRE-CHARGE,1,,,,,3.848,3.845,3.848,3.845,3.848,3.845,3.848,3.845,3.848,3.845,54.3,0.0,120.0,40.5
2026-05-08 14:24:15.400000,5/8/2026,20260508_141954_986.txt,53.87,0.52,32.0,47,99.0,97.5,0,PRE-CHARGE,1,3.848,3.848,3.848,3.845,3.848,3.845,3.848,3.845,3.848,3.845,3.848,3.848,3.848,3.845,54.3,0.0,120.0,40.5
2026-05-08 14:24:17.600000,5/8/2026,20260508_141954_986.txt,53.87,0.52,32.0,47,99.0,97.5,0,PRE-CHARGE,1,3.848,3.848,3.848,3.845,3.848,3.845,3.848,3.845,3.848,3.845,3.848,3.848,3.848,3.845,54.3,0.0,120.0,40.5
2026-05-08 14:24:19.700000,5/8/2026,20260508_141954_986.txt,53.86,0.52,32.0,47,99.0,97.5,0,PRE-CHARGE,1,3.848,3.848,3.848,3.845,3.848,3.845,3.848,3.845,3.848,3.845,3.848,3.848,3.848,3.845,54.3,0.0,120.0,40.5
2026-05-08 14:24:23.900000,5/8/2026,20260508_141954_986.txt,53.87,0.52,32.0,47,99.0,97.5,0,PRE-CHARGE,1,3.848,3.848,3.848,3.845,3.848,3.845,3.848,3.845,3.848,3.845,3.848,3.845,3.848,3.845,54.3,0.0,120.0,40.5
2026-05-08 14:24:26.200000,5/8/2026,20260508_141954_986.txt,53.86,0.52,,47,99.0,97.5,0,PRE-CHARGE,1,3.848,3.848,3.848,3.845,3.848,3.845,3.848,3.845,3.848,3.845,3.848,3.845,3.848,3.845,,,,
2026-05-08 14:24:28.200000,5/8/2026,20260508_141954_986.txt,53.87,0.52,32.0,47,99.0,97.5,0,PRE-CHARGE,1,3.848,3.848,3.848,3.845,3.848,3.845,3.848,3.845,3.848,3.845,3.848,3.848,3.848,3.845,54.3,0.0,120.0,40.5
2026-05-08 14:24:30.300000,5/8/2026,20260508_141954_986.txt,53.87,0.52,32.0,47,99.0,97.5,0,PRE-CHARGE,1,3.848,3.848,3.848,3.845,3.848,3.845,3.848,3.845,3.848,3.845,3.848,3.848,3.848,3.845,54.3,0.0,120.0,40.5
2026-05-08 14:24:32.500000,5/8/2026,20260508_141954_986.txt,53.86,0.52,32.0,47,99.0,97.5,0,PRE-CHARGE,1,3.848,3.848,3.848,3.845,3.848,3.845,3.848,3.845,3.848,3.845,3.848,3.845,3.848,3.845,54.3,0.0,120.0,40.5
2026-05-08 14:24:36.700000,5/8/2026,20260508_141954_986.txt,53.87,0.52,32.0,47,99.0,97.5,0,PRE-CHARGE,1,3.848,3.848,3.848,3.845,3.848,3.845,3.848,3.845,3.848,3.845,3.848,3.848,3.848,3.845,54.3,0.0,120.0,40.5
2026-05-08 14:24:38.800000,5/8/2026,20260508_141954_986.txt,53.87,0.52,32.0,47,99.0,97.5,0,PRE-CHARGE,1,3.848,3.848,3.848,3.845,3.848,3.845,3.848,3.845,3.848,3.845,3.848,3.845,,,54.3,0.0,120.0,40.5
2026-05-08 14:24:43.100000,5/8/2026,20260508_141954_986.txt,53.87,0.52,32.0,47,99.0,97.5,0,PRE-CHARGE,1,3.848,3.848,3.848,3.845,3.848,3.845,3.848,3.845,3.848,3.845,3.848,3.848,3.848,3.845,54.3,0.0,120.0,40.5
2026-05-08 14:24:45.200000,5/8/2026,20260508_141954_986.txt,53.87,0.52,32.0,46,99.0,97.5,0,PRE-CHARGE,1,,,,,3.848,3.845,3.848,3.845,3.848,3.845,3.848,3.848,3.848,3.845,54.3,0.0,120.0,40.5
2026-05-08 14:24:49.400000,5/8/2026,20260508_141954_986.txt,53.87,0.52,32.0,46,99.0,97.5,0,PRE-CHARGE,1,3.848,3.848,3.848,3.845,3.848,3.845,3.848,3.845,3.848,3.845,3.848,3.848,3.848,3.845,54.3,0.0,120.0,40.5
2026-05-08 14:24:51.600000,5/8/2026,20260508_141954_986.txt,53.87,0.52,32.0,46,99.0,97.5,0,PRE-CHARGE,1,3.848,3.848,3.848,3.845,3.848,3.845,3.848,3.845,3.848,3.845,3.848,3.848,3.848,3.845,54.3,0.0,120.0,40.5
2026-05-08 14:24:53.700000,5/8/2026,20260508_141954_986.txt,53.87,0.52,32.0,46,99.0,97.5,0,PRE-CHARGE,1,,,,,3.848,3.845,3.848,3.845,3.848,3.845,3.848,3.848,3.848,3.845,54.3,0.0,120.0,40.5
2026-05-08 14:24:55.900000,5/8/2026,20260508_141954_986.txt,53.87,0.52,32.0,46,99.0,97.5,0,PRE-CHARGE,1,3.848,3.848,3.848,3.845,3.848,3.845,3.848,3.845,3.848,3.845,3.848,3.845,3.848,3.845,54.3,0.0,120.0,40.5
2026-05-08 14:25:00.300000,5/8/2026,20260508_141954_986.txt,53.87,0.52,,46,99.0,97.5,0,PRE-CHARGE,1,,,,,3.848,3.848,3.848,3.845,3.848,3.845,3.848,3.848,3.848,3.845,,,,
2026-05-08 14:25:04.300000,5/8/2026,20260508_141954_986.txt,53.86,0.52,32.0,46,99.0,97.5,0,PRE-CHARGE,1,,,,,3.848,3.845,3.848,3.845,3.848,3.845,3.848,3.848,3.848,3.845,54.3,0.0,120.0,40.5
2026-05-08 14:25:06.600000,5/8/2026,20260508_141954_986.txt,53.86,0.52,,46,99.0,97.5,0,PRE-CHARGE,1,,,,,3.848,3.845,3.848,3.845,3.848,3.845,3.848,3.845,,,54.3,0.0,120.0,40.5
2026-05-08 14:25:08.700000,5/8/2026,20260508_141954_986.txt,53.86,0.52,,46,99.0,97.5,0,PRE-CHARGE,1,3.848,3.848,3.848,3.845,3.848,3.845,3.848,3.845,,,,,3.848,3.845,54.3,0.0,120.0,40.5
2026-05-08 14:25:10.700000,5/8/2026,20260508_141954_986.txt,53.87,0.52,32.0,46,99.0,97.5,0,PRE-CHARGE,1,3.848,3.848,3.848,3.845,3.848,3.845,3.848,3.845,3.848,3.845,3.848,3.848,3.848,3.845,54.3,0.0,120.0,40.5
2026-05-08 14:25:12.800000,5/8/2026,20260508_141954_986.txt,53.86,0.52,32.0,46,99.0,97.5,0,PRE-CHARGE,1,3.848,3.848,3.848,3.845,3.848,3.845,3.848,3.845,3.848,3.845,3.848,3.848,3.848,3.845,,,,
2026-05-08 14:25:19.200000,5/8/2026,20260508_141954_986.txt,53.87,0.52,32.0,46,99.0,97.5,0,PRE-CHARGE,1,3.848,3.848,3.848,3.845,3.848,3.845,3.848,3.845,3.848,3.845,3.848,3.848,3.848,3.845,54.3,0.0,120.0,40.5
2026-05-08 14:25:21.300000,5/8/2026,20260508_141954_986.txt,53.87,0.52,32.0,46,99.0,97.5,0,PRE-CHARGE,1,3.848,3.848,3.848,3.845,3.848,3.845,3.848,3.845,3.848,3.845,3.848,3.845,3.848,3.845,54.3,0.0,120.0,40.5
2026-05-08 14:25:31.900000,5/8/2026,20260508_141954_986.txt,53.86,0.52,32.0,46,99.0,97.5,0,PRE-CHARGE,1,3.848,3.848,3.848,3.845,3.848,3.845,3.848,3.845,3.848,3.845,3.848,3.848,3.848,3.845,54.3,0.0,120.0,40.5
2026-05-08 14:25:34.300000,5/8/2026,20260508_141954_986.txt,53.86,0.52,,46,99.0,97.5,0,PRE-CHARGE,1,3.848,3.848,3.848,3.845,3.848,3.845,3.848,3.845,3.848,3.845,3.848,3.845,3.848,3.845,54.3,0.0,120.0,40.5
2026-05-08 14:25:38.300000,5/8/2026,20260508_141954_986.txt,53.87,0.52,32.0,46,99.0,97.5,0,PRE-CHARGE,1,3.848,3.848,3.848,3.845,3.848,3.845,3.848,3.845,3.848,3.845,3.848,3.848,3.848,3.845,54.3,0.0,120.0,40.5
2026-05-08 14:25:40.400000,5/8/2026,20260508_141954_986.txt,53.87,0.52,32.0,46,99.0,97.5,0,PRE-CHARGE,1,3.848,3.848,3.848,3.845,3.848,3.845,3.848,3.845,3.848,3.845,3.848,3.845,3.848,3.845,54.3,0.0,120.0,40.5
2026-05-08 14:25:42.500000,5/8/2026,20260508_141954_986.txt,53.86,0.52,32.0,46,99.0,97.5,0,PRE-CHARGE,1,3.848,3.848,3.848,3.845,3.848,3.845,3.848,3.845,3.848,3.845,3.848,3.848,3.848,3.845,54.3,0.0,120.0,40.5
2026-05-08 14:25:46.800000,5/8/2026,20260508_141954_986.txt,53.87,0.52,32.0,47,99.0,97.5,0,PRE-CHARGE,1,3.848,3.848,3.848,3.845,3.848,3.845,3.848,3.845,3.848,3.845,3.848,3.845,3.848,3.845,54.3,0.0,120.0,40.5
2026-05-08 14:25:51.000000,5/8/2026,20260508_141954_986.txt,53.86,0.52,32.0,47,99.0,97.5,0,PRE-CHARGE,1,3.848,3.848,3.848,3.845,3.848,3.845,3.848,3.845,3.848,3.845,3.848,3.845,3.848,3.845,54.3,0.0,120.0,40.5
2026-05-08 14:25:55.500000,5/8/2026,20260508_141954_986.txt,53.86,0.52,32.0,47,99.0,97.5,0,PRE-CHARGE,1,3.848,3.848,3.848,3.845,3.848,3.845,3.848,3.845,3.848,3.845,3.848,3.848,3.848,3.845,54.3,0.0,120.0,40.5
2026-05-08 14:26:01.700000,5/8/2026,20260508_141954_986.txt,53.86,0.52,32.0,47,99.0,97.5,0,PRE-CHARGE,1,3.848,3.848,3.848,3.845,3.848,3.845,3.848,3.845,3.848,3.845,3.848,3.848,3.848,3.845,54.3,0.0,120.0,40.5
2026-05-08 14:26:03.900000,5/8/2026,20260508_141954_986.txt,53.87,0.52,32.0,47,99.0,97.5,0,PRE-CHARGE,1,3.848,3.848,3.848,3.845,3.848,3.845,3.848,3.845,3.848,3.845,3.848,3.848,,,,,,
2026-05-08 14:26:05.900000,5/8/2026,20260508_141954_986.txt,53.86,0.52,32.0,47,99.0,97.5,0,PRE-CHARGE,1,3.848,3.848,3.848,3.845,3.848,3.845,3.848,3.845,3.848,3.845,3.848,3.848,3.848,3.845,54.3,0.0,120.0,40.5
2026-05-08 14:26:08.100000,5/8/2026,20260508_141954_986.txt,53.87,0.52,32.0,47,99.0,97.5,0,PRE-CHARGE,1,3.848,3.848,3.848,3.845,3.848,3.845,3.848,3.845,3.848,3.845,3.848,3.848,3.848,3.845,54.3,0.0,120.0,40.5
2026-05-08 14:26:10.200000,5/8/2026,20260508_141954_986.txt,53.86,0.52,32.0,47,99.0,97.5,0,PRE-CHARGE,1,3.848,3.848,3.848,3.845,,,,,3.848,3.845,3.848,3.848,3.848,3.845,54.3,0.0,120.0,40.5
2026-05-08 14:26:14.500000,5/8/2026,20260508_141954_986.txt,53.87,0.52,32.0,47,99.0,97.5,0,PRE-CHARGE,1,3.848,3.848,3.848,3.845,3.848,3.845,3.848,3.845,3.848,3.845,3.848,3.848,3.848,3.845,54.3,0.0,120.0,40.5
2026-05-08 14:26:16.700000,5/8/2026,20260508_141954_986.txt,53.87,0.52,32.0,47,99.0,97.5,0,PRE-CHARGE,1,3.848,3.848,3.848,3.845,3.848,3.845,3.848,3.845,3.848,3.845,3.848,3.848,3.848,3.845,54.3,0.0,120.0,40.5
2026-05-08 14:26:18.800000,5/8/2026,20260508_141954_986.txt,53.87,0.52,32.0,47,99.0,97.5,0,PRE-CHARGE,1,3.848,3.848,3.848,3.845,3.848,3.845,3.848,3.845,3.848,3.845,3.848,3.848,3.848,3.845,54.3,0.0,120.0,40.5
2026-05-08 14:26:23.000000,5/8/2026,20260508_141954_986.txt,53.87,0.52,32.0,47,99.0,97.5,0,PRE-CHARGE,1,3.848,3.848,3.848,3.845,3.848,3.845,3.848,3.845,,,,,3.848,3.845,54.3,0.0,120.0,40.5
2026-05-08 14:26:29.400000,5/8/2026,20260508_141954_986.txt,53.87,0.52,32.0,47,99.0,97.5,0,PRE-CHARGE,1,3.848,3.848,3.848,3.845,3.848,3.845,3.848,3.845,3.848,3.845,3.848,3.848,3.848,3.845,54.3,0.0,120.0,40.5
2026-05-08 14:26:33.700000,5/8/2026,20260508_141954_986.txt,53.87,0.52,32.0,47,99.0,97.5,0,PRE-CHARGE,1,3.848,3.848,3.848,3.845,3.848,3.845,3.848,3.845,3.848,3.845,3.848,3.848,3.848,3.845,54.3,0.0,120.0,40.5
2026-05-08 14:26:35.800000,5/8/2026,20260508_141954_986.txt,53.87,0.52,32.0,47,99.0,97.5,0,PRE-CHARGE,1,3.848,3.848,3.848,3.845,,,,,3.848,3.845,3.848,3.848,3.848,3.845,54.3,0.0,120.0,40.5
2026-05-08 14:26:38.100000,5/8/2026,20260508_141954_986.txt,53.87,0.52,,47,99.0,97.5,0,PRE-CHARGE,1,3.848,3.848,3.848,3.845,3.848,3.845,3.848,3.845,3.848,3.845,3.848,3.848,3.848,3.845,54.3,0.0,120.0,40.5
2026-05-08 14:26:40.000000,5/8/2026,20260508_141954_986.txt,53.87,0.52,32.0,47,99.0,97.5,0,PRE-CHARGE,1,,,,,3.848,3.845,3.848,3.845,3.848,3.845,3.848,3.848,3.848,3.845,54.3,0.0,120.0,40.5
2026-05-08 14:26:42.200000,5/8/2026,20260508_141954_986.txt,53.87,0.52,32.0,47,99.0,97.5,0,PRE-CHARGE,1,3.848,3.848,3.848,3.845,3.848,3.845,3.848,3.845,3.848,3.845,3.848,3.848,,,54.3,0.0,120.0,40.5
2026-05-08 14:26:44.300000,5/8/2026,20260508_141954_986.txt,53.87,0.52,32.0,47,99.0,97.5,0,PRE-CHARGE,1,3.848,3.848,3.848,3.845,3.848,3.848,3.848,3.845,3.848,3.845,3.848,3.848,3.848,3.845,,,,
2026-05-08 14:26:50.700000,5/8/2026,20260508_141954_986.txt,53.87,0.52,32.0,46,99.0,97.5,0,PRE-CHARGE,1,3.848,3.848,3.848,3.845,3.848,3.845,3.848,3.845,3.848,3.845,3.848,3.848,3.848,3.845,54.3,0.0,120.0,40.5
2026-05-08 14:26:55.000000,5/8/2026,20260508_141954_986.txt,53.87,0.52,32.0,46,99.0,97.5,0,PRE-CHARGE,1,3.848,3.848,3.848,3.845,3.848,3.845,3.848,3.845,3.848,3.845,3.848,3.848,3.848,3.845,54.3,0.0,120.0,40.5
2026-05-08 14:26:57.100000,5/8/2026,20260508_141954_986.txt,53.87,0.52,32.0,46,99.0,97.5,0,PRE-CHARGE,1,3.848,3.848,3.848,3.845,3.848,3.845,3.848,3.845,3.848,3.845,3.848,3.848,3.848,3.845,54.3,0.0,120.0,40.5
2026-05-08 14:27:01.300000,5/8/2026,20260508_141954_986.txt,53.87,0.52,32.0,46,99.0,97.5,0,PRE-CHARGE,1,,,,,3.848,3.845,3.848,3.845,3.848,3.845,3.848,3.848,3.848,3.845,54.3,0.0,120.0,40.5
2026-05-08 14:27:05.600000,5/8/2026,20260508_141954_986.txt,53.87,0.52,32.0,46,99.0,97.5,0,PRE-CHARGE,1,,,,,3.848,3.845,3.848,3.845,3.848,3.845,3.848,3.848,3.848,3.845,54.3,0.0,120.0,40.5
2026-05-08 14:27:09.800000,5/8/2026,20260508_141954_986.txt,53.87,0.52,32.0,46,99.0,97.5,0,PRE-CHARGE,1,3.848,3.848,3.848,3.845,3.848,3.845,3.848,3.845,3.848,3.845,3.848,3.848,3.848,3.845,54.3,0.0,120.0,40.5
2026-05-08 14:27:11.900000,5/8/2026,20260508_141954_986.txt,53.87,0.52,32.0,46,99.0,97.5,0,PRE-CHARGE,1,3.848,3.848,3.848,3.845,3.848,3.845,3.848,3.845,3.848,3.845,3.848,3.845,3.848,3.845,54.3,0.0,120.0,40.5
2026-05-08 14:27:14.100000,5/8/2026,20260508_141954_986.txt,53.87,0.52,32.0,46,99.0,97.5,0,PRE-CHARGE,1,3.848,3.848,3.848,3.845,3.848,3.845,3.848,3.845,3.848,3.845,3.848,3.848,,,,,,
2026-05-08 14:27:16.200000,5/8/2026,20260508_141954_986.txt,53.87,0.52,32.0,46,99.0,97.5,0,PRE-CHARGE,1,3.848,3.848,3.848,3.845,3.848,3.845,3.848,3.845,3.848,3.845,3.848,3.845,3.848,3.845,,,,
2026-05-08 14:27:18.300000,5/8/2026,20260508_141954_986.txt,53.86,0.52,32.0,46,99.0,97.5,0,PRE-CHARGE,1,3.848,3.848,3.848,3.845,3.848,3.845,3.848,3.845,3.848,3.845,3.848,3.845,3.848,3.845,54.3,0.0,120.0,40.5
2026-05-08 14:27:20.400000,5/8/2026,20260508_141954_986.txt,53.87,0.52,32.0,46,99.0,97.5,0,PRE-CHARGE,1,3.848,3.848,3.848,3.845,3.848,3.845,3.848,3.845,3.848,3.845,3.848,3.848,3.848,3.845,54.3,0.0,120.0,40.5
2026-05-08 14:27:22.500000,5/8/2026,20260508_141954_986.txt,53.87,0.52,32.0,46,99.0,97.5,0,PRE-CHARGE,1,3.848,3.848,3.848,3.845,3.848,3.845,3.848,3.845,3.848,3.845,3.848,3.848,,,54.3,0.0,120.0,40.5
2026-05-08 14:27:24.700000,5/8/2026,20260508_141954_986.txt,53.86,0.52,32.0,46,99.0,97.5,0,PRE-CHARGE,1,3.848,3.848,3.848,3.845,,,,,3.848,3.845,3.848,3.845,3.848,3.845,54.3,0.0,120.0,40.5
2026-05-08 14:27:26.800000,5/8/2026,20260508_141954_986.txt,53.87,0.52,32.0,46,99.0,97.5,0,PRE-CHARGE,1,3.848,3.848,3.848,3.845,3.848,3.845,3.848,3.845,3.848,3.845,3.848,3.845,3.848,3.845,54.3,0.0,120.0,40.5
2026-05-08 14:27:33.200000,5/8/2026,20260508_141954_986.txt,53.87,0.52,32.0,46,99.0,97.5,0,PRE-CHARGE,1,3.848,3.848,3.848,3.845,3.848,3.845,3.848,3.845,3.848,3.845,3.848,3.848,3.848,3.845,54.3,0.0,120.0,40.5
2026-05-08 14:27:35.400000,5/8/2026,20260508_141954_986.txt,53.87,0.52,,46,99.0,97.5,0,PRE-CHARGE,1,3.848,3.848,3.848,3.845,3.848,3.845,3.848,3.845,3.848,3.845,3.848,3.845,3.848,3.845,54.3,0.0,120.0,40.5
2026-05-08 14:27:37.400000,5/8/2026,20260508_141954_986.txt,53.87,0.52,32.0,47,99.0,97.5,0,PRE-CHARGE,1,3.848,3.848,3.848,3.845,3.848,3.845,3.848,3.845,3.848,3.845,3.848,3.848,3.848,3.845,54.3,0.0,120.0,40.5
2026-05-08 14:27:39.500000,5/8/2026,20260508_141954_986.txt,53.87,0.52,32.0,47,99.0,97.5,0,PRE-CHARGE,1,3.848,3.848,3.848,3.845,3.848,3.845,3.848,3.845,3.848,3.845,3.848,3.848,3.848,3.845,54.3,0.0,120.0,40.5
2026-05-08 14:27:41.600000,5/8/2026,20260508_141954_986.txt,53.86,0.52,32.0,47,99.0,97.5,0,PRE-CHARGE,1,3.848,3.848,3.848,3.845,,,,,,,,,3.848,3.845,54.3,0.0,120.0,40.5
2026-05-08 14:27:45.900000,5/8/2026,20260508_141954_986.txt,53.86,0.52,32.0,47,99.0,97.5,0,PRE-CHARGE,1,3.848,3.848,3.848,3.845,3.848,3.845,3.848,3.845,3.848,3.845,3.848,3.845,3.848,3.845,54.3,0.0,120.0,40.5
2026-05-08 14:27:56.500000,5/8/2026,20260508_141954_986.txt,53.87,0.52,32.0,47,99.0,97.5,0,PRE-CHARGE,1,3.848,3.848,3.848,3.845,3.848,3.845,3.848,3.845,3.848,3.845,3.848,3.848,3.848,3.845,54.3,0.0,120.0,40.5
2026-05-08 14:27:58.700000,5/8/2026,20260508_141954_986.txt,53.87,0.52,32.0,47,99.0,97.5,0,PRE-CHARGE,1,3.848,3.848,3.848,3.845,,,,,3.848,3.845,3.848,3.848,3.848,3.845,54.3,0.0,120.0,40.5
2026-05-08 14:28:00.800000,5/8/2026,20260508_141954_986.txt,53.87,0.52,32.0,47,99.0,97.5,0,PRE-CHARGE,1,3.848,3.848,3.848,3.845,3.848,3.845,3.848,3.845,,,,,3.848,3.845,54.3,0.0,120.0,40.5
2026-05-08 14:28:03.200000,5/8/2026,20260508_141954_986.txt,53.87,0.52,,47,99.0,97.5,0,PRE-CHARGE,1,3.848,3.848,3.848,3.845,3.848,3.845,3.848,3.845,3.848,3.845,3.848,3.848,3.848,3.845,,,,
2026-05-08 14:28:07.200000,5/8/2026,20260508_141954_986.txt,53.86,0.52,32.0,47,99.0,97.5,0,PRE-CHARGE,1,3.848,3.848,3.848,3.845,3.848,3.845,3.848,3.845,3.848,3.845,3.848,3.848,3.848,3.845,54.3,0.0,120.0,40.5
2026-05-08 14:28:13.600000,5/8/2026,20260508_141954_986.txt,53.87,0.52,32.0,47,99.0,97.5,0,PRE-CHARGE,1,3.848,3.848,3.848,3.845,3.848,3.845,3.848,3.845,3.848,3.845,3.848,3.848,3.848,3.845,54.3,0.0,120.0,40.5
2026-05-08 14:28:17.800000,5/8/2026,20260508_141954_986.txt,53.87,0.52,32.0,47,99.0,97.5,0,PRE-CHARGE,1,3.848,3.848,3.848,3.845,3.848,3.845,3.848,3.845,3.848,3.845,3.848,3.848,3.848,3.845,54.3,0.0,120.0,40.5
2026-05-08 14:28:20.300000,5/8/2026,20260508_141954_986.txt,53.87,0.52,,47,99.0,97.5,0,PRE-CHARGE,1,3.848,3.848,3.848,3.845,3.848,3.848,3.848,3.845,3.848,3.845,3.848,3.848,3.848,3.845,54.3,0.0,120.0,40.5
2026-05-08 14:28:26.400000,5/8/2026,20260508_141954_986.txt,53.87,0.52,32.0,47,99.0,97.5,0,PRE-CHARGE,1,3.848,3.848,3.848,3.845,3.848,3.848,3.848,3.845,3.848,3.845,3.848,3.848,3.848,3.845,,,,
2026-05-08 14:28:32.700000,5/8/2026,20260508_141954_986.txt,53.87,0.52,32.0,47,99.0,97.5,0,PRE-CHARGE,1,3.848,3.848,3.848,3.845,3.848,3.845,3.848,3.845,3.848,3.845,3.848,3.848,3.848,3.845,54.3,0.0,120.0,40.5
2026-05-08 14:28:34.800000,5/8/2026,20260508_141954_986.txt,53.87,0.52,32.0,47,99.0,97.5,0,PRE-CHARGE,1,3.848,3.848,3.848,3.845,3.848,3.845,3.848,3.848,,,,,3.848,3.845,54.3,0.0,120.0,40.5
2026-05-08 14:28:43.500000,5/8/2026,20260508_141954_986.txt,53.87,0.52,32.0,47,99.0,97.5,0,PRE-CHARGE,1,3.848,3.848,3.848,3.845,3.848,3.848,3.848,3.845,3.848,3.845,3.848,3.848,3.848,3.848,54.3,0.0,120.0,40.5
2026-05-08 14:28:47.600000,5/8/2026,20260508_141954_986.txt,53.87,0.52,32.0,47,99.0,97.5,0,PRE-CHARGE,1,3.848,3.848,3.848,3.845,3.848,3.845,3.848,3.845,3.848,3.845,3.848,3.848,3.848,3.845,54.3,0.0,120.0,40.5
2026-05-08 14:28:49.800000,5/8/2026,20260508_141954_986.txt,53.87,0.52,32.0,46,99.0,97.5,0,PRE-CHARGE,1,,,,,3.848,3.845,3.848,3.845,3.848,3.845,3.848,3.848,,,54.3,0.0,120.0,40.5
2026-05-08 14:28:56.200000,5/8/2026,20260508_141954_986.txt,53.87,0.52,32.0,46,99.0,97.5,0,PRE-CHARGE,1,3.848,3.848,3.848,3.845,3.848,3.845,3.848,3.845,3.848,3.845,3.848,3.848,3.848,3.848,54.3,0.0,120.0,40.5
2026-05-08 14:28:58.400000,5/8/2026,20260508_141954_986.txt,53.87,0.52,,46,99.0,97.5,0,PRE-CHARGE,1,3.848,3.848,3.848,3.845,,,,,3.848,3.845,3.848,3.848,3.848,3.845,54.3,0.0,120.0,40.5
2026-05-08 14:29:00.500000,5/8/2026,20260508_141954_986.txt,53.87,0.52,32.0,46,99.0,97.5,0,PRE-CHARGE,1,,,,,3.848,3.848,3.848,3.845,3.848,3.845,3.848,3.845,3.848,3.848,54.3,0.0,120.0,40.5
2026-05-08 14:29:04.900000,5/8/2026,20260508_141954_986.txt,53.86,0.52,32.0,46,99.0,97.5,0,PRE-CHARGE,1,3.848,3.848,3.848,3.845,3.848,3.845,3.848,3.845,3.848,3.845,3.848,3.845,3.848,3.845,54.3,0.0,120.0,40.5
2026-05-08 14:29:11.100000,5/8/2026,20260508_141954_986.txt,53.86,0.52,32.0,46,99.0,97.5,0,PRE-CHARGE,1,3.848,3.848,3.848,3.845,3.848,3.845,3.848,3.845,3.848,3.845,3.848,3.848,3.848,3.845,54.3,0.0,120.0,40.5
2026-05-08 14:29:13.100000,5/8/2026,20260508_141954_986.txt,53.87,0.52,32.0,46,99.0,97.5,0,PRE-CHARGE,1,3.848,3.848,3.848,3.845,3.848,3.845,3.848,3.845,3.848,3.845,3.848,3.848,3.848,3.845,54.3,0.0,120.0,40.5
2026-05-08 14:29:15.300000,5/8/2026,20260508_141954_986.txt,53.87,0.52,32.0,46,99.0,97.5,0,PRE-CHARGE,1,3.848,3.848,3.848,3.845,3.848,3.845,3.848,3.845,3.848,3.845,3.848,3.845,,,54.3,0.0,120.0,40.5
2026-05-08 14:29:17.400000,5/8/2026,20260508_141954_986.txt,53.86,0.52,32.0,46,99.0,97.5,0,PRE-CHARGE,1,3.848,3.848,3.848,3.845,3.848,3.845,3.848,3.845,3.848,3.845,3.848,3.845,3.848,3.845,54.3,0.0,120.0,40.5
2026-05-08 14:29:19.600000,5/8/2026,20260508_141954_986.txt,53.86,0.52,32.0,46,99.0,97.5,0,PRE-CHARGE,1,3.848,3.848,3.848,3.845,3.848,3.845,3.848,3.845,3.848,3.845,3.848,3.845,3.848,3.845,54.3,0.0,120.0,40.5
2026-05-08 14:29:25.900000,5/8/2026,20260508_141954_986.txt,53.86,0.52,32.0,46,99.0,97.5,0,PRE-CHARGE,1,3.848,3.848,3.848,3.845,3.848,3.845,3.848,3.845,3.848,3.845,3.848,3.845,3.848,3.845,54.3,0.0,120.0,40.5
2026-05-08 14:29:28.100000,5/8/2026,20260508_141954_986.txt,53.86,0.52,32.0,46,99.0,97.5,0,PRE-CHARGE,1,3.845,3.848,3.848,3.845,3.848,3.845,3.848,3.845,3.848,3.845,3.848,3.848,,,54.3,0.0,120.0,40.5
2026-05-08 14:29:36.500000,5/8/2026,20260508_141954_986.txt,53.87,0.52,32.0,46,99.0,97.5,0,PRE-CHARGE,1,3.848,3.848,3.848,3.845,3.848,3.845,3.848,3.848,3.848,3.845,3.848,3.848,3.848,3.845,54.3,0.0,120.0,40.5
2026-05-08 14:29:42.900000,5/8/2026,20260508_141954_986.txt,53.86,0.52,32.0,47,99.0,97.5,0,PRE-CHARGE,1,3.845,3.848,3.848,3.845,3.848,3.845,3.848,3.845,3.848,3.845,3.848,3.845,3.848,3.845,54.3,0.0,120.0,40.5
2026-05-08 14:29:45.000000,5/8/2026,20260508_141954_986.txt,53.86,0.52,32.0,47,99.0,97.5,0,PRE-CHARGE,1,3.848,3.848,3.848,3.845,3.848,3.845,3.848,3.845,3.848,3.845,3.848,3.848,3.848,3.845,54.3,0.0,120.0,40.5
2026-05-08 14:29:49.300000,5/8/2026,20260508_141954_986.txt,53.86,0.52,32.0,47,99.0,97.5,0,PRE-CHARGE,1,3.848,3.848,3.848,3.845,3.848,3.845,3.848,3.845,3.848,3.845,3.848,3.845,3.848,3.845,54.3,0.0,120.0,40.5
2026-05-08 14:29:53.600000,5/8/2026,20260508_141954_986.txt,53.87,0.52,32.0,47,99.0,97.5,0,PRE-CHARGE,1,3.848,3.848,3.848,3.845,3.848,3.848,3.848,3.845,3.848,3.845,3.848,3.845,3.848,3.845,54.3,0.0,120.0,40.5
2026-05-08 14:29:57.800000,5/8/2026,20260508_141954_986.txt,53.86,0.52,32.0,47,99.0,97.5,0,PRE-CHARGE,1,3.848,3.848,3.848,3.845,3.848,3.845,3.848,3.845,3.848,3.845,3.848,3.845,3.848,3.845,54.3,0.0,120.0,40.5
2026-05-08 14:30:00.100000,5/8/2026,20260508_141954_986.txt,53.87,0.52,,47,99.0,97.5,0,PRE-CHARGE,1,3.848,3.848,3.848,3.845,3.848,3.845,3.848,3.845,3.848,3.845,3.848,3.845,3.848,3.845,,,,
2026-05-08 14:30:04.200000,5/8/2026,20260508_141954_986.txt,53.87,0.52,32.0,47,99.0,97.5,0,PRE-CHARGE,1,3.848,3.848,3.848,3.845,3.848,3.845,3.848,3.845,3.848,3.845,3.848,3.845,3.848,3.845,54.3,0.0,120.0,40.5
2026-05-08 14:30:06.400000,5/8/2026,20260508_141954_986.txt,53.87,0.52,32.0,47,99.0,97.5,0,PRE-CHARGE,1,,,,,3.848,3.848,3.848,3.845,3.848,3.845,3.848,3.848,3.848,3.845,54.3,0.0,120.0,40.5
2026-05-08 14:30:08.500000,5/8/2026,20260508_141954_986.txt,53.86,0.52,32.0,47,99.0,97.5,0,PRE-CHARGE,1,3.848,3.848,3.848,3.845,3.848,3.845,3.848,3.845,3.848,3.845,3.848,3.848,3.848,3.845,54.3,0.0,120.0,40.5
2026-05-08 14:30:10.600000,5/8/2026,20260508_141954_986.txt,53.87,0.52,32.0,47,99.0,97.5,0,PRE-CHARGE,1,3.848,3.848,3.848,3.845,3.848,3.845,3.848,3.845,3.848,3.845,3.848,3.845,3.848,3.845,54.3,0.0,120.0,40.5
2026-05-08 14:30:12.800000,5/8/2026,20260508_141954_986.txt,53.86,0.52,32.0,47,99.0,97.5,0,PRE-CHARGE,1,,,,,,,,,3.848,3.845,3.848,3.845,3.848,3.845,54.3,0.0,120.0,40.5
2026-05-08 14:30:17.000000,5/8/2026,20260508_141954_986.txt,53.87,0.52,32.0,47,99.0,97.5,0,PRE-CHARGE,1,3.848,3.848,3.848,3.845,3.848,3.845,3.848,3.845,3.848,3.845,3.848,3.845,3.848,3.845,54.3,0.0,120.0,40.5
2026-05-08 14:30:19.100000,5/8/2026,20260508_141954_986.txt,53.87,0.52,32.0,47,99.0,97.5,0,PRE-CHARGE,1,,,,,3.848,3.845,3.848,3.845,3.848,3.845,3.848,3.845,3.848,3.845,54.3,0.0,120.0,40.5
2026-05-08 14:30:21.300000,5/8/2026,20260508_141954_986.txt,53.87,0.52,32.0,47,99.0,97.5,0,PRE-CHARGE,1,3.848,3.848,3.848,3.845,3.848,3.845,3.848,3.845,3.848,3.845,3.848,3.845,3.848,3.845,54.3,0.0,120.0,40.5
2026-05-08 14:30:32.000000,5/8/2026,20260508_141954_986.txt,53.87,0.52,32.0,47,99.0,97.5,0,PRE-CHARGE,1,3.848,3.848,3.848,3.845,3.848,3.845,3.848,3.845,3.848,3.845,3.848,3.848,3.848,3.845,54.3,0.0,120.0,40.5
2026-05-08 14:30:34.100000,5/8/2026,20260508_141954_986.txt,53.87,0.52,32.0,47,99.0,97.5,0,PRE-CHARGE,1,3.848,3.848,3.848,3.845,3.848,3.845,3.848,3.845,,,,,3.848,3.845,54.3,0.0,120.0,40.5
2026-05-08 14:30:36.400000,5/8/2026,20260508_141954_986.txt,53.87,0.52,,47,99.0,97.5,0,PRE-CHARGE,1,,,,,3.848,3.845,3.848,3.845,3.848,3.845,3.848,3.848,3.848,3.845,,,,
2026-05-08 14:30:38.500000,5/8/2026,20260508_141954_986.txt,53.87,0.52,,47,99.0,97.5,0,PRE-CHARGE,1,,,,,3.848,3.845,3.848,3.845,3.848,3.845,3.848,3.845,3.848,3.845,54.3,0.0,120.0,40.5
2026-05-08 14:30:40.500000,5/8/2026,20260508_141954_986.txt,53.87,0.52,32.0,47,99.0,97.5,0,PRE-CHARGE,1,3.848,3.848,3.848,3.845,3.848,3.845,3.848,3.845,3.848,3.845,3.848,3.848,3.848,3.845,54.3,0.0,120.0,40.5
2026-05-08 14:30:42.600000,5/8/2026,20260508_141954_986.txt,53.87,0.52,32.0,47,99.0,97.5,0,PRE-CHARGE,1,3.848,3.848,3.848,3.845,3.848,3.845,3.848,3.845,3.848,3.845,3.848,3.848,3.848,3.845,54.3,0.0,120.0,40.5
2026-05-08 14:30:44.700000,5/8/2026,20260508_141954_986.txt,53.87,0.52,32.0,47,99.0,97.5,0,PRE-CHARGE,1,,,,,3.848,3.845,3.848,3.845,3.848,3.845,3.848,3.848,3.848,3.845,54.3,0.0,120.0,40.5
2026-05-08 14:30:47.000000,5/8/2026,20260508_141954_986.txt,53.87,0.52,,47,99.0,97.5,0,PRE-CHARGE,1,3.848,3.848,3.848,3.845,3.848,3.845,3.848,3.845,,,,,3.848,3.845,54.3,0.0,120.0,40.5
2026-05-08 14:30:51.100000,5/8/2026,20260508_141954_986.txt,53.87,0.52,32.0,46,99.0,97.5,0,PRE-CHARGE,1,3.848,3.848,3.848,3.845,3.848,3.845,3.848,3.845,3.848,3.845,3.848,3.848,3.848,3.845,54.3,0.0,120.0,40.5
2026-05-08 14:30:53.400000,5/8/2026,20260508_141954_986.txt,53.87,0.52,,46,99.0,97.5,0,PRE-CHARGE,1,,,,,3.848,3.845,3.848,3.845,3.848,3.845,3.848,3.845,3.848,3.845,,,,
2026-05-08 14:30:55.500000,5/8/2026,20260508_141954_986.txt,53.86,0.52,,46,99.0,97.5,0,PRE-CHARGE,1,3.848,3.848,3.848,3.845,3.848,3.845,3.848,3.845,3.848,3.845,3.848,3.845,3.848,3.845,54.3,0.0,120.0,40.5
2026-05-08 14:30:57.500000,5/8/2026,20260508_141954_986.txt,53.87,0.52,32.0,46,99.0,97.5,0,PRE-CHARGE,1,3.848,3.848,3.848,3.845,3.848,3.845,3.848,3.845,3.848,3.845,3.848,3.845,3.848,3.845,54.3,0.0,120.0,40.5
2026-05-08 14:30:59.800000,5/8/2026,20260508_141954_986.txt,53.86,0.52,,46,99.0,97.5,0,PRE-CHARGE,1,3.848,3.848,3.848,3.845,3.848,3.845,3.848,3.845,3.848,3.845,3.848,3.845,3.848,3.845,,,,
2026-05-08 14:31:01.700000,5/8/2026,20260508_141954_986.txt,53.86,0.52,32.0,46,99.0,97.5,0,PRE-CHARGE,1,3.848,3.848,3.848,3.845,3.848,3.845,3.848,3.845,3.848,3.845,3.848,3.848,,,,,,
2026-05-08 14:31:03.900000,5/8/2026,20260508_141954_986.txt,53.86,0.52,32.0,46,99.0,97.5,0,PRE-CHARGE,1,3.848,3.848,3.848,3.845,,,,,3.848,3.845,3.848,3.845,3.848,3.845,54.3,0.0,120.0,40.5
2026-05-08 14:31:08.300000,5/8/2026,20260508_141954_986.txt,53.87,0.52,32.0,46,99.0,97.5,0,PRE-CHARGE,1,3.848,3.848,3.848,3.845,3.848,3.845,3.848,3.845,3.848,3.845,3.848,3.845,3.848,3.845,54.3,0.0,120.0,40.5
2026-05-08 14:31:10.200000,5/8/2026,20260508_141954_986.txt,53.86,0.52,32.0,46,99.0,97.5,0,PRE-CHARGE,1,3.848,3.848,3.848,3.845,3.848,3.845,3.848,3.845,3.848,3.845,3.848,3.845,3.848,3.845,54.3,0.0,120.0,40.5
2026-05-08 14:31:14.500000,5/8/2026,20260508_141954_986.txt,53.86,0.52,32.0,46,99.0,97.5,0,PRE-CHARGE,1,3.848,3.848,3.848,3.845,3.848,3.845,3.848,3.845,3.848,3.845,3.848,3.845,3.848,3.845,,,,
2026-05-08 14:31:16.600000,5/8/2026,20260508_141954_986.txt,53.86,0.52,32.0,46,99.0,97.5,0,PRE-CHARGE,1,3.848,3.848,3.848,3.845,3.848,3.845,3.848,3.845,3.848,3.845,3.848,3.845,3.848,3.845,,,,
2026-05-08 14:31:19.100000,5/8/2026,20260508_141954_986.txt,53.86,0.52,,46,99.0,97.5,0,PRE-CHARGE,1,3.848,3.848,3.848,3.845,3.848,3.845,3.848,3.845,3.848,3.845,3.848,3.845,3.848,3.845,54.3,0.0,120.0,40.5
2026-05-08 14:31:20.800000,5/8/2026,20260508_141954_986.txt,53.86,0.52,32.0,46,99.0,97.5,0,PRE-CHARGE,1,,,,,,,,,,,,,3.848,3.845,54.3,0.0,120.0,40.5
2026-05-08 14:31:23.000000,5/8/2026,20260508_141954_986.txt,53.86,0.52,32.0,46,99.0,97.5,0,PRE-CHARGE,1,3.845,3.848,3.848,3.845,3.848,3.845,3.848,3.845,3.848,3.845,3.848,3.848,,,54.3,0.0,120.0,40.5
2026-05-08 14:31:25.100000,5/8/2026,20260508_141954_986.txt,53.86,0.52,32.0,46,99.0,97.5,0,PRE-CHARGE,1,3.845,3.848,3.848,3.845,3.848,3.845,3.848,3.845,3.848,3.845,3.848,3.845,3.848,3.845,54.3,0.0,120.0,40.5
2026-05-08 14:31:29.500000,5/8/2026,20260508_141954_986.txt,53.86,0.52,,46,99.0,97.5,0,PRE-CHARGE,1,3.845,3.848,3.848,3.845,3.848,3.845,3.848,3.845,3.848,3.845,3.848,3.845,3.848,3.845,54.3,0.0,120.0,40.5
2026-05-08 14:31:31.400000,5/8/2026,20260508_141954_986.txt,53.86,0.52,32.0,46,99.0,97.5,0,PRE-CHARGE,1,,,,,,,,,3.848,3.845,3.848,3.848,3.848,3.845,54.3,0.0,120.0,40.5
2026-05-08 14:31:40.100000,5/8/2026,20260508_141954_986.txt,53.86,0.52,32.0,46,99.0,97.5,0,PRE-CHARGE,1,3.845,3.848,3.848,3.845,3.848,3.848,3.848,3.845,3.848,3.845,3.848,3.845,3.848,3.845,54.3,0.0,120.0,40.5
2026-05-08 14:31:44.200000,5/8/2026,20260508_141954_986.txt,53.86,0.52,32.0,46,99.0,97.5,0,PRE-CHARGE,1,3.848,3.848,3.848,3.845,3.848,3.845,3.848,3.845,3.848,3.845,3.848,3.845,,,54.3,0.0,120.0,40.5
2026-05-08 14:31:46.300000,5/8/2026,20260508_141954_986.txt,53.86,0.52,32.0,47,99.0,97.5,0,PRE-CHARGE,1,3.848,3.848,3.848,3.845,3.848,3.845,3.848,3.845,3.848,3.845,3.848,3.845,3.848,3.845,54.3,0.0,120.0,40.5
2026-05-08 14:31:50.600000,5/8/2026,20260508_141954_986.txt,53.86,0.52,32.0,47,99.0,97.5,0,PRE-CHARGE,1,3.848,3.848,3.848,3.845,3.848,3.845,3.848,3.845,3.848,3.845,3.848,3.845,3.848,3.845,54.3,0.0,120.0,40.5
2026-05-08 14:31:54.800000,5/8/2026,20260508_141954_986.txt,53.86,0.52,32.0,47,99.0,97.5,0,PRE-CHARGE,1,,,,,3.848,3.845,3.848,3.845,3.848,3.845,3.848,3.845,3.848,3.845,54.3,0.0,120.0,40.5
2026-05-08 14:31:57.000000,5/8/2026,20260508_141954_986.txt,53.86,0.52,32.0,47,99.0,97.5,0,PRE-CHARGE,1,,,,,,,,,3.848,3.845,3.848,3.845,3.848,3.845,54.3,0.0,120.0,40.5
2026-05-08 14:32:03.500000,5/8/2026,20260508_141954_986.txt,53.86,0.52,32.0,47,99.0,97.5,0,PRE-CHARGE,1,3.848,3.848,3.848,3.845,3.848,3.845,3.848,3.845,3.848,3.845,3.848,3.845,3.848,3.845,54.3,0.0,120.0,40.5
2026-05-08 14:32:05.500000,5/8/2026,20260508_141954_986.txt,53.86,0.52,32.0,47,99.0,97.5,0,PRE-CHARGE,1,3.848,3.848,3.848,3.845,3.848,3.845,3.848,3.845,3.848,3.845,3.848,3.845,,,54.3,0.0,120.0,40.5
2026-05-08 14:32:07.600000,5/8/2026,20260508_141954_986.txt,53.86,0.52,32.0,47,99.0,97.5,0,PRE-CHARGE,1,3.848,3.848,3.848,3.845,,,,,,,,,3.848,3.845,,,,
2026-05-08 14:32:09.700000,5/8/2026,20260508_141954_986.txt,53.86,0.52,32.0,47,99.0,97.5,0,PRE-CHARGE,1,,,,,3.848,3.845,3.848,3.845,3.848,3.845,3.848,3.845,,,54.3,0.0,120.0,40.5
2026-05-08 14:32:11.900000,5/8/2026,20260508_141954_986.txt,53.86,0.52,32.0,47,99.0,97.5,0,PRE-CHARGE,1,3.848,3.848,3.848,3.845,3.848,3.845,3.848,3.845,3.848,3.845,3.848,3.845,3.848,3.845,,,,
2026-05-08 14:32:14.000000,5/8/2026,20260508_141954_986.txt,53.86,0.52,32.0,47,99.0,97.5,0,PRE-CHARGE,1,,,,,3.848,3.845,3.848,3.845,3.848,3.845,3.848,3.845,,,54.3,0.0,120.0,40.5
2026-05-08 14:32:16.200000,5/8/2026,20260508_141954_986.txt,53.86,0.52,32.0,47,99.0,97.5,0,PRE-CHARGE,1,3.845,3.848,3.848,3.845,3.848,3.845,3.848,3.845,3.848,3.845,3.848,3.845,3.848,3.845,54.3,0.0,120.0,40.5
2026-05-08 14:32:20.400000,5/8/2026,20260508_141954_986.txt,53.86,0.52,32.0,47,99.0,97.5,0,PRE-CHARGE,1,3.848,3.848,3.848,3.845,3.848,3.845,3.848,3.845,3.848,3.845,3.848,3.845,3.848,3.845,54.3,0.0,120.0,40.5
2026-05-08 14:32:24.600000,5/8/2026,20260508_141954_986.txt,53.86,0.52,32.0,47,99.0,97.5,0,PRE-CHARGE,1,3.848,3.848,3.848,3.845,3.848,3.845,3.848,3.845,3.848,3.845,3.848,3.845,3.848,3.845,54.3,0.0,120.0,40.5
2026-05-08 14:32:28.900000,5/8/2026,20260508_141954_986.txt,53.86,0.52,32.0,47,99.0,97.5,0,PRE-CHARGE,1,3.848,3.848,3.848,3.845,3.848,3.845,3.848,3.845,3.848,3.845,3.848,3.845,3.848,3.845,54.3,0.0,120.0,40.5
2026-05-08 14:32:33.100000,5/8/2026,20260508_141954_986.txt,53.86,0.52,32.0,47,99.0,97.5,0,PRE-CHARGE,1,,,,,3.848,3.845,3.848,3.845,,,,,,,54.3,0.0,120.0,40.5
2026-05-08 14:32:35.300000,5/8/2026,20260508_141954_986.txt,53.86,0.52,32.0,47,99.0,97.5,0,PRE-CHARGE,1,3.848,3.848,3.848,3.845,3.848,3.845,3.848,3.845,,,,,3.848,3.845,,,,
2026-05-08 14:32:37.400000,5/8/2026,20260508_141954_986.txt,53.86,0.52,32.0,47,99.0,97.5,0,PRE-CHARGE,1,,,,,,,,,3.848,3.845,3.848,3.845,3.848,3.845,,,,
2026-05-08 14:32:43.800000,5/8/2026,20260508_141954_986.txt,53.87,0.52,32.0,47,99.0,97.5,0,PRE-CHARGE,1,3.848,3.848,3.848,3.845,,,,,3.848,3.845,3.848,3.845,3.848,3.845,54.3,0.0,120.0,40.5
2026-05-08 14:32:48.100000,5/8/2026,20260508_141954_986.txt,53.86,0.52,32.0,47,99.0,97.5,0,PRE-CHARGE,1,3.848,3.848,3.848,3.845,3.848,3.845,3.848,3.845,3.848,3.845,3.848,3.845,3.848,3.845,54.3,0.0,120.0,40.5
2026-05-08 14:32:54.500000,5/8/2026,20260508_141954_986.txt,53.86,0.52,32.0,46,99.0,97.5,0,PRE-CHARGE,1,3.845,3.848,3.848,3.845,3.848,3.845,3.848,3.845,3.848,3.845,3.848,3.845,3.848,3.845,54.3,0.0,120.0,40.5
2026-05-08 14:32:56.600000,5/8/2026,20260508_141954_986.txt,53.87,0.52,32.0,46,99.0,97.5,0,PRE-CHARGE,1,3.848,3.848,3.848,3.845,,,,,3.848,3.845,3.848,3.845,3.848,3.845,54.3,0.0,120.0,40.5
2026-05-08 14:32:58.700000,5/8/2026,20260508_141954_986.txt,53.86,0.52,32.0,46,99.0,97.5,0,PRE-CHARGE,1,,,,,3.848,3.845,3.848,3.845,,,,,3.848,3.845,54.3,0.0,120.0,40.5
2026-05-08 14:33:00.800000,5/8/2026,20260508_141954_986.txt,53.86,0.52,32.0,46,99.0,97.5,0,PRE-CHARGE,1,3.848,3.848,3.848,3.845,3.848,3.845,3.848,3.845,3.848,3.845,3.848,3.845,3.848,3.845,54.3,0.0,120.0,40.5
2026-05-08 14:33:02.900000,5/8/2026,20260508_141954_986.txt,53.86,0.52,32.0,46,99.0,97.5,0,PRE-CHARGE,1,,,,,3.848,3.845,3.848,3.845,3.848,3.845,3.848,3.845,,,54.3,0.0,120.0,40.5
2026-05-08 14:33:07.200000,5/8/2026,20260508_141954_986.txt,53.86,0.52,32.0,46,99.0,97.5,0,PRE-CHARGE,1,,,,,3.848,3.845,3.848,3.845,3.848,3.845,3.848,3.845,3.848,3.845,54.3,0.0,120.0,40.5
2026-05-08 14:33:11.400000,5/8/2026,20260508_141954_986.txt,53.86,0.52,32.0,46,99.0,97.5,0,PRE-CHARGE,1,3.845,3.848,3.848,3.845,3.848,3.845,3.848,3.845,3.848,3.845,3.848,3.845,3.848,3.845,54.3,0.0,120.0,40.5
2026-05-08 14:33:13.700000,5/8/2026,20260508_141954_986.txt,53.86,0.52,,46,99.0,97.5,0,PRE-CHARGE,1,,,,,,,,,3.848,3.845,3.848,3.845,3.848,3.845,54.3,0.0,120.0,40.5
2026-05-08 14:33:15.700000,5/8/2026,20260508_141954_986.txt,53.86,0.52,32.0,46,99.0,97.5,0,PRE-CHARGE,1,3.845,3.848,3.848,3.845,3.848,3.845,3.848,3.845,3.848,3.845,3.848,3.845,3.848,3.845,54.3,0.0,120.0,40.5
2026-05-08 14:33:19.900000,5/8/2026,20260508_141954_986.txt,53.86,0.52,32.0,46,99.0,97.5,0,PRE-CHARGE,1,3.848,3.848,3.848,3.845,3.848,3.845,3.848,3.845,3.848,3.845,3.848,3.845,3.848,3.845,54.3,0.0,120.0,40.5
2026-05-08 14:33:24.200000,5/8/2026,20260508_141954_986.txt,53.86,0.52,32.0,46,99.0,97.5,0,PRE-CHARGE,1,3.848,3.848,3.848,3.845,3.848,3.845,3.848,3.845,3.848,3.845,3.848,3.845,3.846,3.845,54.3,0.0,120.0,40.5
2026-05-08 14:33:28.500000,5/8/2026,20260508_141954_986.txt,53.86,0.52,32.0,46,99.0,97.5,0,PRE-CHARGE,1,3.845,3.848,3.848,3.845,3.848,3.845,3.848,3.845,3.848,3.845,3.848,3.845,3.848,3.845,54.3,0.0,120.0,40.5
2026-05-08 14:33:32.700000,5/8/2026,20260508_141954_986.txt,53.86,0.52,32.0,46,99.0,97.5,0,PRE-CHARGE,1,3.848,3.848,3.848,3.845,,,,,3.848,3.845,3.848,3.845,3.846,3.845,,,,
2026-05-08 14:33:34.800000,5/8/2026,20260508_141954_986.txt,53.86,0.52,32.0,46,99.0,97.5,0,PRE-CHARGE,1,,,,,3.846,3.845,3.848,3.845,3.848,3.845,3.848,3.848,,,54.3,0.0,120.0,40.5
2026-05-08 14:33:39.100000,5/8/2026,20260508_141954_986.txt,53.85,0.52,31.0,46,99.0,97.5,0,PRE-CHARGE,1,3.845,3.848,3.848,3.845,3.846,3.845,3.848,3.845,3.848,3.845,3.848,3.845,3.846,3.845,54.3,0.0,120.0,40.5
2026-05-08 14:33:41.200000,5/8/2026,20260508_141954_986.txt,53.86,0.52,32.0,46,99.0,97.5,0,PRE-CHARGE,1,3.848,3.848,3.848,3.845,3.848,3.845,3.848,3.845,3.848,3.845,3.848,3.845,3.846,3.845,54.3,0.0,120.0,40.5
2026-05-08 14:33:43.300000,5/8/2026,20260508_141954_986.txt,53.86,0.52,31.0,46,99.0,97.5,0,PRE-CHARGE,1,3.845,3.848,3.848,3.845,3.846,3.845,3.848,3.845,3.848,3.845,3.848,3.845,3.846,3.845,54.3,0.0,120.0,40.5
2026-05-08 14:33:45.400000,5/8/2026,20260508_141954_986.txt,53.86,0.52,32.0,46,99.0,97.5,0,PRE-CHARGE,1,3.848,3.848,3.848,3.845,3.846,3.845,3.848,3.845,,,,,3.846,3.845,54.3,0.0,120.0,40.5
2026-05-08 14:33:47.600000,5/8/2026,20260508_141954_986.txt,53.86,0.52,32.0,46,99.0,97.5,0,PRE-CHARGE,1,,,,,3.848,3.845,3.848,3.845,3.848,3.845,3.848,3.845,3.848,3.845,54.3,0.0,120.0,40.5
2026-05-08 14:33:54.000000,5/8/2026,20260508_141954_986.txt,53.86,0.52,31.0,47,99.0,97.5,0,PRE-CHARGE,1,3.845,3.848,3.848,3.845,3.846,3.845,3.848,3.845,3.848,3.845,3.848,3.845,3.846,3.845,54.3,0.0,120.0,40.5
2026-05-08 14:33:58.200000,5/8/2026,20260508_141954_986.txt,53.85,0.52,31.0,47,99.0,97.5,0,PRE-CHARGE,1,3.845,3.848,3.848,3.845,3.846,3.845,3.848,3.845,3.848,3.845,3.848,3.845,3.846,3.845,54.3,0.0,120.0,40.5
2026-05-08 14:34:00.300000,5/8/2026,20260508_141954_986.txt,53.86,0.52,31.0,47,99.0,97.5,0,PRE-CHARGE,1,3.845,3.848,3.848,3.845,3.846,3.845,3.848,3.845,,,,,3.848,3.845,54.3,0.0,120.0,40.5
2026-05-08 14:34:02.500000,5/8/2026,20260508_141954_986.txt,53.86,0.52,31.0,47,99.0,97.5,0,PRE-CHARGE,1,3.845,3.848,3.848,3.845,3.848,3.845,3.848,3.845,3.848,3.845,3.848,3.845,3.848,3.845,54.3,0.0,120.0,40.5
2026-05-08 14:34:08.900000,5/8/2026,20260508_141954_986.txt,53.85,0.52,31.0,47,99.0,97.5,0,PRE-CHARGE,1,3.845,3.848,3.848,3.845,3.848,3.845,3.848,3.845,3.848,3.845,3.848,3.845,3.848,3.845,54.3,0.0,120.0,40.5
2026-05-08 14:34:11.000000,5/8/2026,20260508_141954_986.txt,53.86,0.52,31.0,47,99.0,97.5,0,PRE-CHARGE,1,3.845,3.848,3.848,3.845,3.848,3.845,3.848,3.845,,,,,3.846,3.845,54.3,0.0,120.0,40.5
2026-05-08 14:34:13.100000,5/8/2026,20260508_141954_986.txt,53.86,0.52,31.0,47,99.0,97.5,0,PRE-CHARGE,1,,,,,3.846,3.845,3.848,3.845,3.848,3.845,3.848,3.845,3.848,3.845,,,,
2026-05-08 14:34:21.700000,5/8/2026,20260508_141954_986.txt,53.86,0.52,31.0,47,99.0,97.5,0,PRE-CHARGE,1,3.845,3.848,3.848,3.845,3.848,3.845,3.848,3.845,3.848,3.845,3.848,3.845,3.848,3.845,54.3,0.0,120.0,40.5
2026-05-08 14:34:26.000000,5/8/2026,20260508_141954_986.txt,53.86,0.52,31.0,47,99.0,97.5,0,PRE-CHARGE,1,3.845,3.848,3.848,3.845,3.848,3.845,3.848,3.845,3.848,3.845,3.848,3.845,3.848,3.845,54.3,0.0,120.0,40.5
2026-05-08 14:34:28.100000,5/8/2026,20260508_141954_986.txt,53.86,0.52,31.0,47,99.0,97.5,0,PRE-CHARGE,1,3.845,3.848,3.848,3.845,3.848,3.845,3.848,3.845,3.848,3.845,3.848,3.845,3.846,3.845,54.3,0.0,120.0,40.5
2026-05-08 14:34:30.200000,5/8/2026,20260508_141954_986.txt,53.86,0.52,31.0,47,99.0,97.5,0,PRE-CHARGE,1,,,,,3.848,3.845,3.848,3.845,3.848,3.845,3.848,3.845,3.848,3.845,54.3,0.0,120.0,40.5
2026-05-08 14:34:34.500000,5/8/2026,20260508_141954_986.txt,53.86,0.52,31.0,47,99.0,97.5,0,PRE-CHARGE,1,3.845,3.848,3.848,3.845,3.848,3.845,3.848,3.845,3.848,3.845,3.848,3.845,3.848,3.845,54.3,0.0,120.0,40.5
2026-05-08 14:34:38.700000,5/8/2026,20260508_141954_986.txt,53.86,0.52,32.0,47,99.0,97.5,0,PRE-CHARGE,1,3.845,3.848,3.848,3.845,3.848,3.845,3.848,3.845,3.848,3.845,3.848,3.845,3.848,3.845,54.3,0.0,120.0,40.5
2026-05-08 14:34:40.900000,5/8/2026,20260508_141954_986.txt,53.86,0.52,32.0,47,99.0,97.5,0,PRE-CHARGE,1,,,,,3.848,3.845,3.848,3.845,3.848,3.845,3.848,3.845,,,54.3,0.0,120.0,40.5
2026-05-08 14:34:45.200000,5/8/2026,20260508_141954_986.txt,53.86,0.52,32.0,47,99.0,97.5,0,PRE-CHARGE,1,3.845,3.848,3.848,3.845,3.848,3.845,3.848,3.845,3.848,3.845,3.848,3.845,3.848,3.845,54.3,0.0,120.0,40.5
2026-05-08 14:34:47.300000,5/8/2026,20260508_141954_986.txt,53.86,0.52,32.0,47,99.0,97.5,0,PRE-CHARGE,1,,,,,3.848,3.845,3.848,3.845,3.848,3.845,3.848,3.845,3.848,3.845,,,,
2026-05-08 14:34:49.400000,5/8/2026,20260508_141954_986.txt,53.86,0.52,32.0,46,99.0,97.5,0,PRE-CHARGE,1,3.845,3.848,3.848,3.845,3.848,3.845,3.848,3.845,3.848,3.845,3.848,3.845,,,54.3,0.0,120.0,40.5
2026-05-08 14:34:51.500000,5/8/2026,20260508_141954_986.txt,53.86,0.52,32.0,46,99.0,97.5,0,PRE-CHARGE,1,3.848,3.848,3.848,3.845,3.848,3.845,3.848,3.845,3.848,3.845,3.848,3.845,,,54.3,0.0,120.0,40.5
2026-05-08 14:34:53.800000,5/8/2026,20260508_141954_986.txt,53.86,0.52,,46,99.0,97.5,0,PRE-CHARGE,1,3.845,3.848,3.848,3.845,3.848,3.845,3.848,3.845,3.848,3.845,3.848,3.845,,,54.3,0.0,120.0,40.5
2026-05-08 14:34:55.800000,5/8/2026,20260508_141954_986.txt,53.85,0.52,32.0,46,99.0,97.5,0,PRE-CHARGE,1,,,,,3.846,3.845,3.848,3.845,3.848,3.845,3.848,3.845,3.848,3.845,54.3,0.0,120.0,40.5
2026-05-08 14:35:00.000000,5/8/2026,20260508_141954_986.txt,53.86,0.52,32.0,46,99.0,97.5,0,PRE-CHARGE,1,3.845,3.848,3.848,3.845,3.846,3.845,3.848,3.845,3.848,3.845,3.848,3.845,3.846,3.845,,,,
2026-05-08 14:35:04.400000,5/8/2026,20260508_141954_986.txt,53.85,0.52,32.0,46,99.0,97.5,0,PRE-CHARGE,1,3.845,3.848,3.848,3.845,3.846,3.845,3.848,3.845,3.848,3.845,3.848,3.845,3.846,3.845,,,,
2026-05-08 14:35:06.500000,5/8/2026,20260508_141954_986.txt,53.85,0.52,,46,99.0,97.5,0,PRE-CHARGE,1,3.848,3.848,3.848,3.845,3.848,3.845,3.848,3.845,3.848,3.845,3.848,3.845,3.846,3.845,54.3,0.0,120.0,40.5
2026-05-08 14:35:12.800000,5/8/2026,20260508_141954_986.txt,53.85,0.52,32.0,46,99.0,97.5,0,PRE-CHARGE,1,3.845,3.848,3.848,3.845,3.846,3.845,3.848,3.845,3.848,3.845,3.848,3.845,3.846,3.845,54.3,0.0,120.0,40.5
2026-05-08 15:35:14.900000,5/8/2026,20260508_150507_897.txt,53.86,0.52,32.0,46,99.0,97.5,0,PRE-CHARGE,1,3.845,3.848,3.848,3.845,3.848,3.845,3.848,3.845,3.848,3.845,3.848,3.845,3.846,3.845,54.3,0.0,120.0,40.5
2026-05-08 14:35:14.900000,5/8/2026,20260508_141954_986.txt,53.86,0.52,32.0,46,99.0,97.5,0,PRE-CHARGE,1,3.845,3.848,3.848,3.845,3.848,3.845,3.848,3.845,3.848,3.845,3.848,3.845,3.846,3.845,54.3,0.0,120.0,40.5
2026-05-08 14:35:19.200000,5/8/2026,20260508_141954_986.txt,53.86,0.52,32.0,46,99.0,97.5,0,PRE-CHARGE,1,3.845,3.848,3.848,3.845,3.846,3.845,3.848,3.845,3.848,3.845,3.848,3.845,3.846,3.845,54.3,0.0,120.0,40.5
2026-05-08 15:35:19.200000,5/8/2026,20260508_150507_897.txt,53.86,0.52,32.0,46,99.0,97.5,0,PRE-CHARGE,1,3.845,3.848,3.848,3.845,3.846,3.845,3.848,3.845,3.848,3.845,3.848,3.845,3.846,3.845,54.3,0.0,120.0,40.5
2026-05-08 14:35:21.300000,5/8/2026,20260508_141954_986.txt,53.85,0.52,32.0,46,99.0,97.5,0,PRE-CHARGE,1,3.845,3.848,3.848,3.845,3.846,3.845,3.848,3.845,3.848,3.845,3.848,3.845,3.848,3.845,54.3,0.0,120.0,40.5
2026-05-08 15:35:21.300000,5/8/2026,20260508_150507_897.txt,53.85,0.52,32.0,46,99.0,97.5,0,PRE-CHARGE,1,3.845,3.848,3.848,3.845,3.846,3.845,3.848,3.845,3.848,3.845,3.848,3.845,3.848,3.845,54.3,0.0,120.0,40.5
2026-05-08 14:35:23.500000,5/8/2026,20260508_141954_986.txt,53.85,0.52,32.0,46,99.0,97.5,0,PRE-CHARGE,1,,,,,3.846,3.845,3.848,3.845,3.848,3.845,3.848,3.845,3.846,3.845,54.3,0.0,120.0,40.5
2026-05-08 15:35:23.500000,5/8/2026,20260508_150507_897.txt,53.85,0.52,32.0,46,99.0,97.5,0,PRE-CHARGE,1,,,,,3.846,3.845,3.848,3.845,3.848,3.845,3.848,3.845,3.846,3.845,54.3,0.0,120.0,40.5
2026-05-08 14:35:25.500000,5/8/2026,20260508_141954_986.txt,53.85,0.52,32.0,46,99.0,97.5,0,PRE-CHARGE,1,3.848,3.848,3.848,3.845,3.846,3.845,3.848,3.845,3.848,3.845,3.848,3.845,3.846,3.845,,,,
2026-05-08 15:35:25.500000,5/8/2026,20260508_150507_897.txt,53.85,0.52,32.0,46,99.0,97.5,0,PRE-CHARGE,1,3.848,3.848,3.848,3.845,3.846,3.845,3.848,3.845,3.848,3.845,3.848,3.845,3.846,3.845,,,,
2026-05-08 15:35:27.700000,5/8/2026,20260508_150507_897.txt,53.85,0.52,32.0,46,99.0,97.5,0,PRE-CHARGE,1,3.845,3.848,3.848,3.845,3.846,3.845,3.848,3.845,3.848,3.845,3.848,3.845,3.846,3.845,54.3,0.0,120.0,40.5
2026-05-08 14:35:27.700000,5/8/2026,20260508_141954_986.txt,53.85,0.52,32.0,46,99.0,97.5,0,PRE-CHARGE,1,3.845,3.848,3.848,3.845,3.846,3.845,3.848,3.845,3.848,3.845,3.848,3.845,3.846,3.845,54.3,0.0,120.0,40.5
2026-05-08 15:35:29.800000,5/8/2026,20260508_150507_897.txt,53.86,0.52,32.0,46,99.0,97.5,0,PRE-CHARGE,1,3.845,3.848,3.848,3.845,3.848,3.845,3.848,3.845,,,,,3.846,3.845,54.3,0.0,120.0,40.5
2026-05-08 14:35:29.800000,5/8/2026,20260508_141954_986.txt,53.86,0.52,32.0,46,99.0,97.5,0,PRE-CHARGE,1,3.845,3.848,3.848,3.845,3.848,3.845,3.848,3.845,,,,,3.846,3.845,54.3,0.0,120.0,40.5
2026-05-08 15:35:34.100000,5/8/2026,20260508_150507_897.txt,53.85,0.52,32.0,46,99.0,97.5,0,PRE-CHARGE,1,3.845,3.848,3.848,3.845,3.848,3.845,3.846,3.845,3.848,3.845,3.848,3.845,3.846,3.845,54.3,0.0,120.0,40.5
2026-05-08 14:35:34.100000,5/8/2026,20260508_141954_986.txt,53.85,0.52,32.0,46,99.0,97.5,0,PRE-CHARGE,1,3.845,3.848,3.848,3.845,3.848,3.845,3.846,3.845,3.848,3.845,3.848,3.845,3.846,3.845,54.3,0.0,120.0,40.5
2026-05-08 15:35:36.200000,5/8/2026,20260508_150507_897.txt,53.86,0.52,32.0,46,99.0,97.5,0,PRE-CHARGE,1,3.848,3.848,3.848,3.845,3.846,3.845,3.848,3.845,3.848,3.845,3.848,3.845,,,54.3,0.0,120.0,40.5
2026-05-08 14:35:36.200000,5/8/2026,20260508_141954_986.txt,53.86,0.52,32.0,46,99.0,97.5,0,PRE-CHARGE,1,3.848,3.848,3.848,3.845,3.846,3.845,3.848,3.845,3.848,3.845,3.848,3.845,,,54.3,0.0,120.0,40.5
2026-05-08 15:35:38.400000,5/8/2026,20260508_150507_897.txt,53.85,0.52,32.0,46,99.0,97.5,0,PRE-CHARGE,1,3.845,3.848,3.848,3.845,3.846,3.845,3.848,3.845,3.848,3.845,3.848,3.845,3.846,3.845,,,,
2026-05-08 14:35:38.400000,5/8/2026,20260508_141954_986.txt,53.85,0.52,32.0,46,99.0,97.5,0,PRE-CHARGE,1,3.845,3.848,3.848,3.845,3.846,3.845,3.848,3.845,3.848,3.845,3.848,3.845,3.846,3.845,,,,
2026-05-08 15:35:40.500000,5/8/2026,20260508_150507_897.txt,53.85,0.52,32.0,46,99.0,97.5,0,PRE-CHARGE,1,3.845,3.848,3.848,3.845,3.846,3.845,3.848,3.845,3.848,3.845,3.848,3.845,3.846,3.845,54.3,0.0,120.0,40.5
2026-05-08 14:35:40.500000,5/8/2026,20260508_141954_986.txt,53.85,0.52,32.0,46,99.0,97.5,0,PRE-CHARGE,1,3.845,3.848,3.848,3.845,3.846,3.845,3.848,3.845,3.848,3.845,3.848,3.845,3.846,3.845,54.3,0.0,120.0,40.5
2026-05-08 15:35:42.600000,5/8/2026,20260508_150507_897.txt,53.86,0.52,32.0,46,99.0,97.5,0,PRE-CHARGE,1,3.845,3.848,3.848,3.845,3.848,3.845,3.848,3.845,3.848,3.845,3.848,3.845,3.846,3.845,,,,
2026-05-08 14:35:42.600000,5/8/2026,20260508_141954_986.txt,53.86,0.52,32.0,46,99.0,97.5,0,PRE-CHARGE,1,3.845,3.848,3.848,3.845,3.848,3.845,3.848,3.845,3.848,3.845,3.848,3.845,3.846,3.845,,,,
2026-05-08 15:35:44.900000,5/8/2026,20260508_150507_897.txt,53.85,0.52,,46,99.0,97.5,0,PRE-CHARGE,1,3.845,3.848,3.848,3.845,3.846,3.845,3.848,3.845,3.848,3.845,3.848,3.845,3.846,3.845,54.3,0.0,120.0,40.5
2026-05-08 14:35:44.900000,5/8/2026,20260508_141954_986.txt,53.85,0.52,,46,99.0,97.5,0,PRE-CHARGE,1,3.845,3.848,3.848,3.845,3.846,3.845,3.848,3.845,3.848,3.845,3.848,3.845,3.846,3.845,54.3,0.0,120.0,40.5
2026-05-08 15:35:46.900000,5/8/2026,20260508_150507_897.txt,53.85,0.52,32.0,46,99.0,97.5,0,PRE-CHARGE,1,3.845,3.848,3.848,3.845,3.846,3.845,3.846,3.845,3.848,3.845,3.848,3.845,3.846,3.845,,,,
2026-05-08 14:35:46.900000,5/8/2026,20260508_141954_986.txt,53.85,0.52,32.0,46,99.0,97.5,0,PRE-CHARGE,1,3.845,3.848,3.848,3.845,3.846,3.845,3.846,3.845,3.848,3.845,3.848,3.845,3.846,3.845,,,,
2026-05-08 15:35:51.100000,5/8/2026,20260508_150507_897.txt,53.85,0.52,32.0,46,99.0,97.5,0,PRE-CHARGE,1,3.845,3.848,3.848,3.845,3.846,3.845,3.848,3.845,,,,,3.846,3.845,54.3,0.0,120.0,40.5
2026-05-08 14:35:51.100000,5/8/2026,20260508_141954_986.txt,53.85,0.52,32.0,46,99.0,97.5,0,PRE-CHARGE,1,3.845,3.848,3.848,3.845,3.846,3.845,3.848,3.845,,,,,3.846,3.845,54.3,0.0,120.0,40.5
2026-05-08 15:35:53.200000,5/8/2026,20260508_150507_897.txt,53.85,0.52,32.0,46,99.0,97.5,0,PRE-CHARGE,1,3.845,3.845,3.848,3.845,3.846,3.845,3.846,3.845,3.848,3.845,3.848,3.845,3.846,3.845,54.3,0.0,120.0,40.5
2026-05-08 14:35:53.200000,5/8/2026,20260508_141954_986.txt,53.85,0.52,32.0,46,99.0,97.5,0,PRE-CHARGE,1,3.845,3.845,3.848,3.845,3.846,3.845,3.846,3.845,3.848,3.845,3.848,3.845,3.846,3.845,54.3,0.0,120.0,40.5
2026-05-08 15:35:55.300000,5/8/2026,20260508_150507_897.txt,53.86,0.52,32.0,46,99.0,97.5,0,PRE-CHARGE,1,3.848,3.845,3.848,3.845,3.846,3.845,3.846,3.845,3.848,3.845,3.848,3.845,3.846,3.845,54.3,0.0,120.0,40.5
2026-05-08 14:35:55.300000,5/8/2026,20260508_141954_986.txt,53.86,0.52,32.0,46,99.0,97.5,0,PRE-CHARGE,1,3.848,3.845,3.848,3.845,3.846,3.845,3.846,3.845,3.848,3.845,3.848,3.845,3.846,3.845,54.3,0.0,120.0,40.5
2026-05-08 15:35:57.500000,5/8/2026,20260508_150507_897.txt,53.85,0.52,32.0,46,99.0,97.5,0,PRE-CHARGE,1,,,,,3.846,3.845,3.848,3.845,3.848,3.845,3.848,3.845,,,54.3,0.0,120.0,40.5
2026-05-08 14:35:57.500000,5/8/2026,20260508_141954_986.txt,53.85,0.52,32.0,46,99.0,97.5,0,PRE-CHARGE,1,,,,,3.846,3.845,3.848,3.845,3.848,3.845,3.848,3.845,,,54.3,0.0,120.0,40.5
2026-05-08 15:35:59.600000,5/8/2026,20260508_150507_897.txt,53.85,0.52,32.0,46,99.0,97.5,0,PRE-CHARGE,1,3.845,3.848,3.848,3.845,,,,,3.848,3.845,3.848,3.845,3.848,3.845,54.3,0.0,120.0,40.5
2026-05-08 14:35:59.600000,5/8/2026,20260508_141954_986.txt,53.85,0.52,32.0,46,99.0,97.5,0,PRE-CHARGE,1,3.845,3.848,3.848,3.845,,,,,3.848,3.845,3.848,3.845,3.848,3.845,54.3,0.0,120.0,40.5
2026-05-08 15:36:01.800000,5/8/2026,20260508_150507_897.txt,53.86,0.52,32.0,46,99.0,97.5,0,PRE-CHARGE,1,3.845,3.848,3.848,3.845,3.848,3.845,3.848,3.845,3.848,3.845,3.848,3.845,3.846,3.845,54.3,0.0,120.0,40.5
2026-05-08 14:36:01.800000,5/8/2026,20260508_141954_986.txt,53.86,0.52,32.0,46,99.0,97.5,0,PRE-CHARGE,1,3.845,3.848,3.848,3.845,3.848,3.845,3.848,3.845,3.848,3.845,3.848,3.845,3.846,3.845,54.3,0.0,120.0,40.5
2026-05-08 15:36:03.900000,5/8/2026,20260508_150507_897.txt,53.85,0.52,32.0,46,99.0,97.5,0,PRE-CHARGE,1,3.845,3.848,3.848,3.845,3.846,3.845,3.846,3.845,3.848,3.845,3.848,3.845,3.846,3.845,54.3,0.0,120.0,40.5
2026-05-08 14:36:03.900000,5/8/2026,20260508_141954_986.txt,53.85,0.52,32.0,46,99.0,97.5,0,PRE-CHARGE,1,3.845,3.848,3.848,3.845,3.846,3.845,3.846,3.845,3.848,3.845,3.848,3.845,3.846,3.845,54.3,0.0,120.0,40.5
2026-05-08 15:36:08.100000,5/8/2026,20260508_150507_897.txt,53.85,0.52,32.0,46,99.0,97.5,0,PRE-CHARGE,1,3.845,3.848,3.848,3.845,3.846,3.845,3.848,3.845,3.848,3.845,3.848,3.845,3.846,3.845,54.3,0.0,120.0,40.5
2026-05-08 14:36:08.100000,5/8/2026,20260508_141954_986.txt,53.85,0.52,32.0,46,99.0,97.5,0,PRE-CHARGE,1,3.845,3.848,3.848,3.845,3.846,3.845,3.848,3.845,3.848,3.845,3.848,3.845,3.846,3.845,54.3,0.0,120.0,40.5
2026-05-08 15:36:10.300000,5/8/2026,20260508_150507_897.txt,53.85,0.52,32.0,46,99.0,97.5,0,PRE-CHARGE,1,3.845,3.848,3.848,3.845,3.846,3.845,3.846,3.845,3.848,3.845,3.848,3.845,3.846,3.845,54.3,0.0,120.0,40.5
2026-05-08 14:36:10.300000,5/8/2026,20260508_141954_986.txt,53.85,0.52,32.0,46,99.0,97.5,0,PRE-CHARGE,1,3.845,3.848,3.848,3.845,3.846,3.845,3.846,3.845,3.848,3.845,3.848,3.845,3.846,3.845,54.3,0.0,120.0,40.5
2026-05-08 15:36:12.400000,5/8/2026,20260508_150507_897.txt,53.85,0.52,32.0,46,99.0,97.5,0,PRE-CHARGE,1,3.845,3.848,3.848,3.845,3.846,3.845,3.846,3.845,3.848,3.845,3.848,3.845,3.846,3.845,54.3,0.0,120.0,40.5
2026-05-08 14:36:12.400000,5/8/2026,20260508_141954_986.txt,53.85,0.52,32.0,46,99.0,97.5,0,PRE-CHARGE,1,3.845,3.848,3.848,3.845,3.846,3.845,3.846,3.845,3.848,3.845,3.848,3.845,3.846,3.845,54.3,0.0,120.0,40.5
2026-05-08 15:36:14.500000,5/8/2026,20260508_150507_897.txt,53.85,0.52,32.0,46,99.0,97.5,0,PRE-CHARGE,1,3.845,3.848,3.848,3.845,3.846,3.845,3.848,3.845,3.848,3.845,3.848,3.845,3.846,3.845,54.3,0.0,120.0,40.5
2026-05-08 14:36:14.500000,5/8/2026,20260508_141954_986.txt,53.85,0.52,32.0,46,99.0,97.5,0,PRE-CHARGE,1,3.845,3.848,3.848,3.845,3.846,3.845,3.848,3.845,3.848,3.845,3.848,3.845,3.846,3.845,54.3,0.0,120.0,40.5
2026-05-08 15:36:18.700000,5/8/2026,20260508_150507_897.txt,53.85,0.52,32.0,46,99.0,97.5,0,PRE-CHARGE,1,3.845,3.845,3.848,3.845,3.846,3.845,3.848,3.845,3.848,3.845,3.848,3.845,,,54.3,0.0,120.0,40.5
2026-05-08 14:36:18.700000,5/8/2026,20260508_141954_986.txt,53.85,0.52,32.0,46,99.0,97.5,0,PRE-CHARGE,1,3.845,3.845,3.848,3.845,3.846,3.845,3.848,3.845,3.848,3.845,3.848,3.845,,,54.3,0.0,120.0,40.5
2026-05-08 15:36:23.000000,5/8/2026,20260508_150507_897.txt,53.85,0.52,32.0,46,99.0,97.5,0,PRE-CHARGE,1,3.845,3.848,3.848,3.845,3.846,3.845,3.846,3.845,3.848,3.845,3.848,3.845,3.846,3.845,54.3,0.0,120.0,40.5
2026-05-08 14:36:23.000000,5/8/2026,20260508_141954_986.txt,53.85,0.52,32.0,46,99.0,97.5,0,PRE-CHARGE,1,3.845,3.848,3.848,3.845,3.846,3.845,3.846,3.845,3.848,3.845,3.848,3.845,3.846,3.845,54.3,0.0,120.0,40.5
2026-05-08 15:36:27.300000,5/8/2026,20260508_150507_897.txt,53.85,0.52,32.0,46,99.0,97.5,0,PRE-CHARGE,1,3.845,3.848,3.848,3.845,3.848,3.845,3.846,3.845,3.848,3.845,3.848,3.845,3.846,3.845,54.3,0.0,120.0,40.5
2026-05-08 14:36:27.300000,5/8/2026,20260508_141954_986.txt,53.85,0.52,32.0,46,99.0,97.5,0,PRE-CHARGE,1,3.845,3.848,3.848,3.845,3.848,3.845,3.846,3.845,3.848,3.845,3.848,3.845,3.846,3.845,54.3,0.0,120.0,40.5
2026-05-08 15:36:29.400000,5/8/2026,20260508_150507_897.txt,53.84,0.52,32.0,46,99.0,97.5,0,PRE-CHARGE,1,3.845,3.845,3.848,3.845,3.846,3.845,3.846,3.845,3.846,3.845,3.848,3.845,3.846,3.845,54.3,0.0,120.0,40.5
2026-05-08 14:36:29.400000,5/8/2026,20260508_141954_986.txt,53.84,0.52,32.0,46,99.0,97.5,0,PRE-CHARGE,1,3.845,3.845,3.848,3.845,3.846,3.845,3.846,3.845,3.846,3.845,3.848,3.845,3.846,3.845,54.3,0.0,120.0,40.5
2026-05-08 15:36:31.500000,5/8/2026,20260508_150507_897.txt,53.85,0.52,32.0,46,99.0,97.5,0,PRE-CHARGE,1,3.845,3.848,3.848,3.845,3.846,3.845,3.848,3.845,3.848,3.845,3.848,3.845,3.846,3.845,54.3,0.0,120.0,40.5
2026-05-08 14:36:31.500000,5/8/2026,20260508_141954_986.txt,53.85,0.52,32.0,46,99.0,97.5,0,PRE-CHARGE,1,3.845,3.848,3.848,3.845,3.846,3.845,3.848,3.845,3.848,3.845,3.848,3.845,3.846,3.845,54.3,0.0,120.0,40.5
2026-05-08 15:36:37.900000,5/8/2026,20260508_150507_897.txt,53.85,0.52,32.0,46,99.0,97.5,0,PRE-CHARGE,1,3.845,3.848,3.848,3.845,3.846,3.845,3.846,3.845,3.848,3.845,3.848,3.845,3.848,3.845,54.3,0.0,120.0,40.5
2026-05-08 14:36:37.900000,5/8/2026,20260508_141954_986.txt,53.85,0.52,32.0,46,99.0,97.5,0,PRE-CHARGE,1,3.845,3.848,3.848,3.845,3.846,3.845,3.846,3.845,3.848,3.845,3.848,3.845,3.848,3.845,54.3,0.0,120.0,40.5
2026-05-08 14:36:40.100000,5/8/2026,20260508_141954_986.txt,53.85,0.52,32.0,46,99.0,97.5,0,PRE-CHARGE,1,3.845,3.845,3.848,3.845,3.846,3.845,3.848,3.845,3.848,3.845,3.848,3.845,3.846,3.845,54.3,0.0,120.0,40.5
2026-05-08 15:36:40.100000,5/8/2026,20260508_150507_897.txt,53.85,0.52,32.0,46,99.0,97.5,0,PRE-CHARGE,1,3.845,3.845,3.848,3.845,3.846,3.845,3.848,3.845,3.848,3.845,3.848,3.845,3.846,3.845,54.3,0.0,120.0,40.5
2026-05-08 15:36:42.200000,5/8/2026,20260508_150507_897.txt,53.85,0.52,32.0,46,99.0,97.5,0,PRE-CHARGE,1,3.845,3.848,3.848,3.845,3.846,3.845,3.848,3.845,3.848,3.845,3.848,3.845,3.846,3.845,54.3,0.0,120.0,40.5
2026-05-08 14:36:42.200000,5/8/2026,20260508_141954_986.txt,53.85,0.52,32.0,46,99.0,97.5,0,PRE-CHARGE,1,3.845,3.848,3.848,3.845,3.846,3.845,3.848,3.845,3.848,3.845,3.848,3.845,3.846,3.845,54.3,0.0,120.0,40.5
2026-05-08 14:36:44.300000,5/8/2026,20260508_141954_986.txt,53.85,0.52,32.0,46,99.0,97.5,0,PRE-CHARGE,1,3.845,3.845,3.848,3.845,3.846,3.845,3.846,3.845,3.848,3.845,3.848,3.845,,,54.3,0.0,120.0,40.5
2026-05-08 15:36:44.300000,5/8/2026,20260508_150507_897.txt,53.85,0.52,32.0,46,99.0,97.5,0,PRE-CHARGE,1,3.845,3.845,3.848,3.845,3.846,3.845,3.846,3.845,3.848,3.845,3.848,3.845,,,54.3,0.0,120.0,40.5
2026-05-08 14:36:46.400000,5/8/2026,20260508_141954_986.txt,53.85,0.52,32.0,46,99.0,97.5,0,PRE-CHARGE,1,3.845,3.848,3.848,3.845,3.846,3.845,3.848,3.845,3.846,3.845,3.848,3.845,3.846,3.845,54.3,0.0,120.0,40.5
2026-05-08 15:36:46.400000,5/8/2026,20260508_150507_897.txt,53.85,0.52,32.0,46,99.0,97.5,0,PRE-CHARGE,1,3.845,3.848,3.848,3.845,3.846,3.845,3.848,3.845,3.846,3.845,3.848,3.845,3.846,3.845,54.3,0.0,120.0,40.5
2026-05-08 14:36:48.600000,5/8/2026,20260508_141954_986.txt,53.85,0.52,32.0,46,99.0,97.5,0,PRE-CHARGE,1,3.845,3.848,3.848,3.845,3.848,3.845,3.846,3.845,3.848,3.845,3.848,3.845,3.846,3.845,,,,
2026-05-08 15:36:48.600000,5/8/2026,20260508_150507_897.txt,53.85,0.52,32.0,46,99.0,97.5,0,PRE-CHARGE,1,3.845,3.848,3.848,3.845,3.848,3.845,3.846,3.845,3.848,3.845,3.848,3.845,3.846,3.845,,,,
2026-05-08 15:36:54.900000,5/8/2026,20260508_150507_897.txt,53.85,0.52,32.0,46,99.0,97.5,0,PRE-CHARGE,1,3.845,3.845,3.848,3.845,3.848,3.845,3.848,3.845,3.846,3.845,3.848,3.845,3.846,3.845,54.3,0.0,120.0,40.5
2026-05-08 14:36:54.900000,5/8/2026,20260508_141954_986.txt,53.85,0.52,32.0,46,99.0,97.5,0,PRE-CHARGE,1,3.845,3.845,3.848,3.845,3.848,3.845,3.848,3.845,3.846,3.845,3.848,3.845,3.846,3.845,54.3,0.0,120.0,40.5
2026-05-08 14:36:59.200000,5/8/2026,20260508_141954_986.txt,53.85,0.52,32.0,46,99.0,97.5,0,PRE-CHARGE,1,3.845,3.848,3.848,3.845,3.846,3.845,3.846,3.845,3.846,3.845,3.848,3.845,3.846,3.845,54.3,0.0,120.0,40.5
2026-05-08 15:36:59.200000,5/8/2026,20260508_150507_897.txt,53.85,0.52,32.0,46,99.0,97.5,0,PRE-CHARGE,1,3.845,3.848,3.848,3.845,3.846,3.845,3.846,3.845,3.846,3.845,3.848,3.845,3.846,3.845,54.3,0.0,120.0,40.5
2026-05-08 15:37:01.300000,5/8/2026,20260508_150507_897.txt,53.85,0.52,32.0,46,99.0,97.5,0,PRE-CHARGE,1,3.845,3.845,3.848,3.845,3.846,3.845,3.846,3.845,3.846,3.845,3.848,3.845,3.846,3.845,54.3,0.0,120.0,40.5
2026-05-08 14:37:01.300000,5/8/2026,20260508_141954_986.txt,53.85,0.52,32.0,46,99.0,97.5,0,PRE-CHARGE,1,3.845,3.845,3.848,3.845,3.846,3.845,3.846,3.845,3.846,3.845,3.848,3.845,3.846,3.845,54.3,0.0,120.0,40.5
2026-05-08 15:37:03.500000,5/8/2026,20260508_150507_897.txt,53.85,0.52,32.0,46,99.0,97.5,0,PRE-CHARGE,1,3.845,3.848,3.848,3.845,3.846,3.845,3.848,3.845,3.848,3.845,3.848,3.845,3.846,3.845,54.3,0.0,120.0,40.5
2026-05-08 14:37:03.500000,5/8/2026,20260508_141954_986.txt,53.85,0.52,32.0,46,99.0,97.5,0,PRE-CHARGE,1,3.845,3.848,3.848,3.845,3.846,3.845,3.848,3.845,3.848,3.845,3.848,3.845,3.846,3.845,54.3,0.0,120.0,40.5
2026-05-08 15:37:05.600000,5/8/2026,20260508_150507_897.txt,53.84,0.52,32.0,46,99.0,97.5,0,PRE-CHARGE,1,3.845,3.848,3.848,3.845,3.846,3.845,3.846,3.845,3.848,3.845,3.848,3.845,3.846,3.845,54.3,0.0,120.0,40.5
2026-05-08 14:37:05.600000,5/8/2026,20260508_141954_986.txt,53.84,0.52,32.0,46,99.0,97.5,0,PRE-CHARGE,1,3.845,3.848,3.848,3.845,3.846,3.845,3.846,3.845,3.848,3.845,3.848,3.845,3.846,3.845,54.3,0.0,120.0,40.5
2026-05-08 15:37:10.000000,5/8/2026,20260508_150507_897.txt,53.84,0.52,32.0,46,99.0,97.5,0,PRE-CHARGE,1,3.845,3.848,3.848,3.845,3.846,3.845,3.848,3.845,3.846,3.845,3.848,3.845,3.846,3.845,54.3,0.0,120.0,40.5
2026-05-08 14:37:10.000000,5/8/2026,20260508_141954_986.txt,53.84,0.52,32.0,46,99.0,97.5,0,PRE-CHARGE,1,3.845,3.848,3.848,3.845,3.846,3.845,3.848,3.845,3.846,3.845,3.848,3.845,3.846,3.845,54.3,0.0,120.0,40.5
2026-05-08 15:37:14.300000,5/8/2026,20260508_150507_897.txt,53.84,0.52,32.0,46,99.0,97.5,0,PRE-CHARGE,1,3.845,3.848,3.848,3.845,3.846,3.845,3.846,3.845,3.848,3.845,3.848,3.845,3.846,3.845,54.3,0.0,120.0,40.5
2026-05-08 14:37:14.300000,5/8/2026,20260508_141954_986.txt,53.84,0.52,32.0,46,99.0,97.5,0,PRE-CHARGE,1,3.845,3.848,3.848,3.845,3.846,3.845,3.846,3.845,3.848,3.845,3.848,3.845,3.846,3.845,54.3,0.0,120.0,40.5
2026-05-08 15:37:18.500000,5/8/2026,20260508_150507_897.txt,53.84,0.52,,46,99.0,97.5,0,PRE-CHARGE,1,3.845,3.845,3.848,3.845,,,,,3.846,3.845,3.846,3.845,3.846,3.845,54.3,0.0,120.0,40.5
2026-05-08 14:37:18.500000,5/8/2026,20260508_141954_986.txt,53.84,0.52,,46,99.0,97.5,0,PRE-CHARGE,1,3.845,3.845,3.848,3.845,,,,,3.846,3.845,3.846,3.845,3.846,3.845,54.3,0.0,120.0,40.5
2026-05-08 15:37:20.500000,5/8/2026,20260508_150507_897.txt,53.85,0.52,32.0,46,99.0,97.5,0,PRE-CHARGE,1,3.845,3.845,3.846,3.845,3.846,3.845,3.846,3.845,3.846,3.845,3.846,3.845,3.846,3.845,54.3,0.0,120.0,40.5
2026-05-08 14:37:20.500000,5/8/2026,20260508_141954_986.txt,53.85,0.52,32.0,46,99.0,97.5,0,PRE-CHARGE,1,3.845,3.845,3.846,3.845,3.846,3.845,3.846,3.845,3.846,3.845,3.846,3.845,3.846,3.845,54.3,0.0,120.0,40.5
2026-05-08 14:37:22.700000,5/8/2026,20260508_141954_986.txt,53.85,0.52,32.0,46,99.0,97.5,0,PRE-CHARGE,1,,,,,3.846,3.845,3.846,3.845,3.848,3.845,3.848,3.845,3.846,3.845,54.3,0.0,120.0,40.5
2026-05-08 15:37:22.700000,5/8/2026,20260508_150507_897.txt,53.85,0.52,32.0,46,99.0,97.5,0,PRE-CHARGE,1,,,,,3.846,3.845,3.846,3.845,3.848,3.845,3.848,3.845,3.846,3.845,54.3,0.0,120.0,40.5
2026-05-08 15:37:24.800000,5/8/2026,20260508_150507_897.txt,53.84,0.52,32.0,46,99.0,97.5,0,PRE-CHARGE,1,,,,,3.846,3.845,3.846,3.845,,,,,3.846,3.845,54.3,0.0,120.0,40.5
2026-05-08 14:37:24.800000,5/8/2026,20260508_141954_986.txt,53.84,0.52,32.0,46,99.0,97.5,0,PRE-CHARGE,1,,,,,3.846,3.845,3.846,3.845,,,,,3.846,3.845,54.3,0.0,120.0,40.5
2026-05-08 15:37:26.900000,5/8/2026,20260508_150507_897.txt,53.84,0.52,32.0,46,99.0,97.5,0,PRE-CHARGE,1,3.845,3.845,3.846,3.845,3.846,3.845,3.848,3.845,3.846,3.845,3.846,3.845,3.846,3.845,54.3,0.0,120.0,40.5
2026-05-08 14:37:26.900000,5/8/2026,20260508_141954_986.txt,53.84,0.52,32.0,46,99.0,97.5,0,PRE-CHARGE,1,3.845,3.845,3.846,3.845,3.846,3.845,3.848,3.845,3.846,3.845,3.846,3.845,3.846,3.845,54.3,0.0,120.0,40.5
2026-05-08 14:37:29.000000,5/8/2026,20260508_141954_986.txt,53.85,0.52,32.0,46,99.0,97.5,0,PRE-CHARGE,1,3.845,3.848,3.848,3.845,3.846,3.845,3.846,3.845,,,,,,,54.3,0.0,120.0,40.5
2026-05-08 15:37:29.000000,5/8/2026,20260508_150507_897.txt,53.85,0.52,32.0,46,99.0,97.5,0,PRE-CHARGE,1,3.845,3.848,3.848,3.845,3.846,3.845,3.846,3.845,,,,,,,54.3,0.0,120.0,40.5
2026-05-08 14:37:31.100000,5/8/2026,20260508_141954_986.txt,53.84,0.52,32.0,46,99.0,97.5,0,PRE-CHARGE,1,3.845,3.845,3.846,3.845,3.846,3.845,3.846,3.845,3.848,3.845,3.848,3.845,3.846,3.845,,,,
2026-05-08 15:37:31.100000,5/8/2026,20260508_150507_897.txt,53.84,0.52,32.0,46,99.0,97.5,0,PRE-CHARGE,1,3.845,3.845,3.846,3.845,3.846,3.845,3.846,3.845,3.848,3.845,3.848,3.845,3.846,3.845,,,,
2026-05-08 15:37:33.500000,5/8/2026,20260508_150507_897.txt,53.85,0.52,,46,99.0,97.5,0,PRE-CHARGE,1,3.845,3.848,3.846,3.845,3.846,3.845,3.846,3.845,3.848,3.845,3.848,3.845,3.846,3.845,54.3,0.0,120.0,40.5
2026-05-08 14:37:33.500000,5/8/2026,20260508_141954_986.txt,53.85,0.52,,46,99.0,97.5,0,PRE-CHARGE,1,3.845,3.848,3.846,3.845,3.846,3.845,3.846,3.845,3.848,3.845,3.848,3.845,3.846,3.845,54.3,0.0,120.0,40.5
2026-05-08 14:37:35.400000,5/8/2026,20260508_141954_986.txt,53.84,0.52,32.0,46,99.0,97.5,0,PRE-CHARGE,1,,,,,3.846,3.845,3.846,3.845,3.846,3.845,3.846,3.845,3.846,3.845,54.3,0.0,120.0,40.5
2026-05-08 15:37:35.400000,5/8/2026,20260508_150507_897.txt,53.84,0.52,32.0,46,99.0,97.5,0,PRE-CHARGE,1,,,,,3.846,3.845,3.846,3.845,3.846,3.845,3.846,3.845,3.846,3.845,54.3,0.0,120.0,40.5
2026-05-08 15:37:37.700000,5/8/2026,20260508_150507_897.txt,53.84,0.52,,46,99.0,97.5,0,PRE-CHARGE,1,3.845,3.845,3.848,3.845,3.846,3.845,3.848,3.845,3.846,3.845,3.846,3.845,3.846,3.845,54.3,0.0,120.0,40.5
2026-05-08 14:37:37.700000,5/8/2026,20260508_141954_986.txt,53.84,0.52,,46,99.0,97.5,0,PRE-CHARGE,1,3.845,3.845,3.848,3.845,3.846,3.845,3.848,3.845,3.846,3.845,3.846,3.845,3.846,3.845,54.3,0.0,120.0,40.5
2026-05-08 14:37:39.800000,5/8/2026,20260508_141954_986.txt,53.84,0.52,,46,99.0,97.5,0,PRE-CHARGE,1,,,,,3.846,3.845,3.848,3.845,3.848,3.845,3.846,3.845,3.846,3.845,,,,
2026-05-08 15:37:39.800000,5/8/2026,20260508_150507_897.txt,53.84,0.52,,46,99.0,97.5,0,PRE-CHARGE,1,,,,,3.846,3.845,3.848,3.845,3.848,3.845,3.846,3.845,3.846,3.845,,,,
2026-05-08 14:37:41.900000,5/8/2026,20260508_141954_986.txt,53.85,0.52,32.0,46,99.0,97.5,0,PRE-CHARGE,1,3.845,3.845,3.848,3.845,3.846,3.845,3.846,3.845,,,,,3.846,3.845,54.3,0.0,120.0,40.5
2026-05-08 15:37:41.900000,5/8/2026,20260508_150507_897.txt,53.85,0.52,32.0,46,99.0,97.5,0,PRE-CHARGE,1,3.845,3.845,3.848,3.845,3.846,3.845,3.846,3.845,,,,,3.846,3.845,54.3,0.0,120.0,40.5
2026-05-08 15:37:46.100000,5/8/2026,20260508_150507_897.txt,53.84,0.52,32.0,46,99.0,97.5,0,PRE-CHARGE,1,3.845,3.845,3.848,3.845,3.846,3.845,3.846,3.845,3.846,3.845,3.846,3.845,3.846,3.845,54.3,0.0,120.0,40.5
2026-05-08 14:37:46.100000,5/8/2026,20260508_141954_986.txt,53.84,0.52,32.0,46,99.0,97.5,0,PRE-CHARGE,1,3.845,3.845,3.848,3.845,3.846,3.845,3.846,3.845,3.846,3.845,3.846,3.845,3.846,3.845,54.3,0.0,120.0,40.5
2026-05-08 15:37:54.600000,5/8/2026,20260508_150507_897.txt,53.84,0.52,32.0,46,99.0,97.5,0,PRE-CHARGE,1,3.845,3.845,3.848,3.845,3.846,3.845,3.846,3.845,3.848,3.845,3.846,3.845,3.846,3.845,54.3,0.0,120.0,40.5
2026-05-08 14:37:54.600000,5/8/2026,20260508_141954_986.txt,53.84,0.52,32.0,46,99.0,97.5,0,PRE-CHARGE,1,3.845,3.845,3.848,3.845,3.846,3.845,3.846,3.845,3.848,3.845,3.846,3.845,3.846,3.845,54.3,0.0,120.0,40.5
2026-05-08 15:37:56.900000,5/8/2026,20260508_150507_897.txt,53.84,0.52,,46,99.0,97.5,0,PRE-CHARGE,1,3.845,3.845,3.846,3.845,3.846,3.845,3.846,3.845,3.846,3.845,3.846,3.845,3.846,3.845,,,,
2026-05-08 14:37:56.900000,5/8/2026,20260508_141954_986.txt,53.84,0.52,,46,99.0,97.5,0,PRE-CHARGE,1,3.845,3.845,3.846,3.845,3.846,3.845,3.846,3.845,3.846,3.845,3.846,3.845,3.846,3.845,,,,
2026-05-08 15:38:01.100000,5/8/2026,20260508_150507_897.txt,53.84,0.52,32.0,46,99.0,97.5,0,PRE-CHARGE,1,3.845,3.848,3.848,3.845,3.846,3.845,3.846,3.845,3.846,3.845,3.846,3.845,3.846,3.845,54.3,0.0,120.0,40.5
2026-05-08 14:38:01.100000,5/8/2026,20260508_141954_986.txt,53.84,0.52,32.0,46,99.0,97.5,0,PRE-CHARGE,1,3.845,3.848,3.848,3.845,3.846,3.845,3.846,3.845,3.846,3.845,3.846,3.845,3.846,3.845,54.3,0.0,120.0,40.5
2026-05-08 15:38:03.200000,5/8/2026,20260508_150507_897.txt,53.84,0.52,32.0,46,99.0,97.5,0,PRE-CHARGE,1,,,,,3.846,3.845,3.846,3.845,3.846,3.845,3.846,3.845,3.846,3.845,54.3,0.0,120.0,40.5
2026-05-08 14:38:03.200000,5/8/2026,20260508_141954_986.txt,53.84,0.52,32.0,46,99.0,97.5,0,PRE-CHARGE,1,,,,,3.846,3.845,3.846,3.845,3.846,3.845,3.846,3.845,3.846,3.845,54.3,0.0,120.0,40.5
2026-05-08 15:38:05.300000,5/8/2026,20260508_150507_897.txt,53.84,0.52,32.0,46,99.0,97.5,0,PRE-CHARGE,1,,,,,,,,,,,,,,,54.3,0.0,120.0,40.5
2026-05-08 14:38:05.300000,5/8/2026,20260508_141954_986.txt,53.84,0.52,32.0,46,99.0,97.5,0,PRE-CHARGE,1,,,,,,,,,,,,,,,54.3,0.0,120.0,40.5
2026-05-08 15:38:07.400000,5/8/2026,20260508_150507_897.txt,53.84,0.52,32.0,46,99.0,97.5,0,PRE-CHARGE,1,3.845,3.848,3.846,3.845,3.846,3.845,3.846,3.845,,,,,3.846,3.845,54.3,0.0,120.0,40.5
2026-05-08 14:38:07.400000,5/8/2026,20260508_141954_986.txt,53.84,0.52,32.0,46,99.0,97.5,0,PRE-CHARGE,1,3.845,3.848,3.846,3.845,3.846,3.845,3.846,3.845,,,,,3.846,3.845,54.3,0.0,120.0,40.5
2026-05-08 15:38:09.500000,5/8/2026,20260508_150507_897.txt,53.84,0.52,32.0,46,99.0,97.5,0,PRE-CHARGE,1,,,,,3.846,3.845,3.846,3.845,3.846,3.845,3.848,3.845,,,54.3,0.0,120.0,40.5
2026-05-08 14:38:09.500000,5/8/2026,20260508_141954_986.txt,53.84,0.52,32.0,46,99.0,97.5,0,PRE-CHARGE,1,,,,,3.846,3.845,3.846,3.845,3.846,3.845,3.848,3.845,,,54.3,0.0,120.0,40.5
2026-05-08 14:38:11.700000,5/8/2026,20260508_141954_986.txt,53.84,0.52,32.0,46,99.0,97.5,0,PRE-CHARGE,1,3.845,3.845,3.846,3.845,,,,,3.848,3.845,3.846,3.845,,,,,,
2026-05-08 15:38:11.700000,5/8/2026,20260508_150507_897.txt,53.84,0.52,32.0,46,99.0,97.5,0,PRE-CHARGE,1,3.845,3.845,3.846,3.845,,,,,3.848,3.845,3.846,3.845,,,,,,
2026-05-08 15:38:16.000000,5/8/2026,20260508_150507_897.txt,53.84,0.52,32.0,46,99.0,97.5,0,PRE-CHARGE,1,3.845,3.845,3.846,3.845,3.846,3.845,3.846,3.845,3.846,3.845,3.846,3.845,3.846,3.845,54.3,0.0,120.0,40.5
2026-05-08 14:38:16.000000,5/8/2026,20260508_141954_986.txt,53.84,0.52,32.0,46,99.0,97.5,0,PRE-CHARGE,1,3.845,3.845,3.846,3.845,3.846,3.845,3.846,3.845,3.846,3.845,3.846,3.845,3.846,3.845,54.3,0.0,120.0,40.5
2026-05-08 14:38:18.100000,5/8/2026,20260508_141954_986.txt,53.84,0.52,32.0,46,99.0,97.5,0,PRE-CHARGE,1,3.845,3.845,3.846,3.845,,,,,3.846,3.845,3.846,3.845,3.846,3.845,54.3,0.0,120.0,40.5
2026-05-08 15:38:18.100000,5/8/2026,20260508_150507_897.txt,53.84,0.52,32.0,46,99.0,97.5,0,PRE-CHARGE,1,3.845,3.845,3.846,3.845,,,,,3.846,3.845,3.846,3.845,3.846,3.845,54.3,0.0,120.0,40.5
2026-05-08 14:38:20.300000,5/8/2026,20260508_141954_986.txt,53.84,0.52,32.0,46,99.0,97.5,0,PRE-CHARGE,1,3.845,3.848,3.848,3.845,3.846,3.845,3.846,3.845,3.846,3.845,3.846,3.845,3.846,3.845,54.3,0.0,120.0,40.5
2026-05-08 15:38:20.300000,5/8/2026,20260508_150507_897.txt,53.84,0.52,32.0,46,99.0,97.5,0,PRE-CHARGE,1,3.845,3.848,3.848,3.845,3.846,3.845,3.846,3.845,3.846,3.845,3.846,3.845,3.846,3.845,54.3,0.0,120.0,40.5
2026-05-08 15:38:26.600000,5/8/2026,20260508_150507_897.txt,53.57,9.94,32.0,46,99.0,97.5,0,PRE-CHARGE,1,3.83,3.827,3.822,3.827,3.825,3.827,3.825,3.827,3.846,3.842,3.846,3.845,3.834,3.833,54.3,0.0,120.0,40.5
2026-05-08 14:38:26.600000,5/8/2026,20260508_141954_986.txt,53.57,9.94,32.0,46,99.0,97.5,0,PRE-CHARGE,1,3.83,3.827,3.822,3.827,3.825,3.827,3.825,3.827,3.846,3.842,3.846,3.845,3.834,3.833,54.3,0.0,120.0,40.5
2026-05-08 14:38:28.700000,5/8/2026,20260508_141954_986.txt,53.79,12.24,32.0,45,99.0,97.5,0,PRE-CHARGE,1,3.845,3.845,3.846,3.845,3.846,3.845,3.846,3.845,3.846,3.845,3.846,3.845,3.846,3.845,54.3,0.0,120.0,40.5
2026-05-08 15:38:28.700000,5/8/2026,20260508_150507_897.txt,53.79,12.24,32.0,45,99.0,97.5,0,PRE-CHARGE,1,3.845,3.845,3.846,3.845,3.846,3.845,3.846,3.845,3.846,3.845,3.846,3.845,3.846,3.845,54.3,0.0,120.0,40.5
2026-05-08 14:38:30.900000,5/8/2026,20260508_141954_986.txt,53.84,0.52,32.0,45,99.0,97.5,0,PRE-CHARGE,1,3.845,3.845,3.846,3.845,,,,,3.846,3.845,3.846,3.845,3.846,3.845,54.3,0.0,120.0,40.5
2026-05-08 15:38:30.900000,5/8/2026,20260508_150507_897.txt,53.84,0.52,32.0,45,99.0,97.5,0,PRE-CHARGE,1,3.845,3.845,3.846,3.845,,,,,3.846,3.845,3.846,3.845,3.846,3.845,54.3,0.0,120.0,40.5
2026-05-08 15:38:35.300000,5/8/2026,20260508_150507_897.txt,53.78,0.54,32.0,45,99.0,97.5,0,PRE-CHARGE,1,3.842,3.842,3.84,3.839,3.84,3.839,3.84,3.839,3.842,3.839,3.842,3.842,3.842,3.842,54.3,0.0,120.0,40.5
2026-05-08 14:38:35.300000,5/8/2026,20260508_141954_986.txt,53.78,0.54,32.0,45,99.0,97.5,0,PRE-CHARGE,1,3.842,3.842,3.84,3.839,3.84,3.839,3.84,3.839,3.842,3.839,3.842,3.842,3.842,3.842,54.3,0.0,120.0,40.5
2026-05-08 15:38:37.300000,5/8/2026,20260508_150507_897.txt,53.65,5.08,32.0,45,99.0,97.5,0,PRE-CHARGE,1,3.822,3.815,3.807,3.819,3.815,3.819,3.815,3.819,3.819,3.819,3.813,3.819,3.815,3.819,54.3,0.0,120.0,40.5
2026-05-08 14:38:37.300000,5/8/2026,20260508_141954_986.txt,53.65,5.08,32.0,45,99.0,97.5,0,PRE-CHARGE,1,3.822,3.815,3.807,3.819,3.815,3.819,3.815,3.819,3.819,3.819,3.813,3.819,3.815,3.819,54.3,0.0,120.0,40.5
2026-05-08 15:38:39.500000,5/8/2026,20260508_150507_897.txt,53.19,20.92,32.0,45,99.0,97.5,0,PRE-CHARGE,1,3.806,3.797,3.782,3.803,3.795,3.8,3.795,3.803,3.801,3.803,3.798,3.803,3.801,3.803,54.3,0.0,120.0,40.5
2026-05-08 14:38:39.500000,5/8/2026,20260508_141954_986.txt,53.19,20.92,32.0,45,99.0,97.5,0,PRE-CHARGE,1,3.806,3.797,3.782,3.803,3.795,3.8,3.795,3.803,3.801,3.803,3.798,3.803,3.801,3.803,54.3,0.0,120.0,40.5
2026-05-08 14:38:41.600000,5/8/2026,20260508_141954_986.txt,52.9,29.4,32.0,45,99.0,97.5,0,PRE-CHARGE,1,3.788,3.779,3.759,3.786,,,,,3.75,3.755,3.741,3.758,3.75,3.755,54.3,0.0,120.0,40.5
2026-05-08 15:38:41.600000,5/8/2026,20260508_150507_897.txt,52.9,29.4,32.0,45,99.0,97.5,0,PRE-CHARGE,1,3.788,3.779,3.759,3.786,,,,,3.75,3.755,3.741,3.758,3.75,3.755,54.3,0.0,120.0,40.5
2026-05-08 14:38:43.700000,5/8/2026,20260508_141954_986.txt,52.22,57.96,32.0,45,99.0,97.5,0,PRE-CHARGE,1,3.746,3.728,3.69,3.74,3.72,3.731,3.72,3.74,3.732,3.737,3.723,3.737,3.732,3.74,54.3,0.0,120.0,40.5
2026-05-08 15:38:43.700000,5/8/2026,20260508_150507_897.txt,52.22,57.96,32.0,45,99.0,97.5,0,PRE-CHARGE,1,3.746,3.728,3.69,3.74,3.72,3.731,3.72,3.74,3.732,3.737,3.723,3.737,3.732,3.74,54.3,0.0,120.0,40.5
2026-05-08 15:38:45.800000,5/8/2026,20260508_150507_897.txt,53.79,60.08,32.0,45,99.0,97.5,0,PRE-CHARGE,1,3.839,3.839,3.842,3.839,3.842,3.839,3.842,3.842,,,,,3.807,3.809,54.3,0.0,120.0,40.5
2026-05-08 14:38:45.800000,5/8/2026,20260508_141954_986.txt,53.79,60.08,32.0,45,99.0,97.5,0,PRE-CHARGE,1,3.839,3.839,3.842,3.839,3.842,3.839,3.842,3.842,,,,,3.807,3.809,54.3,0.0,120.0,40.5
2026-05-08 15:38:47.900000,5/8/2026,20260508_150507_897.txt,53.18,22.1,32.0,45,99.0,97.5,0,PRE-CHARGE,1,3.833,3.833,3.834,3.833,3.834,3.833,3.834,3.833,,,,,3.834,3.833,54.3,0.0,120.0,40.5
2026-05-08 14:38:47.900000,5/8/2026,20260508_141954_986.txt,53.18,22.1,32.0,45,99.0,97.5,0,PRE-CHARGE,1,3.833,3.833,3.834,3.833,3.834,3.833,3.834,3.833,,,,,3.834,3.833,54.3,0.0,120.0,40.5
2026-05-08 14:38:52.200000,5/8/2026,20260508_141954_986.txt,53.37,16.14,32.0,45,99.0,97.5,0,PRE-CHARGE,1,3.803,3.797,3.786,3.803,3.795,3.797,3.795,3.8,3.798,3.8,3.792,3.8,3.798,3.8,54.3,0.0,120.0,40.5
2026-05-08 15:38:52.200000,5/8/2026,20260508_150507_897.txt,53.37,16.14,32.0,45,99.0,97.5,0,PRE-CHARGE,1,3.803,3.797,3.786,3.803,3.795,3.797,3.795,3.8,3.798,3.8,3.792,3.8,3.798,3.8,54.3,0.0,120.0,40.5
2026-05-08 15:38:54.500000,5/8/2026,20260508_150507_897.txt,52.94,27.98,,45,99.0,97.5,0,PRE-CHARGE,1,3.791,3.779,3.765,3.788,3.776,3.782,3.776,3.786,3.782,3.786,3.776,3.786,3.782,3.786,54.3,0.0,120.0,40.5
2026-05-08 14:38:54.500000,5/8/2026,20260508_141954_986.txt,52.94,27.98,,45,99.0,97.5,0,PRE-CHARGE,1,3.791,3.779,3.765,3.788,3.776,3.782,3.776,3.786,3.782,3.786,3.776,3.786,3.782,3.786,54.3,0.0,120.0,40.5
2026-05-08 14:38:56.500000,5/8/2026,20260508_141954_986.txt,53.02,30.3,32.0,45,99.0,97.5,0,PRE-CHARGE,1,3.794,3.788,3.771,3.794,3.786,3.788,3.786,3.791,,,,,3.789,3.791,54.3,0.0,120.0,40.5
2026-05-08 15:38:56.500000,5/8/2026,20260508_150507_897.txt,53.02,30.3,32.0,45,99.0,97.5,0,PRE-CHARGE,1,3.794,3.788,3.771,3.794,3.786,3.788,3.786,3.791,,,,,3.789,3.791,54.3,0.0,120.0,40.5
2026-05-08 15:39:00.800000,5/8/2026,20260508_150507_897.txt,53.71,13.7,32.0,45,99.0,97.5,0,PRE-CHARGE,1,3.836,3.836,3.837,3.836,3.837,3.836,3.837,3.836,3.837,3.833,3.837,3.836,3.837,3.836,54.3,0.0,120.0,40.5
2026-05-08 14:39:00.800000,5/8/2026,20260508_141954_986.txt,53.71,13.7,32.0,45,99.0,97.5,0,PRE-CHARGE,1,3.836,3.836,3.837,3.836,3.837,3.836,3.837,3.836,3.837,3.833,3.837,3.836,3.837,3.836,54.3,0.0,120.0,40.5
2026-05-08 14:39:02.900000,5/8/2026,20260508_141954_986.txt,53.62,2.82,32.0,45,99.0,97.5,0,PRE-CHARGE,1,3.83,3.83,3.828,3.83,,,,,,,,,3.831,3.83,54.3,0.0,120.0,40.5
2026-05-08 15:39:02.900000,5/8/2026,20260508_150507_897.txt,53.62,2.82,32.0,45,99.0,97.5,0,PRE-CHARGE,1,3.83,3.83,3.828,3.83,,,,,,,,,3.831,3.83,54.3,0.0,120.0,40.5
2026-05-08 15:39:05.000000,5/8/2026,20260508_150507_897.txt,53.57,2.94,32.0,45,99.0,97.5,0,PRE-CHARGE,1,3.827,3.827,3.825,3.827,3.825,3.827,3.825,3.827,3.795,3.797,3.792,3.797,3.795,3.797,54.3,0.0,120.0,40.5
2026-05-08 14:39:05.000000,5/8/2026,20260508_141954_986.txt,53.57,2.94,32.0,45,99.0,97.5,0,PRE-CHARGE,1,3.827,3.827,3.825,3.827,3.825,3.827,3.825,3.827,3.795,3.797,3.792,3.797,3.795,3.797,54.3,0.0,120.0,40.5
2026-05-08 14:39:07.100000,5/8/2026,20260508_141954_986.txt,53.13,14.46,32.0,45,99.0,97.5,0,PRE-CHARGE,1,3.782,3.773,3.756,3.782,3.771,3.776,3.768,3.779,3.776,3.779,3.771,3.779,3.774,3.779,54.3,0.0,120.0,40.5
2026-05-08 15:39:07.100000,5/8/2026,20260508_150507_897.txt,53.13,14.46,32.0,45,99.0,97.5,0,PRE-CHARGE,1,3.782,3.773,3.756,3.782,3.771,3.776,3.768,3.779,3.776,3.779,3.771,3.779,3.774,3.779,54.3,0.0,120.0,40.5
2026-05-08 14:39:09.300000,5/8/2026,20260508_141954_986.txt,52.78,36.3,32.0,45,99.0,97.5,0,PRE-CHARGE,1,3.779,3.767,3.75,3.776,3.765,3.773,3.765,3.776,3.771,3.773,3.765,3.773,,,54.3,0.0,120.0,40.5
2026-05-08 15:39:09.300000,5/8/2026,20260508_150507_897.txt,52.78,36.3,32.0,45,99.0,97.5,0,PRE-CHARGE,1,3.779,3.767,3.75,3.776,3.765,3.773,3.765,3.776,3.771,3.773,3.765,3.773,,,54.3,0.0,120.0,40.5
2026-05-08 14:39:11.400000,5/8/2026,20260508_141954_986.txt,53.76,15.14,32.0,45,99.0,97.5,0,PRE-CHARGE,1,3.812,3.809,3.801,3.812,3.807,3.809,3.807,3.809,3.809,3.809,3.807,3.812,,,54.3,0.0,120.0,40.5
2026-05-08 15:39:11.400000,5/8/2026,20260508_150507_897.txt,53.76,15.14,32.0,45,99.0,97.5,0,PRE-CHARGE,1,3.812,3.809,3.801,3.812,3.807,3.809,3.807,3.809,3.809,3.809,3.807,3.812,,,54.3,0.0,120.0,40.5
2026-05-08 14:39:15.700000,5/8/2026,20260508_141954_986.txt,53.66,1.8,32.0,45,99.0,97.5,0,PRE-CHARGE,1,3.83,3.827,3.825,3.827,3.828,3.827,3.828,3.827,3.828,3.827,3.828,3.827,3.828,3.827,,,,
2026-05-08 15:39:15.700000,5/8/2026,20260508_150507_897.txt,53.66,1.8,32.0,45,99.0,97.5,0,PRE-CHARGE,1,3.83,3.827,3.825,3.827,3.828,3.827,3.828,3.827,3.828,3.827,3.828,3.827,3.828,3.827,,,,
2026-05-08 14:39:17.900000,5/8/2026,20260508_141954_986.txt,53.57,7.0,32.0,45,99.0,97.5,0,PRE-CHARGE,1,3.827,3.827,3.825,3.827,,,,,3.828,3.824,3.825,3.827,,,54.3,0.0,120.0,40.5
2026-05-08 15:39:17.900000,5/8/2026,20260508_150507_897.txt,53.57,7.0,32.0,45,99.0,97.5,0,PRE-CHARGE,1,3.827,3.827,3.825,3.827,,,,,3.828,3.824,3.825,3.827,,,54.3,0.0,120.0,40.5
2026-05-08 14:39:19.900000,5/8/2026,20260508_141954_986.txt,53.62,6.74,32.0,45,99.0,97.5,0,PRE-CHARGE,1,3.83,3.83,3.828,3.83,3.837,3.836,3.837,3.836,3.837,3.836,3.837,3.836,3.837,3.836,54.3,0.0,120.0,40.5
2026-05-08 15:39:19.900000,5/8/2026,20260508_150507_897.txt,53.62,6.74,32.0,45,99.0,97.5,0,PRE-CHARGE,1,3.83,3.83,3.828,3.83,3.837,3.836,3.837,3.836,3.837,3.836,3.837,3.836,3.837,3.836,54.3,0.0,120.0,40.5
2026-05-08 15:39:22.100000,5/8/2026,20260508_150507_897.txt,53.63,2.36,32.0,45,99.0,97.5,0,PRE-CHARGE,1,,,,,,,,,,,,,3.831,3.83,54.3,0.0,120.0,40.5
2026-05-08 14:39:22.100000,5/8/2026,20260508_141954_986.txt,53.63,2.36,32.0,45,99.0,97.5,0,PRE-CHARGE,1,,,,,,,,,,,,,3.831,3.83,54.3,0.0,120.0,40.5
2026-05-08 15:39:26.300000,5/8/2026,20260508_150507_897.txt,53.72,0.52,32.0,45,99.0,97.5,0,PRE-CHARGE,1,3.836,3.839,3.84,3.836,3.837,3.836,3.837,3.836,3.837,3.836,3.84,3.836,3.837,3.836,54.3,0.0,120.0,40.5
2026-05-08 14:39:26.300000,5/8/2026,20260508_141954_986.txt,53.72,0.52,32.0,45,99.0,97.5,0,PRE-CHARGE,1,3.836,3.839,3.84,3.836,3.837,3.836,3.837,3.836,3.837,3.836,3.84,3.836,3.837,3.836,54.3,0.0,120.0,40.5
2026-05-08 15:39:28.500000,5/8/2026,20260508_150507_897.txt,53.74,0.52,32.0,45,99.0,97.5,0,PRE-CHARGE,1,3.839,3.839,3.84,3.836,3.84,3.836,3.84,3.836,3.84,3.836,3.84,3.836,3.84,3.836,54.3,0.0,120.0,40.5
2026-05-08 14:39:28.500000,5/8/2026,20260508_141954_986.txt,53.74,0.52,32.0,45,99.0,97.5,0,PRE-CHARGE,1,3.839,3.839,3.84,3.836,3.84,3.836,3.84,3.836,3.84,3.836,3.84,3.836,3.84,3.836,54.3,0.0,120.0,40.5
2026-05-08 14:39:30.600000,5/8/2026,20260508_141954_986.txt,53.74,0.52,32.0,45,99.0,97.5,0,PRE-CHARGE,1,3.839,3.839,3.84,3.839,3.84,3.836,3.84,3.836,,,,,,,54.3,0.0,120.0,40.5
2026-05-08 15:39:30.600000,5/8/2026,20260508_150507_897.txt,53.74,0.52,32.0,45,99.0,97.5,0,PRE-CHARGE,1,3.839,3.839,3.84,3.839,3.84,3.836,3.84,3.836,,,,,,,54.3,0.0,120.0,40.5
2026-05-08 14:39:32.900000,5/8/2026,20260508_141954_986.txt,53.75,0.5,,45,99.0,97.5,0,PRE-CHARGE,1,,,,,3.84,3.836,3.84,3.839,3.84,3.836,3.84,3.839,3.84,3.839,54.3,0.0,120.0,40.5
2026-05-08 15:39:32.900000,5/8/2026,20260508_150507_897.txt,53.75,0.5,,45,99.0,97.5,0,PRE-CHARGE,1,,,,,3.84,3.836,3.84,3.839,3.84,3.836,3.84,3.839,3.84,3.839,54.3,0.0,120.0,40.5
2026-05-08 14:39:34.800000,5/8/2026,20260508_141954_986.txt,53.75,0.52,32.0,45,99.0,97.5,0,PRE-CHARGE,1,3.839,3.839,3.84,3.839,3.84,3.839,3.84,3.839,3.84,3.836,3.84,3.839,3.84,3.839,54.3,0.0,120.0,40.5
2026-05-08 15:39:34.800000,5/8/2026,20260508_150507_897.txt,53.75,0.52,32.0,45,99.0,97.5,0,PRE-CHARGE,1,3.839,3.839,3.84,3.839,3.84,3.839,3.84,3.839,3.84,3.836,3.84,3.839,3.84,3.839,54.3,0.0,120.0,40.5
2026-05-08 15:39:37.000000,5/8/2026,20260508_150507_897.txt,53.71,0.76,32.0,45,99.0,97.5,0,PRE-CHARGE,1,3.836,3.836,3.837,3.836,3.837,3.836,3.837,3.836,3.837,3.836,3.837,3.836,,,54.3,0.0,120.0,40.5
2026-05-08 14:39:37.000000,5/8/2026,20260508_141954_986.txt,53.71,0.76,32.0,45,99.0,97.5,0,PRE-CHARGE,1,3.836,3.836,3.837,3.836,3.837,3.836,3.837,3.836,3.837,3.836,3.837,3.836,,,54.3,0.0,120.0,40.5
2026-05-08 15:39:39.100000,5/8/2026,20260508_150507_897.txt,53.25,11.24,32.0,45,99.0,97.5,0,PRE-CHARGE,1,3.809,3.803,3.792,3.806,3.762,3.77,3.762,3.773,3.771,3.77,3.762,3.773,3.768,3.77,54.3,0.0,120.0,40.5
2026-05-08 14:39:39.100000,5/8/2026,20260508_141954_986.txt,53.25,11.24,32.0,45,99.0,97.5,0,PRE-CHARGE,1,3.809,3.803,3.792,3.806,3.762,3.77,3.762,3.773,3.771,3.77,3.762,3.773,3.768,3.77,54.3,0.0,120.0,40.5
2026-05-08 14:39:41.300000,5/8/2026,20260508_141954_986.txt,52.0,53.92,32.0,45,99.0,97.5,0,PRE-CHARGE,1,3.734,3.71,3.671,3.728,3.702,3.72,3.702,3.725,3.717,3.722,3.704,3.722,,,54.3,0.0,120.0,40.5
2026-05-08 15:39:41.300000,5/8/2026,20260508_150507_897.txt,52.0,53.92,32.0,45,99.0,97.5,0,PRE-CHARGE,1,3.734,3.71,3.671,3.728,3.702,3.72,3.702,3.725,3.717,3.722,3.704,3.722,,,54.3,0.0,120.0,40.5
2026-05-08 14:39:43.400000,5/8/2026,20260508_141954_986.txt,51.4,78.26,32.0,45,99.0,97.5,0,PRE-CHARGE,1,3.698,3.668,3.618,3.689,3.66,3.677,3.657,3.684,3.726,3.734,3.72,3.74,3.735,3.743,54.3,0.0,120.0,40.5
2026-05-08 15:39:43.400000,5/8/2026,20260508_150507_897.txt,51.4,78.26,32.0,45,99.0,97.5,0,PRE-CHARGE,1,3.698,3.668,3.618,3.689,3.66,3.677,3.657,3.684,3.726,3.734,3.72,3.74,3.735,3.743,54.3,0.0,120.0,40.5
2026-05-08 14:39:45.500000,5/8/2026,20260508_141954_986.txt,52.12,89.62,32.0,45,99.0,97.5,0,PRE-CHARGE,1,3.746,3.728,3.699,3.74,3.72,3.731,3.72,3.734,3.729,3.734,3.72,3.737,3.729,3.737,54.3,0.0,120.0,40.5
2026-05-08 15:39:45.500000,5/8/2026,20260508_150507_897.txt,52.12,89.62,32.0,45,99.0,97.5,0,PRE-CHARGE,1,3.746,3.728,3.699,3.74,3.72,3.731,3.72,3.734,3.729,3.734,3.72,3.737,3.729,3.737,54.3,0.0,120.0,40.5
2026-05-08 15:39:47.700000,5/8/2026,20260508_150507_897.txt,52.49,56.56,32.0,45,99.0,97.5,0,PRE-CHARGE,1,3.761,3.75,3.726,3.758,,,,,3.75,3.753,3.741,3.755,3.759,3.764,54.3,0.0,120.0,40.5
2026-05-08 14:39:47.700000,5/8/2026,20260508_141954_986.txt,52.49,56.56,32.0,45,99.0,97.5,0,PRE-CHARGE,1,3.761,3.75,3.726,3.758,,,,,3.75,3.753,3.741,3.755,3.759,3.764,54.3,0.0,120.0,40.5
2026-05-08 15:39:49.800000,5/8/2026,20260508_150507_897.txt,52.63,33.88,32.0,45,99.0,97.5,0,PRE-CHARGE,1,3.773,3.761,3.741,3.77,3.759,3.764,3.756,3.767,3.762,3.767,3.759,3.77,3.765,3.77,54.3,0.0,120.0,40.5
2026-05-08 14:39:49.800000,5/8/2026,20260508_141954_986.txt,52.63,33.88,32.0,45,99.0,97.5,0,PRE-CHARGE,1,3.773,3.761,3.741,3.77,3.759,3.764,3.756,3.767,3.762,3.767,3.759,3.77,3.765,3.77,54.3,0.0,120.0,40.5
2026-05-08 15:39:52.100000,5/8/2026,20260508_150507_897.txt,51.66,63.0,,45,99.0,97.5,0,PRE-CHARGE,1,3.71,3.689,3.642,3.704,3.677,3.695,3.677,3.701,3.693,3.698,3.677,3.701,3.69,3.701,54.3,0.0,120.0,40.5
2026-05-08 14:39:52.100000,5/8/2026,20260508_141954_986.txt,51.66,63.0,,45,99.0,97.5,0,PRE-CHARGE,1,3.71,3.689,3.642,3.704,3.677,3.695,3.677,3.701,3.693,3.698,3.677,3.701,3.69,3.701,54.3,0.0,120.0,40.5
2026-05-08 15:39:54.000000,5/8/2026,20260508_150507_897.txt,51.36,83.98,32.0,45,99.0,97.5,0,PRE-CHARGE,1,3.701,3.677,3.636,3.698,3.671,3.689,3.671,3.692,3.684,3.692,3.666,3.695,3.681,3.689,54.3,0.0,120.0,40.5
2026-05-08 14:39:54.000000,5/8/2026,20260508_141954_986.txt,51.36,83.98,32.0,45,99.0,97.5,0,PRE-CHARGE,1,3.701,3.677,3.636,3.698,3.671,3.689,3.671,3.692,3.684,3.692,3.666,3.695,3.681,3.689,54.3,0.0,120.0,40.5
2026-05-08 15:39:56.200000,5/8/2026,20260508_150507_897.txt,51.5,78.76,32.0,45,99.0,97.5,0,PRE-CHARGE,1,3.698,3.674,3.633,3.695,3.666,3.684,3.663,3.689,3.684,3.689,3.669,3.689,3.681,3.689,54.3,0.0,120.0,40.5
2026-05-08 14:39:56.200000,5/8/2026,20260508_141954_986.txt,51.5,78.76,32.0,45,99.0,97.5,0,PRE-CHARGE,1,3.698,3.674,3.633,3.695,3.666,3.684,3.663,3.689,3.684,3.689,3.669,3.689,3.681,3.689,54.3,0.0,120.0,40.5
2026-05-08 14:39:58.300000,5/8/2026,20260508_141954_986.txt,51.39,81.92,32.0,45,99.0,97.5,0,PRE-CHARGE,1,3.692,3.665,3.624,3.689,3.669,3.686,3.663,3.689,3.684,3.689,3.666,3.692,3.687,3.695,54.3,0.0,120.0,40.5
2026-05-08 15:39:58.300000,5/8/2026,20260508_150507_897.txt,51.39,81.92,32.0,45,99.0,97.5,0,PRE-CHARGE,1,3.692,3.665,3.624,3.689,3.669,3.686,3.663,3.689,3.684,3.689,3.666,3.692,3.687,3.695,54.3,0.0,120.0,40.5
2026-05-08 15:40:00.500000,5/8/2026,20260508_150507_897.txt,52.08,60.56,32.0,45,99.0,97.5,0,PRE-CHARGE,1,3.734,3.717,3.69,3.731,3.71,3.722,3.71,3.725,3.723,3.725,3.708,3.731,3.723,3.728,54.3,0.0,120.0,40.5
2026-05-08 14:40:00.500000,5/8/2026,20260508_141954_986.txt,52.08,60.56,32.0,45,99.0,97.5,0,PRE-CHARGE,1,3.734,3.717,3.69,3.731,3.71,3.722,3.71,3.725,3.723,3.725,3.708,3.731,3.723,3.728,54.3,0.0,120.0,40.5
2026-05-08 15:40:02.600000,5/8/2026,20260508_150507_897.txt,52.57,33.04,32.0,45,99.0,97.5,0,PRE-CHARGE,1,3.767,3.758,3.738,3.764,3.75,3.758,3.75,3.758,3.768,3.77,3.762,3.77,3.768,3.77,54.3,0.0,120.0,40.5
2026-05-08 14:40:02.600000,5/8/2026,20260508_141954_986.txt,52.57,33.04,32.0,45,99.0,97.5,0,PRE-CHARGE,1,3.767,3.758,3.738,3.764,3.75,3.758,3.75,3.758,3.768,3.77,3.762,3.77,3.768,3.77,54.3,0.0,120.0,40.5
2026-05-08 15:40:04.700000,5/8/2026,20260508_150507_897.txt,52.74,38.42,32.0,45,99.0,97.5,0,PRE-CHARGE,1,3.791,3.786,3.771,3.788,3.78,3.786,3.78,3.786,3.782,3.782,3.776,3.786,3.831,3.827,54.3,0.0,120.0,40.5
2026-05-08 14:40:04.700000,5/8/2026,20260508_141954_986.txt,52.74,38.42,32.0,45,99.0,97.5,0,PRE-CHARGE,1,3.791,3.786,3.771,3.788,3.78,3.786,3.78,3.786,3.782,3.782,3.776,3.786,3.831,3.827,54.3,0.0,120.0,40.5
2026-05-08 15:40:09.300000,5/8/2026,20260508_150507_897.txt,53.61,1.74,,45,99.0,97.5,0,PRE-CHARGE,1,3.812,3.809,3.807,3.812,3.809,3.809,3.809,3.809,3.809,3.809,3.809,3.809,,,54.3,0.0,120.0,40.5
2026-05-08 14:40:09.300000,5/8/2026,20260508_141954_986.txt,53.61,1.74,,45,99.0,97.5,0,PRE-CHARGE,1,3.812,3.809,3.807,3.812,3.809,3.809,3.809,3.809,3.809,3.809,3.809,3.809,,,54.3,0.0,120.0,40.5
2026-05-08 14:40:11.100000,5/8/2026,20260508_141954_986.txt,53.02,14.78,32.0,45,99.0,97.5,0,PRE-CHARGE,1,,,,,,,,,3.789,3.788,3.782,3.788,3.789,3.788,54.3,0.0,120.0,40.5
2026-05-08 15:40:11.100000,5/8/2026,20260508_150507_897.txt,53.02,14.78,32.0,45,99.0,97.5,0,PRE-CHARGE,1,,,,,,,,,3.789,3.788,3.782,3.788,3.789,3.788,54.3,0.0,120.0,40.5
2026-05-08 14:40:13.200000,5/8/2026,20260508_141954_986.txt,52.73,26.68,32.0,45,99.0,97.5,0,PRE-CHARGE,1,3.761,3.746,3.726,3.758,3.741,3.75,3.741,3.753,3.75,3.753,3.741,3.755,3.75,3.753,54.3,0.0,120.0,40.5
2026-05-08 15:40:13.200000,5/8/2026,20260508_150507_897.txt,52.73,26.68,32.0,45,99.0,97.5,0,PRE-CHARGE,1,3.761,3.746,3.726,3.758,3.741,3.75,3.741,3.753,3.75,3.753,3.741,3.755,3.75,3.753,54.3,0.0,120.0,40.5
2026-05-08 15:40:15.400000,5/8/2026,20260508_150507_897.txt,52.11,47.78,32.0,45,99.0,97.5,0,PRE-CHARGE,1,3.737,3.72,3.69,3.734,3.714,3.725,3.71,3.728,3.726,3.728,3.714,3.728,3.723,3.728,54.3,0.0,120.0,40.5
2026-05-08 14:40:15.400000,5/8/2026,20260508_141954_986.txt,52.11,47.78,32.0,45,99.0,97.5,0,PRE-CHARGE,1,3.737,3.72,3.69,3.734,3.714,3.725,3.71,3.728,3.726,3.728,3.714,3.728,3.723,3.728,54.3,0.0,120.0,40.5
2026-05-08 14:40:17.500000,5/8/2026,20260508_141954_986.txt,51.57,64.6,32.0,45,100.0,97.5,0,PRE-CHARGE,1,3.707,3.68,3.638,3.701,3.654,3.671,3.651,3.677,3.669,3.677,3.654,3.677,3.669,3.677,54.3,0.0,120.0,40.5
2026-05-08 15:40:17.500000,5/8/2026,20260508_150507_897.txt,51.57,64.6,32.0,45,100.0,97.5,0,PRE-CHARGE,1,3.707,3.68,3.638,3.701,3.654,3.671,3.651,3.677,3.669,3.677,3.654,3.677,3.669,3.677,54.3,0.0,120.0,40.5
2026-05-08 14:40:19.600000,5/8/2026,20260508_141954_986.txt,52.82,54.22,32.0,45,100.0,97.5,0,PRE-CHARGE,1,3.776,3.767,3.756,3.776,3.768,3.773,3.768,3.776,,,,,3.776,3.779,54.3,0.0,120.0,40.5
2026-05-08 15:40:19.600000,5/8/2026,20260508_150507_897.txt,52.82,54.22,32.0,45,100.0,97.5,0,PRE-CHARGE,1,3.776,3.767,3.756,3.776,3.768,3.773,3.768,3.776,,,,,3.776,3.779,54.3,0.0,120.0,40.5
2026-05-08 15:40:21.900000,5/8/2026,20260508_150507_897.txt,53.39,4.22,,45,100.0,97.5,0,PRE-CHARGE,1,3.815,3.812,3.813,3.815,3.813,3.812,3.813,3.812,3.815,3.815,3.815,3.815,3.815,3.815,54.3,0.0,120.0,40.5
2026-05-08 14:40:21.900000,5/8/2026,20260508_141954_986.txt,53.39,4.22,,45,100.0,97.5,0,PRE-CHARGE,1,3.815,3.812,3.813,3.815,3.813,3.812,3.813,3.812,3.815,3.815,3.815,3.815,3.815,3.815,54.3,0.0,120.0,40.5
2026-05-08 14:40:26.000000,5/8/2026,20260508_141954_986.txt,53.78,-12.9,32.0,45,100.0,97.5,0,PRE-CHARGE,1,3.839,3.842,3.848,3.839,3.842,3.839,3.842,3.839,3.84,3.839,3.842,3.839,3.801,3.803,54.3,0.0,120.0,40.5
2026-05-08 15:40:26.000000,5/8/2026,20260508_150507_897.txt,53.78,-12.9,32.0,45,100.0,97.5,0,PRE-CHARGE,1,3.839,3.842,3.848,3.839,3.842,3.839,3.842,3.839,3.84,3.839,3.842,3.839,3.801,3.803,54.3,0.0,120.0,40.5
2026-05-08 14:40:28.100000,5/8/2026,20260508_141954_986.txt,53.21,4.3,32.0,45,100.0,97.5,0,PRE-CHARGE,1,3.797,3.791,3.782,3.797,,,,,3.795,3.794,3.792,3.794,3.795,3.797,,,,
2026-05-08 15:40:28.100000,5/8/2026,20260508_150507_897.txt,53.21,4.3,32.0,45,100.0,97.5,0,PRE-CHARGE,1,3.797,3.791,3.782,3.797,,,,,3.795,3.794,3.792,3.794,3.795,3.797,,,,
2026-05-08 14:40:30.300000,5/8/2026,20260508_141954_986.txt,52.99,5.46,32.0,45,100.0,97.5,0,PRE-CHARGE,1,3.794,3.788,3.776,3.791,3.782,3.786,3.78,3.786,3.786,3.786,3.78,3.786,,,54.3,0.0,120.0,40.5
2026-05-08 15:40:30.300000,5/8/2026,20260508_150507_897.txt,52.99,5.46,32.0,45,100.0,97.5,0,PRE-CHARGE,1,3.794,3.788,3.776,3.791,3.782,3.786,3.78,3.786,3.786,3.786,3.78,3.786,,,54.3,0.0,120.0,40.5
2026-05-08 14:40:34.700000,5/8/2026,20260508_141954_986.txt,52.01,50.74,32.0,45,100.0,97.5,0,PRE-CHARGE,0,3.731,3.713,3.684,3.728,3.708,3.72,3.704,3.722,3.717,3.722,3.704,3.722,3.714,3.722,54.3,0.0,120.0,40.5
2026-05-08 15:40:34.700000,5/8/2026,20260508_150507_897.txt,52.01,50.74,32.0,45,100.0,97.5,0,PRE-CHARGE,0,3.731,3.713,3.684,3.728,3.708,3.72,3.704,3.722,3.717,3.722,3.704,3.722,3.714,3.722,54.3,0.0,120.0,40.5
2026-05-08 14:40:36.600000,5/8/2026,20260508_141954_986.txt,51.59,67.4,32.0,45,100.0,97.5,0,PRE-CHARGE,0,3.704,3.68,3.642,3.701,3.671,3.689,3.671,3.695,3.687,3.692,3.671,3.692,3.684,3.695,54.3,0.0,120.0,40.5
2026-05-08 15:40:36.600000,5/8/2026,20260508_150507_897.txt,51.59,67.4,32.0,45,100.0,97.5,0,PRE-CHARGE,0,3.704,3.68,3.642,3.701,3.671,3.689,3.671,3.695,3.687,3.692,3.671,3.692,3.684,3.695,54.3,0.0,120.0,40.5
2026-05-08 14:40:38.800000,5/8/2026,20260508_141954_986.txt,51.95,24.36,32.0,46,100.0,97.5,0,PRE-CHARGE,0,3.737,3.72,3.684,3.728,3.704,3.717,3.699,3.717,3.708,3.713,3.693,3.713,3.704,3.71,54.3,0.0,120.0,40.5
2026-05-08 15:40:38.800000,5/8/2026,20260508_150507_897.txt,51.95,24.36,32.0,46,100.0,97.5,0,PRE-CHARGE,0,3.737,3.72,3.684,3.728,3.704,3.717,3.699,3.717,3.708,3.713,3.693,3.713,3.704,3.71,54.3,0.0,120.0,40.5
2026-05-08 15:40:41.100000,5/8/2026,20260508_150507_897.txt,51.32,76.9,,46,100.0,97.5,0,PRE-CHARGE,0,3.686,3.662,3.615,3.684,3.654,3.671,3.651,3.677,3.648,3.656,3.63,3.659,3.648,3.659,54.3,0.0,120.0,40.5
2026-05-08 14:40:41.100000,5/8/2026,20260508_141954_986.txt,51.32,76.9,,46,100.0,97.5,0,PRE-CHARGE,0,3.686,3.662,3.615,3.684,3.654,3.671,3.651,3.677,3.648,3.656,3.63,3.659,3.648,3.659,54.3,0.0,120.0,40.5
2026-05-08 14:40:43.000000,5/8/2026,20260508_141954_986.txt,51.04,89.18,31.0,46,100.0,97.5,0,PRE-CHARGE,0,3.656,3.626,3.572,3.653,3.611,3.635,3.605,3.641,3.633,3.641,3.611,3.644,3.627,3.641,54.3,0.0,120.0,40.5
2026-05-08 15:40:43.000000,5/8/2026,20260508_150507_897.txt,51.04,89.18,31.0,46,100.0,97.5,0,PRE-CHARGE,0,3.656,3.626,3.572,3.653,3.611,3.635,3.605,3.641,3.633,3.641,3.611,3.644,3.627,3.641,54.3,0.0,120.0,40.5
2026-05-08 15:40:45.200000,5/8/2026,20260508_150507_897.txt,50.52,107.5,31.0,46,100.0,97.5,0,PRE-CHARGE,0,3.638,3.602,3.546,3.632,3.588,3.618,3.591,3.623,3.611,3.623,3.591,3.623,3.594,3.608,54.3,0.0,120.0,40.5
2026-05-08 14:40:45.200000,5/8/2026,20260508_141954_986.txt,50.52,107.5,31.0,46,100.0,97.5,0,PRE-CHARGE,0,3.638,3.602,3.546,3.632,3.588,3.618,3.591,3.623,3.611,3.623,3.591,3.623,3.594,3.608,54.3,0.0,120.0,40.5
2026-05-08 15:40:49.500000,5/8/2026,20260508_150507_897.txt,51.01,93.54,31.0,46,100.0,97.5,0,PRE-CHARGE,0,3.668,3.638,3.588,3.665,3.63,3.651,3.627,3.656,3.648,3.653,3.627,3.656,3.644,3.656,54.3,0.0,120.0,40.5
2026-05-08 14:40:49.500000,5/8/2026,20260508_141954_986.txt,51.01,93.54,31.0,46,100.0,97.5,0,PRE-CHARGE,0,3.668,3.638,3.588,3.665,3.63,3.651,3.627,3.656,3.648,3.653,3.627,3.656,3.644,3.656,54.3,0.0,120.0,40.5
2026-05-08 15:40:51.600000,5/8/2026,20260508_150507_897.txt,50.91,92.42,31.0,46,100.0,97.5,0,PRE-CHARGE,0,3.725,3.704,3.671,3.72,3.699,3.71,3.696,3.713,3.708,3.713,3.699,3.713,3.71,3.717,54.3,0.0,120.0,40.5
2026-05-08 14:40:51.600000,5/8/2026,20260508_141954_986.txt,50.91,92.42,31.0,46,100.0,97.5,0,PRE-CHARGE,0,3.725,3.704,3.671,3.72,3.699,3.71,3.696,3.713,3.708,3.713,3.699,3.713,3.71,3.717,54.3,0.0,120.0,40.5
2026-05-08 14:40:53.800000,5/8/2026,20260508_141954_986.txt,51.95,54.02,31.0,46,100.0,97.5,0,PRE-CHARGE,0,3.725,3.707,3.681,3.722,3.702,3.713,3.702,3.717,3.714,3.717,3.702,3.72,3.71,3.72,54.3,0.0,120.0,40.5
2026-05-08 15:40:53.800000,5/8/2026,20260508_150507_897.txt,51.95,54.02,31.0,46,100.0,97.5,0,PRE-CHARGE,0,3.725,3.707,3.681,3.722,3.702,3.713,3.702,3.717,3.714,3.717,3.702,3.72,3.71,3.72,54.3,0.0,120.0,40.5
2026-05-08 14:40:55.800000,5/8/2026,20260508_141954_986.txt,51.95,53.42,31.0,46,100.0,97.5,0,PRE-CHARGE,0,3.725,3.707,3.681,3.722,3.684,3.698,3.684,3.704,3.696,3.704,3.684,3.704,3.699,3.704,54.3,0.0,120.0,40.5
2026-05-08 15:40:55.800000,5/8/2026,20260508_150507_897.txt,51.95,53.42,31.0,46,100.0,97.5,0,PRE-CHARGE,0,3.725,3.707,3.681,3.722,3.684,3.698,3.684,3.704,3.696,3.704,3.684,3.704,3.699,3.704,54.3,0.0,120.0,40.5
2026-05-08 14:40:58.000000,5/8/2026,20260508_141954_986.txt,51.76,61.36,31.0,46,100.0,97.5,0,PRE-CHARGE,0,3.713,3.695,3.663,3.71,3.687,3.698,3.687,3.707,3.699,3.704,3.687,3.707,3.699,3.704,54.3,0.0,120.0,40.5
2026-05-08 15:40:58.000000,5/8/2026,20260508_150507_897.txt,51.76,61.36,31.0,46,100.0,97.5,0,PRE-CHARGE,0,3.713,3.695,3.663,3.71,3.687,3.698,3.687,3.707,3.699,3.704,3.687,3.707,3.699,3.704,54.3,0.0,120.0,40.5
2026-05-08 14:41:00.100000,5/8/2026,20260508_141954_986.txt,51.95,46.16,31.0,46,100.0,97.5,0,PRE-CHARGE,0,3.734,3.72,3.69,3.725,3.704,3.713,3.702,3.713,3.675,3.686,3.66,3.684,3.675,3.684,54.3,0.0,120.0,40.5
2026-05-08 15:41:00.100000,5/8/2026,20260508_150507_897.txt,51.95,46.16,31.0,46,100.0,97.5,0,PRE-CHARGE,0,3.734,3.72,3.69,3.725,3.704,3.713,3.702,3.713,3.675,3.686,3.66,3.684,3.675,3.684,54.3,0.0,120.0,40.5
2026-05-08 15:41:02.200000,5/8/2026,20260508_150507_897.txt,51.44,67.16,31.0,46,100.0,97.5,0,PRE-CHARGE,0,3.746,3.731,3.71,3.743,3.729,3.737,3.726,3.74,3.735,3.737,3.729,3.743,3.738,3.743,54.3,0.0,120.0,40.5
2026-05-08 14:41:02.200000,5/8/2026,20260508_141954_986.txt,51.44,67.16,31.0,46,100.0,97.5,0,PRE-CHARGE,0,3.746,3.731,3.71,3.743,3.729,3.737,3.726,3.74,3.735,3.737,3.729,3.743,3.738,3.743,54.3,0.0,120.0,40.5
2026-05-08 14:41:04.500000,5/8/2026,20260508_141954_986.txt,52.4,35.94,,46,100.0,97.5,0,PRE-CHARGE,0,3.753,3.74,3.723,3.753,3.738,3.743,3.738,3.746,3.743,3.746,3.738,3.75,3.75,3.753,54.3,0.0,120.0,40.5
2026-05-08 15:41:04.500000,5/8/2026,20260508_150507_897.txt,52.4,35.94,,46,100.0,97.5,0,PRE-CHARGE,0,3.753,3.74,3.723,3.753,3.738,3.743,3.738,3.746,3.743,3.746,3.738,3.75,3.75,3.753,54.3,0.0,120.0,40.5
2026-05-08 15:41:06.500000,5/8/2026,20260508_150507_897.txt,52.5,25.6,31.0,46,100.0,97.5,0,PRE-CHARGE,0,3.728,3.71,3.681,3.725,3.704,3.717,3.702,3.717,3.71,3.717,3.702,3.717,3.71,3.72,54.3,0.0,120.0,40.5
2026-05-08 14:41:06.500000,5/8/2026,20260508_141954_986.txt,52.5,25.6,31.0,46,100.0,97.5,0,PRE-CHARGE,0,3.728,3.71,3.681,3.725,3.704,3.717,3.702,3.717,3.71,3.717,3.702,3.717,3.71,3.72,54.3,0.0,120.0,40.5
2026-05-08 14:41:08.700000,5/8/2026,20260508_141954_986.txt,51.92,54.84,31.0,46,100.0,97.5,0,PRE-CHARGE,0,3.725,3.707,3.675,3.72,,,,,3.71,3.713,3.702,3.717,3.71,3.717,54.3,0.0,120.0,40.5
2026-05-08 15:41:08.700000,5/8/2026,20260508_150507_897.txt,51.92,54.84,31.0,46,100.0,97.5,0,PRE-CHARGE,0,3.725,3.707,3.675,3.72,,,,,3.71,3.713,3.702,3.717,3.71,3.717,54.3,0.0,120.0,40.5
2026-05-08 14:41:10.800000,5/8/2026,20260508_141954_986.txt,52.18,48.8,31.0,46,100.0,97.5,0,PRE-CHARGE,0,3.753,3.737,3.72,3.75,3.735,3.74,3.732,3.743,3.741,3.74,3.732,3.743,,,54.3,0.0,120.0,40.5
2026-05-08 15:41:10.800000,5/8/2026,20260508_150507_897.txt,52.18,48.8,31.0,46,100.0,97.5,0,PRE-CHARGE,0,3.753,3.737,3.72,3.75,3.735,3.74,3.732,3.743,3.741,3.74,3.732,3.743,,,54.3,0.0,120.0,40.5
2026-05-08 14:41:12.900000,5/8/2026,20260508_141954_986.txt,52.05,45.98,31.0,46,100.0,97.5,0,PRE-CHARGE,0,3.731,3.713,3.69,3.731,3.71,3.72,3.708,3.725,3.72,3.722,3.708,3.722,3.72,3.725,54.3,0.0,120.0,40.5
2026-05-08 15:41:12.900000,5/8/2026,20260508_150507_897.txt,52.05,45.98,31.0,46,100.0,97.5,0,PRE-CHARGE,0,3.731,3.713,3.69,3.731,3.71,3.72,3.708,3.725,3.72,3.722,3.708,3.722,3.72,3.725,54.3,0.0,120.0,40.5
2026-05-08 14:41:15.000000,5/8/2026,20260508_141954_986.txt,52.05,49.64,31.0,46,100.0,97.5,0,PRE-CHARGE,0,3.731,3.717,3.69,3.728,3.708,3.72,3.708,3.722,3.717,3.722,3.708,3.722,3.717,3.722,54.3,0.0,120.0,40.5
2026-05-08 15:41:15.000000,5/8/2026,20260508_150507_897.txt,52.05,49.64,31.0,46,100.0,97.5,0,PRE-CHARGE,0,3.731,3.717,3.69,3.728,3.708,3.72,3.708,3.722,3.717,3.722,3.708,3.722,3.717,3.722,54.3,0.0,120.0,40.5
2026-05-08 14:41:17.200000,5/8/2026,20260508_141954_986.txt,52.0,50.38,31.0,46,100.0,97.5,0,PRE-CHARGE,0,3.728,3.71,3.684,3.725,3.708,3.717,3.704,3.72,3.717,3.722,3.708,3.722,3.717,3.72,54.3,0.0,120.0,40.5
2026-05-08 15:41:17.200000,5/8/2026,20260508_150507_897.txt,52.0,50.38,31.0,46,100.0,97.5,0,PRE-CHARGE,0,3.728,3.71,3.684,3.725,3.708,3.717,3.704,3.72,3.717,3.722,3.708,3.722,3.717,3.72,54.3,0.0,120.0,40.5
2026-05-08 15:41:19.300000,5/8/2026,20260508_150507_897.txt,52.01,52.56,31.0,46,100.0,97.5,0,PRE-CHARGE,0,3.725,3.707,3.681,3.722,3.704,3.717,3.704,3.722,3.762,3.761,3.756,3.761,3.759,3.761,54.3,0.0,120.0,40.5
2026-05-08 14:41:19.300000,5/8/2026,20260508_141954_986.txt,52.01,52.56,31.0,46,100.0,97.5,0,PRE-CHARGE,0,3.725,3.707,3.681,3.722,3.704,3.717,3.704,3.722,3.762,3.761,3.756,3.761,3.759,3.761,54.3,0.0,120.0,40.5
2026-05-08 15:41:21.400000,5/8/2026,20260508_150507_897.txt,52.67,22.62,31.0,46,100.0,97.5,0,PRE-CHARGE,0,3.728,3.713,3.684,3.728,3.708,3.717,3.704,3.722,3.717,3.72,3.704,3.722,3.717,3.722,54.3,0.0,120.0,40.5
2026-05-08 14:41:21.400000,5/8/2026,20260508_141954_986.txt,52.67,22.62,31.0,46,100.0,97.5,0,PRE-CHARGE,0,3.728,3.713,3.684,3.728,3.708,3.717,3.704,3.722,3.717,3.72,3.704,3.722,3.717,3.722,54.3,0.0,120.0,40.5
2026-05-08 15:41:23.600000,5/8/2026,20260508_150507_897.txt,54.23,6.96,31.0,46,100.0,97.5,0,PRE-CHARGE,1,3.863,3.875,3.897,3.869,3.879,3.869,3.879,3.866,3.873,3.866,3.879,3.869,3.861,3.855,54.3,0.0,120.0,40.5
2026-05-08 14:41:23.600000,5/8/2026,20260508_141954_986.txt,54.23,6.96,31.0,46,100.0,97.5,0,PRE-CHARGE,1,3.863,3.875,3.897,3.869,3.879,3.869,3.879,3.866,3.873,3.866,3.879,3.869,3.861,3.855,54.3,0.0,120.0,40.5
2026-05-08 14:41:25.700000,5/8/2026,20260508_141954_986.txt,54.11,-14.08,31.0,46,100.0,97.5,0,PRE-CHARGE,0,3.686,3.656,3.611,3.68,3.648,3.665,3.642,3.671,3.663,3.668,3.642,3.671,3.66,3.668,54.3,0.0,120.0,40.5
2026-05-08 15:41:25.700000,5/8/2026,20260508_150507_897.txt,54.11,-14.08,31.0,46,100.0,97.5,0,PRE-CHARGE,0,3.686,3.656,3.611,3.68,3.648,3.665,3.642,3.671,3.663,3.668,3.642,3.671,3.66,3.668,54.3,0.0,120.0,40.5
2026-05-08 14:41:30.000000,5/8/2026,20260508_141954_986.txt,51.64,64.74,31.0,46,100.0,97.5,0,PRE-CHARGE,0,3.722,3.701,3.675,3.72,3.699,3.707,3.696,3.713,3.708,3.713,3.696,3.713,3.708,3.717,54.3,0.0,120.0,40.5
2026-05-08 15:41:30.000000,5/8/2026,20260508_150507_897.txt,51.64,64.74,31.0,46,100.0,97.5,0,PRE-CHARGE,0,3.722,3.701,3.675,3.72,3.699,3.707,3.696,3.713,3.708,3.713,3.696,3.713,3.708,3.717,54.3,0.0,120.0,40.5
2026-05-08 14:41:34.200000,5/8/2026,20260508_141954_986.txt,52.34,43.08,31.0,46,100.0,97.5,0,PRE-CHARGE,0,3.75,3.737,3.717,3.746,3.699,3.713,3.699,3.713,3.71,3.717,3.699,3.717,3.71,3.717,54.3,0.0,120.0,40.5
2026-05-08 15:41:34.200000,5/8/2026,20260508_150507_897.txt,52.34,43.08,31.0,46,100.0,97.5,0,PRE-CHARGE,0,3.75,3.737,3.717,3.746,3.699,3.713,3.699,3.713,3.71,3.717,3.699,3.717,3.71,3.717,54.3,0.0,120.0,40.5
2026-05-08 14:41:36.400000,5/8/2026,20260508_141954_986.txt,51.75,65.32,31.0,46,100.0,97.5,0,PRE-CHARGE,0,3.713,3.692,3.66,3.71,3.687,3.698,3.687,3.704,3.699,3.704,3.684,3.704,3.699,3.704,54.3,0.0,120.0,40.5
2026-05-08 15:41:36.400000,5/8/2026,20260508_150507_897.txt,51.75,65.32,31.0,46,100.0,97.5,0,PRE-CHARGE,0,3.713,3.692,3.66,3.71,3.687,3.698,3.687,3.704,3.699,3.704,3.684,3.704,3.699,3.704,54.3,0.0,120.0,40.5
2026-05-08 14:41:38.500000,5/8/2026,20260508_141954_986.txt,52.65,36.6,31.0,46,100.0,97.5,0,PRE-CHARGE,0,3.767,3.758,3.747,3.767,3.756,3.761,3.756,3.764,,,,,3.78,3.782,54.3,0.0,120.0,40.5
2026-05-08 15:41:38.500000,5/8/2026,20260508_150507_897.txt,52.65,36.6,31.0,46,100.0,97.5,0,PRE-CHARGE,0,3.767,3.758,3.747,3.767,3.756,3.761,3.756,3.764,,,,,3.78,3.782,54.3,0.0,120.0,40.5
2026-05-08 14:41:40.600000,5/8/2026,20260508_141954_986.txt,52.88,26.98,31.0,46,100.0,97.5,0,PRE-CHARGE,0,3.77,3.761,3.75,3.77,3.762,3.764,3.759,3.764,3.765,3.767,3.759,3.767,,,54.3,0.0,120.0,40.5
2026-05-08 15:41:40.600000,5/8/2026,20260508_150507_897.txt,52.88,26.98,31.0,46,100.0,97.5,0,PRE-CHARGE,0,3.77,3.761,3.75,3.77,3.762,3.764,3.759,3.764,3.765,3.767,3.759,3.767,,,54.3,0.0,120.0,40.5
2026-05-08 15:41:45.000000,5/8/2026,20260508_150507_897.txt,53.2,7.76,31.0,46,100.0,97.5,0,PRE-CHARGE,1,3.83,3.833,3.84,3.827,3.846,3.839,3.846,3.839,3.842,3.839,3.846,3.839,3.842,3.839,54.3,0.0,120.0,40.5
2026-05-08 14:41:45.000000,5/8/2026,20260508_141954_986.txt,53.2,7.76,31.0,46,100.0,97.5,0,PRE-CHARGE,1,3.83,3.833,3.84,3.827,3.846,3.839,3.846,3.839,3.842,3.839,3.846,3.839,3.842,3.839,54.3,0.0,120.0,40.5
2026-05-08 15:41:47.200000,5/8/2026,20260508_150507_897.txt,53.59,-13.7,,46,100.0,97.5,0,PRE-CHARGE,1,,,,,3.831,3.824,3.831,3.824,3.828,3.824,3.828,3.824,3.828,3.827,54.3,0.0,120.0,40.5
2026-05-08 14:41:47.200000,5/8/2026,20260508_141954_986.txt,53.59,-13.7,,46,100.0,97.5,0,PRE-CHARGE,1,,,,,3.831,3.824,3.831,3.824,3.828,3.824,3.828,3.824,3.828,3.827,54.3,0.0,120.0,40.5
2026-05-08 14:41:51.300000,5/8/2026,20260508_141954_986.txt,53.38,0.52,31.0,46,100.0,97.5,0,PRE-CHARGE,1,3.812,3.812,3.813,3.815,3.813,3.812,3.813,3.812,3.813,3.812,3.813,3.812,3.815,3.812,54.3,0.0,120.0,40.5
2026-05-08 15:41:51.300000,5/8/2026,20260508_150507_897.txt,53.38,0.52,31.0,46,100.0,97.5,0,PRE-CHARGE,1,3.812,3.812,3.813,3.815,3.813,3.812,3.813,3.812,3.813,3.812,3.813,3.812,3.815,3.812,54.3,0.0,120.0,40.5
2026-05-08 15:41:53.400000,5/8/2026,20260508_150507_897.txt,53.39,0.52,32.0,46,100.0,97.5,0,PRE-CHARGE,1,3.815,3.815,3.815,3.815,,,,,3.768,3.77,3.765,3.77,3.768,3.77,54.3,0.0,120.0,40.5
2026-05-08 14:41:53.400000,5/8/2026,20260508_141954_986.txt,53.39,0.52,32.0,46,100.0,97.5,0,PRE-CHARGE,1,3.815,3.815,3.815,3.815,,,,,3.768,3.77,3.765,3.77,3.768,3.77,54.3,0.0,120.0,40.5
2026-05-08 15:41:55.600000,5/8/2026,20260508_150507_897.txt,52.23,35.48,32.0,46,100.0,97.5,0,PRE-CHARGE,0,3.743,3.728,3.704,3.743,3.726,3.731,3.723,3.734,3.732,3.734,3.723,3.737,3.732,3.737,54.3,0.0,120.0,40.5
2026-05-08 14:41:55.600000,5/8/2026,20260508_141954_986.txt,52.23,35.48,32.0,46,100.0,97.5,0,PRE-CHARGE,0,3.743,3.728,3.704,3.743,3.726,3.731,3.723,3.734,3.732,3.734,3.723,3.737,3.732,3.737,54.3,0.0,120.0,40.5
2026-05-08 15:41:57.700000,5/8/2026,20260508_150507_897.txt,51.67,56.54,32.0,46,100.0,97.5,0,PRE-CHARGE,0,3.707,3.689,3.651,3.704,,,,,,,,,3.657,3.665,54.3,0.0,120.0,40.5
2026-05-08 14:41:57.700000,5/8/2026,20260508_141954_986.txt,51.67,56.54,32.0,46,100.0,97.5,0,PRE-CHARGE,0,3.707,3.689,3.651,3.704,,,,,,,,,3.657,3.665,54.3,0.0,120.0,40.5
2026-05-08 14:41:59.800000,5/8/2026,20260508_141954_986.txt,51.18,75.94,32.0,46,100.0,97.5,0,PRE-CHARGE,0,3.677,3.648,3.603,3.668,3.638,3.656,3.636,3.662,3.654,3.659,3.636,3.662,3.654,3.665,54.3,0.0,120.0,40.5
2026-05-08 15:41:59.800000,5/8/2026,20260508_150507_897.txt,51.18,75.94,32.0,46,100.0,97.5,0,PRE-CHARGE,0,3.677,3.648,3.603,3.668,3.638,3.656,3.636,3.662,3.654,3.659,3.636,3.662,3.654,3.665,54.3,0.0,120.0,40.5
2026-05-08 14:42:01.900000,5/8/2026,20260508_141954_986.txt,52.15,51.62,32.0,46,100.0,97.5,0,PRE-CHARGE,0,3.737,3.722,3.699,3.734,3.717,3.725,3.717,3.731,3.726,3.731,3.717,3.731,3.782,3.786,54.3,0.0,120.0,40.5
2026-05-08 15:42:01.900000,5/8/2026,20260508_150507_897.txt,52.15,51.62,32.0,46,100.0,97.5,0,PRE-CHARGE,0,3.737,3.722,3.699,3.734,3.717,3.725,3.717,3.731,3.726,3.731,3.717,3.731,3.782,3.786,54.3,0.0,120.0,40.5
2026-05-08 15:42:04.000000,5/8/2026,20260508_150507_897.txt,53.01,33.14,32.0,46,100.0,97.5,0,PRE-CHARGE,0,3.755,3.743,3.726,3.753,3.738,3.746,3.738,3.75,3.743,3.746,3.735,3.746,3.741,3.746,54.3,0.0,120.0,40.5
2026-05-08 14:42:04.000000,5/8/2026,20260508_141954_986.txt,53.01,33.14,32.0,46,100.0,97.5,0,PRE-CHARGE,0,3.755,3.743,3.726,3.753,3.738,3.746,3.738,3.75,3.743,3.746,3.735,3.746,3.741,3.746,54.3,0.0,120.0,40.5
2026-05-08 15:42:08.300000,5/8/2026,20260508_150507_897.txt,53.18,7.28,32.0,46,100.0,97.5,0,PRE-CHARGE,0,3.773,3.764,3.75,3.77,3.759,3.764,3.756,3.764,3.762,3.764,3.756,3.761,3.759,3.761,54.3,0.0,120.0,40.5
2026-05-08 14:42:08.300000,5/8/2026,20260508_141954_986.txt,53.18,7.28,32.0,46,100.0,97.5,0,PRE-CHARGE,0,3.773,3.764,3.75,3.77,3.759,3.764,3.756,3.764,3.762,3.764,3.756,3.761,3.759,3.761,54.3,0.0,120.0,40.5
2026-05-08 15:42:10.400000,5/8/2026,20260508_150507_897.txt,52.25,41.56,32.0,46,100.0,97.5,0,PRE-CHARGE,0,3.743,3.731,3.708,3.743,3.723,3.734,3.723,3.737,3.732,3.734,3.726,3.737,3.735,3.737,54.3,0.0,120.0,40.5
2026-05-08 14:42:10.400000,5/8/2026,20260508_141954_986.txt,52.25,41.56,32.0,46,100.0,97.5,0,PRE-CHARGE,0,3.743,3.731,3.708,3.743,3.723,3.734,3.723,3.737,3.732,3.734,3.726,3.737,3.735,3.737,54.3,0.0,120.0,40.5
2026-05-08 15:42:12.500000,5/8/2026,20260508_150507_897.txt,52.06,45.66,32.0,46,100.0,97.5,0,PRE-CHARGE,0,3.731,3.717,3.69,3.728,3.708,3.72,3.704,3.722,3.717,3.722,3.708,3.722,3.717,3.722,54.3,0.0,120.0,40.5
2026-05-08 14:42:12.500000,5/8/2026,20260508_141954_986.txt,52.06,45.66,32.0,46,100.0,97.5,0,PRE-CHARGE,0,3.731,3.717,3.69,3.728,3.708,3.72,3.704,3.722,3.717,3.722,3.708,3.722,3.717,3.722,54.3,0.0,120.0,40.5
2026-05-08 14:42:14.700000,5/8/2026,20260508_141954_986.txt,51.91,52.62,32.0,46,100.0,97.5,0,PRE-CHARGE,0,3.725,3.707,3.677,3.72,3.699,3.71,3.696,3.713,3.708,3.713,3.699,3.717,3.71,3.717,54.3,0.0,120.0,40.5
2026-05-08 15:42:14.700000,5/8/2026,20260508_150507_897.txt,51.91,52.62,32.0,46,100.0,97.5,0,PRE-CHARGE,0,3.725,3.707,3.677,3.72,3.699,3.71,3.696,3.713,3.708,3.713,3.699,3.717,3.71,3.717,54.3,0.0,120.0,40.5
2026-05-08 15:42:16.800000,5/8/2026,20260508_150507_897.txt,51.85,56.02,32.0,46,100.0,97.5,0,PRE-CHARGE,0,3.717,3.701,3.671,3.717,3.696,3.707,3.69,3.71,3.798,3.8,3.801,3.8,3.801,3.8,54.3,0.0,120.0,40.5
2026-05-08 14:42:16.800000,5/8/2026,20260508_141954_986.txt,51.85,56.02,32.0,46,100.0,97.5,0,PRE-CHARGE,0,3.717,3.701,3.671,3.717,3.696,3.707,3.69,3.71,3.798,3.8,3.801,3.8,3.801,3.8,54.3,0.0,120.0,40.5
2026-05-08 15:42:18.800000,5/8/2026,20260508_150507_897.txt,53.2,25.92,32.0,46,100.0,97.5,0,PRE-CHARGE,1,3.779,3.773,3.765,3.779,3.771,3.773,3.771,3.776,3.774,3.776,3.771,3.776,3.774,3.776,54.3,0.0,120.0,40.5
2026-05-08 14:42:18.800000,5/8/2026,20260508_141954_986.txt,53.2,25.92,32.0,46,100.0,97.5,0,PRE-CHARGE,1,3.779,3.773,3.765,3.779,3.771,3.773,3.771,3.776,3.774,3.776,3.771,3.776,3.774,3.776,54.3,0.0,120.0,40.5
2026-05-08 15:42:21.000000,5/8/2026,20260508_150507_897.txt,53.03,4.86,32.0,46,100.0,97.5,0,PRE-CHARGE,0,3.791,3.788,3.782,3.791,3.786,3.788,3.786,3.788,,,,,3.71,3.717,54.3,0.0,120.0,40.5
2026-05-08 14:42:21.000000,5/8/2026,20260508_141954_986.txt,53.03,4.86,32.0,46,100.0,97.5,0,PRE-CHARGE,0,3.791,3.788,3.782,3.791,3.786,3.788,3.786,3.788,,,,,3.71,3.717,54.3,0.0,120.0,40.5
2026-05-08 15:42:23.100000,5/8/2026,20260508_150507_897.txt,51.97,14.3,32.0,46,100.0,97.5,0,PRE-CHARGE,0,3.674,3.648,3.6,3.671,3.642,3.662,3.642,3.668,3.66,3.665,3.642,3.665,3.657,3.665,54.3,0.0,120.0,40.5
2026-05-08 14:42:23.100000,5/8/2026,20260508_141954_986.txt,51.97,14.3,32.0,46,100.0,97.5,0,PRE-CHARGE,0,3.674,3.648,3.6,3.671,3.642,3.662,3.642,3.668,3.66,3.665,3.642,3.665,3.657,3.665,54.3,0.0,120.0,40.5
2026-05-08 15:42:25.300000,5/8/2026,20260508_150507_897.txt,50.75,93.34,32.0,46,100.0,97.5,0,PRE-CHARGE,0,3.656,3.62,3.564,3.644,3.609,3.632,3.605,3.638,3.627,3.635,3.605,3.638,3.627,3.641,54.3,0.0,120.0,40.5
2026-05-08 14:42:25.300000,5/8/2026,20260508_141954_986.txt,50.75,93.34,32.0,46,100.0,97.5,0,PRE-CHARGE,0,3.656,3.62,3.564,3.644,3.609,3.632,3.605,3.638,3.627,3.635,3.605,3.638,3.627,3.641,54.3,0.0,120.0,40.5
2026-05-08 15:42:27.300000,5/8/2026,20260508_150507_897.txt,50.39,106.5,32.0,46,100.0,97.5,0,PRE-CHARGE,0,3.653,3.626,3.572,3.651,3.615,3.635,3.611,3.641,3.633,3.641,3.611,3.644,,,54.3,0.0,120.0,40.5
2026-05-08 14:42:27.300000,5/8/2026,20260508_141954_986.txt,50.39,106.5,32.0,46,100.0,97.5,0,PRE-CHARGE,0,3.653,3.626,3.572,3.651,3.615,3.635,3.611,3.641,3.633,3.641,3.611,3.644,,,54.3,0.0,120.0,40.5
2026-05-08 14:42:29.700000,5/8/2026,20260508_141954_986.txt,51.46,79.14,,46,100.0,97.5,0,PRE-CHARGE,0,3.695,3.671,3.636,3.692,3.666,3.677,3.66,3.684,3.677,3.684,3.663,3.686,3.677,3.686,54.3,0.0,120.0,40.5
2026-05-08 15:42:29.700000,5/8/2026,20260508_150507_897.txt,51.46,79.14,,46,100.0,97.5,0,PRE-CHARGE,0,3.695,3.671,3.636,3.692,3.666,3.677,3.66,3.684,3.677,3.684,3.663,3.686,3.677,3.686,54.3,0.0,120.0,40.5
2026-05-08 14:42:33.800000,5/8/2026,20260508_141954_986.txt,51.66,69.88,32.0,46,100.0,97.5,0,PRE-CHARGE,0,3.704,3.684,3.654,3.701,3.681,3.692,3.677,3.698,3.693,3.698,3.681,3.701,3.693,3.701,54.3,0.0,120.0,40.5
2026-05-08 15:42:33.800000,5/8/2026,20260508_150507_897.txt,51.66,69.88,32.0,46,100.0,97.5,0,PRE-CHARGE,0,3.704,3.684,3.654,3.701,3.681,3.692,3.677,3.698,3.693,3.698,3.681,3.701,3.693,3.701,54.3,0.0,120.0,40.5
2026-05-08 14:42:35.800000,5/8/2026,20260508_141954_986.txt,51.69,45.52,32.0,46,100.0,97.5,0,PRE-CHARGE,0,3.71,3.689,3.657,3.704,3.684,3.695,3.681,3.698,3.699,3.704,3.687,3.704,3.699,3.704,54.3,0.0,120.0,40.5
2026-05-08 15:42:35.800000,5/8/2026,20260508_150507_897.txt,51.69,45.52,32.0,46,100.0,97.5,0,PRE-CHARGE,0,3.71,3.689,3.657,3.704,3.684,3.695,3.681,3.698,3.699,3.704,3.687,3.704,3.699,3.704,54.3,0.0,120.0,40.5
2026-05-08 14:42:37.900000,5/8/2026,20260508_141954_986.txt,51.76,59.24,32.0,46,100.0,97.5,0,PRE-CHARGE,0,3.75,3.74,3.72,3.75,3.735,3.74,3.732,3.743,3.743,3.746,3.738,3.75,3.75,3.753,54.3,0.0,120.0,40.5
2026-05-08 15:42:37.900000,5/8/2026,20260508_150507_897.txt,51.76,59.24,32.0,46,100.0,97.5,0,PRE-CHARGE,0,3.75,3.74,3.72,3.75,3.735,3.74,3.732,3.743,3.743,3.746,3.738,3.75,3.75,3.753,54.3,0.0,120.0,40.5
2026-05-08 14:42:40.100000,5/8/2026,20260508_141954_986.txt,51.85,42.74,32.0,46,100.0,97.5,0,PRE-CHARGE,0,3.72,3.701,3.671,3.717,3.693,3.704,3.693,3.71,,,,,3.714,3.722,54.3,0.0,120.0,40.5
2026-05-08 15:42:40.100000,5/8/2026,20260508_150507_897.txt,51.85,42.74,32.0,46,100.0,97.5,0,PRE-CHARGE,0,3.72,3.701,3.671,3.717,3.693,3.704,3.693,3.71,,,,,3.714,3.722,54.3,0.0,120.0,40.5
2026-05-08 14:42:42.200000,5/8/2026,20260508_141954_986.txt,52.0,43.9,32.0,46,100.0,97.5,0,PRE-CHARGE,0,3.731,3.713,3.69,3.728,3.71,3.72,3.708,3.722,3.717,3.722,3.708,3.722,3.72,3.725,54.3,0.0,120.0,40.5
2026-05-08 15:42:42.200000,5/8/2026,20260508_150507_897.txt,52.0,43.9,32.0,46,100.0,97.5,0,PRE-CHARGE,0,3.731,3.713,3.69,3.728,3.71,3.72,3.708,3.722,3.717,3.722,3.708,3.722,3.72,3.725,54.3,0.0,120.0,40.5
2026-05-08 14:42:44.300000,5/8/2026,20260508_141954_986.txt,51.87,40.68,32.0,46,100.0,97.5,0,PRE-CHARGE,0,3.722,3.707,3.677,3.72,3.699,3.71,3.696,3.713,3.704,3.71,3.693,3.71,3.702,3.707,54.3,0.0,120.0,40.5
2026-05-08 15:42:44.300000,5/8/2026,20260508_150507_897.txt,51.87,40.68,32.0,46,100.0,97.5,0,PRE-CHARGE,0,3.722,3.707,3.677,3.72,3.699,3.71,3.696,3.713,3.704,3.71,3.693,3.71,3.702,3.707,54.3,0.0,120.0,40.5
2026-05-08 14:42:46.400000,5/8/2026,20260508_141954_986.txt,52.07,55.52,31.0,46,100.0,97.5,0,PRE-CHARGE,0,3.731,3.717,3.693,3.728,3.714,3.72,3.71,3.722,3.72,3.722,3.71,3.725,3.723,3.725,54.3,0.0,120.0,40.5
2026-05-08 15:42:46.400000,5/8/2026,20260508_150507_897.txt,52.07,55.52,31.0,46,100.0,97.5,0,PRE-CHARGE,0,3.731,3.717,3.693,3.728,3.714,3.72,3.71,3.722,3.72,3.722,3.71,3.725,3.723,3.725,54.3,0.0,120.0,40.5
2026-05-08 15:42:48.600000,5/8/2026,20260508_150507_897.txt,51.13,66.14,32.0,46,100.0,97.5,0,PRE-CHARGE,0,3.674,3.648,3.603,3.668,3.638,3.659,3.636,3.662,3.654,3.662,3.642,3.662,,,54.3,0.0,120.0,40.5
2026-05-08 14:42:48.600000,5/8/2026,20260508_141954_986.txt,51.13,66.14,32.0,46,100.0,97.5,0,PRE-CHARGE,0,3.674,3.648,3.603,3.668,3.638,3.659,3.636,3.662,3.654,3.662,3.642,3.662,,,54.3,0.0,120.0,40.5
2026-05-08 15:42:50.700000,5/8/2026,20260508_150507_897.txt,51.75,71.66,32.0,46,100.0,97.5,0,PRE-CHARGE,0,3.713,3.695,3.663,3.71,3.704,3.713,3.702,3.717,3.71,3.717,3.702,3.713,3.71,3.717,54.3,0.0,120.0,40.5
2026-05-08 14:42:50.700000,5/8/2026,20260508_141954_986.txt,51.75,71.66,32.0,46,100.0,97.5,0,PRE-CHARGE,0,3.713,3.695,3.663,3.71,3.704,3.713,3.702,3.717,3.71,3.717,3.702,3.713,3.71,3.717,54.3,0.0,120.0,40.5
2026-05-08 15:42:52.800000,5/8/2026,20260508_150507_897.txt,51.63,55.0,32.0,46,100.0,97.5,0,PRE-CHARGE,0,3.704,3.684,3.654,3.701,3.677,3.692,3.675,3.698,3.69,3.695,3.677,3.695,3.69,3.698,54.3,0.0,120.0,40.5
2026-05-08 14:42:52.800000,5/8/2026,20260508_141954_986.txt,51.63,55.0,32.0,46,100.0,97.5,0,PRE-CHARGE,0,3.704,3.684,3.654,3.701,3.677,3.692,3.675,3.698,3.69,3.695,3.677,3.695,3.69,3.698,54.3,0.0,120.0,40.5
2026-05-08 15:42:54.900000,5/8/2026,20260508_150507_897.txt,52.07,60.32,32.0,46,100.0,97.5,0,PRE-CHARGE,0,3.731,3.717,3.693,3.728,3.714,3.722,3.71,3.725,3.834,3.833,3.842,3.836,3.842,3.839,54.3,0.0,120.0,40.5
2026-05-08 14:42:54.900000,5/8/2026,20260508_141954_986.txt,52.07,60.32,32.0,46,100.0,97.5,0,PRE-CHARGE,0,3.731,3.717,3.693,3.728,3.714,3.722,3.71,3.725,3.834,3.833,3.842,3.836,3.842,3.839,54.3,0.0,120.0,40.5
2026-05-08 14:42:57.000000,5/8/2026,20260508_141954_986.txt,53.69,32.42,32.0,46,100.0,97.5,0,PRE-CHARGE,0,3.701,3.68,3.644,3.698,3.675,3.686,3.671,3.689,3.684,3.692,3.671,3.692,3.684,3.695,54.3,0.0,120.0,40.5
2026-05-08 15:42:57.000000,5/8/2026,20260508_150507_897.txt,53.69,32.42,32.0,46,100.0,97.5,0,PRE-CHARGE,0,3.701,3.68,3.644,3.698,3.675,3.686,3.671,3.689,3.684,3.692,3.671,3.692,3.684,3.695,54.3,0.0,120.0,40.5
2026-05-08 14:42:59.200000,5/8/2026,20260508_141954_986.txt,51.56,64.2,32.0,46,100.0,97.5,0,PRE-CHARGE,0,3.698,3.68,3.644,3.695,3.671,3.686,3.671,3.692,3.684,3.692,3.671,3.692,3.704,3.713,54.3,0.0,120.0,40.5
2026-05-08 15:42:59.200000,5/8/2026,20260508_150507_897.txt,51.56,64.2,32.0,46,100.0,97.5,0,PRE-CHARGE,0,3.698,3.68,3.644,3.695,3.671,3.686,3.671,3.692,3.684,3.692,3.671,3.692,3.704,3.713,54.3,0.0,120.0,40.5
2026-05-08 14:43:03.400000,5/8/2026,20260508_141954_986.txt,52.31,38.96,32.0,46,100.0,97.5,0,PRE-CHARGE,0,3.746,3.734,3.717,3.743,3.729,3.737,3.732,3.74,3.738,3.74,3.732,3.74,3.738,3.74,54.3,0.0,120.0,40.5
2026-05-08 15:43:03.400000,5/8/2026,20260508_150507_897.txt,52.31,38.96,32.0,46,100.0,97.5,0,PRE-CHARGE,0,3.746,3.734,3.717,3.743,3.729,3.737,3.732,3.74,3.738,3.74,3.732,3.74,3.738,3.74,54.3,0.0,120.0,40.5
2026-05-08 14:43:05.500000,5/8/2026,20260508_141954_986.txt,52.19,36.06,32.0,46,100.0,97.5,0,PRE-CHARGE,0,3.773,3.767,3.756,3.77,3.765,3.764,3.762,3.767,3.765,3.764,3.759,3.764,3.765,3.764,54.3,0.0,120.0,40.5
2026-05-08 15:43:05.500000,5/8/2026,20260508_150507_897.txt,52.19,36.06,32.0,46,100.0,97.5,0,PRE-CHARGE,0,3.773,3.767,3.756,3.77,3.765,3.764,3.762,3.767,3.765,3.764,3.759,3.764,3.765,3.764,54.3,0.0,120.0,40.5
2026-05-08 14:43:07.600000,5/8/2026,20260508_141954_986.txt,53.95,22.18,32.0,46,100.0,97.5,0,PRE-CHARGE,1,3.845,3.855,3.87,3.848,3.858,3.848,3.858,3.848,3.852,3.848,3.861,3.851,3.858,3.851,54.3,0.0,120.0,40.5
2026-05-08 15:43:07.600000,5/8/2026,20260508_150507_897.txt,53.95,22.18,32.0,46,100.0,97.5,0,PRE-CHARGE,1,3.845,3.855,3.87,3.848,3.858,3.848,3.858,3.848,3.852,3.848,3.861,3.851,3.858,3.851,54.3,0.0,120.0,40.5
2026-05-08 14:43:09.700000,5/8/2026,20260508_141954_986.txt,53.94,-31.72,32.0,46,100.0,97.5,0,PRE-CHARGE,1,3.845,3.855,3.87,3.848,3.726,3.734,3.726,3.737,3.735,3.737,3.729,3.74,3.738,3.743,,,,
2026-05-08 15:43:09.700000,5/8/2026,20260508_150507_897.txt,53.94,-31.72,32.0,46,100.0,97.5,0,PRE-CHARGE,1,3.845,3.855,3.87,3.848,3.726,3.734,3.726,3.737,3.735,3.737,3.729,3.74,3.738,3.743,,,,
2026-05-08 14:43:11.900000,5/8/2026,20260508_141954_986.txt,53.09,28.46,32.0,46,100.0,97.5,0,PRE-CHARGE,1,,,,,3.792,3.791,3.792,3.791,3.792,3.791,3.792,3.794,3.795,3.794,54.3,0.0,120.0,40.5
2026-05-08 15:43:11.900000,5/8/2026,20260508_150507_897.txt,53.09,28.46,32.0,46,100.0,97.5,0,PRE-CHARGE,1,,,,,3.792,3.791,3.792,3.791,3.792,3.791,3.792,3.794,3.795,3.794,54.3,0.0,120.0,40.5
2026-05-08 14:43:14.000000,5/8/2026,20260508_141954_986.txt,53.73,-9.46,32.0,46,100.0,97.5,0,PRE-CHARGE,1,3.833,3.839,3.848,3.836,3.84,3.833,3.842,3.833,,,,,3.831,3.83,54.3,0.0,120.0,40.5
2026-05-08 15:43:14.000000,5/8/2026,20260508_150507_897.txt,53.73,-9.46,32.0,46,100.0,97.5,0,PRE-CHARGE,1,3.833,3.839,3.848,3.836,3.84,3.833,3.842,3.833,,,,,3.831,3.83,54.3,0.0,120.0,40.5
2026-05-08 15:43:16.300000,5/8/2026,20260508_150507_897.txt,53.63,-15.94,,46,100.0,97.5,0,PRE-CHARGE,1,3.822,3.824,3.828,3.822,3.825,3.819,3.822,3.819,3.822,3.819,3.822,3.819,3.822,3.822,54.3,0.0,120.0,40.5
2026-05-08 14:43:16.300000,5/8/2026,20260508_141954_986.txt,53.63,-15.94,,46,100.0,97.5,0,PRE-CHARGE,1,3.822,3.824,3.828,3.822,3.825,3.819,3.822,3.819,3.822,3.819,3.822,3.819,3.822,3.822,54.3,0.0,120.0,40.5
2026-05-08 15:43:18.200000,5/8/2026,20260508_150507_897.txt,53.35,-4.74,32.0,46,100.0,97.5,0,PRE-CHARGE,1,3.812,3.812,3.813,3.812,3.813,3.809,3.809,3.809,3.809,3.809,3.809,3.809,3.809,3.806,54.3,0.0,120.0,40.5
2026-05-08 14:43:18.200000,5/8/2026,20260508_141954_986.txt,53.35,-4.74,32.0,46,100.0,97.5,0,PRE-CHARGE,1,3.812,3.812,3.813,3.812,3.813,3.809,3.809,3.809,3.809,3.809,3.809,3.809,3.809,3.806,54.3,0.0,120.0,40.5
2026-05-08 15:43:20.300000,5/8/2026,20260508_150507_897.txt,53.3,0.1,32.0,46,100.0,97.5,0,PRE-CHARGE,1,3.773,3.764,3.753,3.773,3.762,3.764,3.759,3.767,3.765,3.767,3.762,3.767,3.765,3.767,54.3,0.0,120.0,40.5
2026-05-08 14:43:20.300000,5/8/2026,20260508_141954_986.txt,53.3,0.1,32.0,46,100.0,97.5,0,PRE-CHARGE,1,3.773,3.764,3.753,3.773,3.762,3.764,3.759,3.767,3.765,3.767,3.762,3.767,3.765,3.767,54.3,0.0,120.0,40.5
2026-05-08 15:43:22.500000,5/8/2026,20260508_150507_897.txt,52.09,35.04,32.0,46,100.0,97.5,0,PRE-CHARGE,0,3.734,3.72,3.696,3.731,3.714,3.722,3.71,3.725,3.72,3.725,3.71,3.728,,,54.3,0.0,120.0,40.5
2026-05-08 14:43:22.500000,5/8/2026,20260508_141954_986.txt,52.09,35.04,32.0,46,100.0,97.5,0,PRE-CHARGE,0,3.734,3.72,3.696,3.731,3.714,3.722,3.71,3.725,3.72,3.725,3.71,3.728,,,54.3,0.0,120.0,40.5
2026-05-08 15:43:24.600000,5/8/2026,20260508_150507_897.txt,51.62,56.8,32.0,46,100.0,97.5,0,PRE-CHARGE,0,3.689,3.665,3.624,3.684,3.657,3.674,3.657,3.68,3.669,3.677,3.66,3.68,3.669,3.677,54.3,0.0,120.0,40.5
2026-05-08 14:43:24.600000,5/8/2026,20260508_141954_986.txt,51.62,56.8,32.0,46,100.0,97.5,0,PRE-CHARGE,0,3.689,3.665,3.624,3.684,3.657,3.674,3.657,3.68,3.669,3.677,3.66,3.68,3.669,3.677,54.3,0.0,120.0,40.5
2026-05-08 14:43:26.800000,5/8/2026,20260508_141954_986.txt,51.21,77.28,32.0,46,100.0,97.5,0,PRE-CHARGE,0,3.68,3.656,3.609,3.674,3.644,3.665,3.644,3.668,3.66,3.665,3.644,3.668,3.66,3.671,54.3,0.0,120.0,40.5
2026-05-08 15:43:26.800000,5/8/2026,20260508_150507_897.txt,51.21,77.28,32.0,46,100.0,97.5,0,PRE-CHARGE,0,3.68,3.656,3.609,3.674,3.644,3.665,3.644,3.668,3.66,3.665,3.644,3.668,3.66,3.671,54.3,0.0,120.0,40.5
2026-05-08 14:43:28.800000,5/8/2026,20260508_141954_986.txt,52.46,46.38,32.0,46,100.0,97.5,0,PRE-CHARGE,0,3.758,3.746,3.729,3.755,3.776,3.779,3.776,3.779,3.78,3.779,3.776,3.779,3.782,3.782,54.3,0.0,120.0,40.5
2026-05-08 15:43:28.800000,5/8/2026,20260508_150507_897.txt,52.46,46.38,32.0,46,100.0,97.5,0,PRE-CHARGE,0,3.758,3.746,3.729,3.755,3.776,3.779,3.776,3.779,3.78,3.779,3.776,3.779,3.782,3.782,54.3,0.0,120.0,40.5
2026-05-08 14:43:31.300000,5/8/2026,20260508_141954_986.txt,53.06,1.5,,46,100.0,97.5,0,PRE-CHARGE,0,3.794,3.791,3.786,3.791,3.789,3.788,3.789,3.788,3.789,3.788,3.789,3.791,3.792,3.791,54.3,0.0,120.0,40.5
2026-05-08 15:43:31.300000,5/8/2026,20260508_150507_897.txt,53.06,1.5,,46,100.0,97.5,0,PRE-CHARGE,0,3.794,3.791,3.786,3.791,3.789,3.788,3.789,3.788,3.789,3.788,3.789,3.791,3.792,3.791,54.3,0.0,120.0,40.5
2026-05-08 14:43:33.100000,5/8/2026,20260508_141954_986.txt,52.99,7.24,32.0,46,100.0,97.5,0,PRE-CHARGE,0,3.758,3.75,3.732,3.758,3.782,3.786,3.782,3.786,3.75,3.753,3.743,3.753,3.75,3.753,54.3,0.0,120.0,40.5
2026-05-08 15:43:33.100000,5/8/2026,20260508_150507_897.txt,52.99,7.24,32.0,46,100.0,97.5,0,PRE-CHARGE,0,3.758,3.75,3.732,3.758,3.782,3.786,3.782,3.786,3.75,3.753,3.743,3.753,3.75,3.753,54.3,0.0,120.0,40.5
2026-05-08 14:43:37.300000,5/8/2026,20260508_141954_986.txt,51.97,42.0,32.0,46,100.0,97.5,0,PRE-CHARGE,0,3.728,3.71,3.681,3.725,3.704,3.717,3.702,3.717,3.714,3.717,3.704,3.72,3.681,3.686,54.3,0.0,120.0,40.5
2026-05-08 15:43:37.300000,5/8/2026,20260508_150507_897.txt,51.97,42.0,32.0,46,100.0,97.5,0,PRE-CHARGE,0,3.728,3.71,3.681,3.725,3.704,3.717,3.702,3.717,3.714,3.717,3.704,3.72,3.681,3.686,54.3,0.0,120.0,40.5
2026-05-08 15:43:39.400000,5/8/2026,20260508_150507_897.txt,51.51,60.06,32.0,46,100.0,97.5,0,PRE-CHARGE,0,,,,,3.638,3.656,3.633,3.662,3.654,3.659,3.638,3.662,3.651,3.662,54.3,0.0,120.0,40.5
2026-05-08 14:43:39.400000,5/8/2026,20260508_141954_986.txt,51.51,60.06,32.0,46,100.0,97.5,0,PRE-CHARGE,0,,,,,3.638,3.656,3.633,3.662,3.654,3.659,3.638,3.662,3.651,3.662,54.3,0.0,120.0,40.5
2026-05-08 14:43:41.600000,5/8/2026,20260508_141954_986.txt,50.69,91.08,32.0,46,100.0,97.5,0,PRE-CHARGE,0,3.648,3.618,3.564,3.641,3.603,3.626,3.6,3.635,3.624,3.632,3.605,3.635,3.624,3.638,54.3,0.0,120.0,40.5
2026-05-08 15:43:41.600000,5/8/2026,20260508_150507_897.txt,50.69,91.08,32.0,46,100.0,97.5,0,PRE-CHARGE,0,3.648,3.618,3.564,3.641,3.603,3.626,3.6,3.635,3.624,3.632,3.605,3.635,3.624,3.638,54.3,0.0,120.0,40.5
2026-05-08 14:43:43.700000,5/8/2026,20260508_141954_986.txt,50.31,105.56,32.0,46,100.0,97.5,0,PRE-CHARGE,0,3.605,3.563,3.5,3.596,3.552,3.578,3.546,3.587,3.572,3.587,3.549,3.587,3.572,3.59,54.3,0.0,120.0,40.5
2026-05-08 15:43:43.700000,5/8/2026,20260508_150507_897.txt,50.31,105.56,32.0,46,100.0,97.5,0,PRE-CHARGE,0,3.605,3.563,3.5,3.596,3.552,3.578,3.546,3.587,3.572,3.587,3.549,3.587,3.572,3.59,54.3,0.0,120.0,40.5
2026-05-08 14:43:45.800000,5/8/2026,20260508_141954_986.txt,49.64,130.96,32.0,46,100.0,97.5,0,PRE-CHARGE,0,3.582,3.539,3.467,3.578,3.525,3.557,3.519,3.563,3.552,3.563,3.522,3.563,3.543,3.56,54.3,0.0,120.0,40.5
2026-05-08 15:43:45.800000,5/8/2026,20260508_150507_897.txt,49.64,130.96,32.0,46,100.0,97.5,0,PRE-CHARGE,0,3.582,3.539,3.467,3.578,3.525,3.557,3.519,3.563,3.552,3.563,3.522,3.563,3.543,3.56,54.3,0.0,120.0,40.5
2026-05-08 14:43:47.900000,5/8/2026,20260508_141954_986.txt,49.28,143.12,32.0,46,100.0,97.5,0,PRE-CHARGE,0,3.56,3.515,3.438,3.554,3.467,3.503,3.459,3.515,3.5,3.513,3.467,3.518,3.495,3.515,54.3,0.0,120.0,40.5
2026-05-08 15:43:47.900000,5/8/2026,20260508_150507_897.txt,49.28,143.12,32.0,46,100.0,97.5,0,PRE-CHARGE,0,3.56,3.515,3.438,3.554,3.467,3.503,3.459,3.515,3.5,3.513,3.467,3.518,3.495,3.515,54.3,0.0,120.0,40.5
2026-05-08 15:43:50.100000,5/8/2026,20260508_150507_897.txt,48.56,168.46,32.0,46,100.0,97.5,0,PRE-CHARGE,0,3.506,3.447,3.351,3.497,3.432,3.473,3.426,3.485,3.467,3.482,3.429,3.485,3.462,3.482,54.3,0.0,120.0,40.5
2026-05-08 14:43:50.100000,5/8/2026,20260508_141954_986.txt,48.56,168.46,32.0,46,100.0,97.5,0,PRE-CHARGE,0,3.506,3.447,3.351,3.497,3.432,3.473,3.426,3.485,3.467,3.482,3.429,3.485,3.462,3.482,54.3,0.0,120.0,40.5
2026-05-08 15:43:53.500000,5/8/2026,20260508_150507_897.txt,49.34,168.3,32.0,46,100.0,97.5,3,PRE-CHARGE,0,3.563,3.515,3.44,3.551,,,,,3.528,3.542,3.5,3.546,3.543,3.557,54.3,0.0,120.0,40.5
2026-05-08 14:43:53.500000,5/8/2026,20260508_141954_986.txt,49.34,168.3,32.0,46,100.0,97.5,3,PRE-CHARGE,0,3.563,3.515,3.44,3.551,,,,,3.528,3.542,3.5,3.546,3.543,3.557,54.3,0.0,120.0,40.5
2026-05-08 15:43:55.600000,5/8/2026,20260508_150507_897.txt,49.56,103.56,32.0,46,100.0,97.5,0,PRE-CHARGE,0,3.593,3.551,3.486,3.584,3.539,3.566,3.537,3.575,3.564,3.575,3.539,3.578,3.564,3.578,54.3,0.0,120.0,40.5
2026-05-08 14:43:55.600000,5/8/2026,20260508_141954_986.txt,49.56,103.56,32.0,46,100.0,97.5,0,PRE-CHARGE,0,3.593,3.551,3.486,3.584,3.539,3.566,3.537,3.575,3.564,3.575,3.539,3.578,3.564,3.578,54.3,0.0,120.0,40.5
2026-05-08 15:43:57.700000,5/8/2026,20260508_150507_897.txt,49.52,118.4,32.0,46,100.0,97.5,0,PRE-CHARGE,0,3.578,3.53,3.462,3.569,3.519,3.546,3.51,3.554,3.539,3.554,3.513,3.554,3.539,3.554,54.3,0.0,120.0,40.5
2026-05-08 14:43:57.700000,5/8/2026,20260508_141954_986.txt,49.52,118.4,32.0,46,100.0,97.5,0,PRE-CHARGE,0,3.578,3.53,3.462,3.569,3.519,3.546,3.51,3.554,3.539,3.554,3.513,3.554,3.539,3.554,54.3,0.0,120.0,40.5
2026-05-08 15:43:59.800000,5/8/2026,20260508_150507_897.txt,49.41,137.02,32.0,46,100.0,97.5,0,PRE-CHARGE,0,3.59,3.554,3.489,3.584,3.539,3.566,3.533,3.575,3.564,3.575,3.539,3.575,3.558,3.572,54.3,0.0,120.0,40.5
2026-05-08 14:43:59.800000,5/8/2026,20260508_141954_986.txt,49.41,137.02,32.0,46,100.0,97.5,0,PRE-CHARGE,0,3.59,3.554,3.489,3.584,3.539,3.566,3.533,3.575,3.564,3.575,3.539,3.575,3.558,3.572,54.3,0.0,120.0,40.5
2026-05-08 15:44:02.000000,5/8/2026,20260508_150507_897.txt,48.07,173.04,32.0,46,100.0,97.5,0,PRE-CHARGE,0,3.485,3.422,3.324,3.47,3.401,3.444,3.396,3.458,3.438,3.458,3.407,3.461,3.438,3.461,54.3,0.0,120.0,40.5
2026-05-08 14:44:02.000000,5/8/2026,20260508_141954_986.txt,48.07,173.04,32.0,46,100.0,97.5,0,PRE-CHARGE,0,3.485,3.422,3.324,3.47,3.401,3.444,3.396,3.458,3.438,3.458,3.407,3.461,3.438,3.461,54.3,0.0,120.0,40.5
2026-05-08 15:44:04.100000,5/8/2026,20260508_150507_897.txt,49.05,171.8,31.0,46,100.0,97.5,0,PRE-CHARGE,0,3.542,3.494,3.417,3.533,3.666,3.674,3.66,3.68,3.675,3.68,3.666,3.684,3.677,3.684,54.3,0.0,120.0,40.5
2026-05-08 14:44:04.100000,5/8/2026,20260508_141954_986.txt,49.05,171.8,31.0,46,100.0,97.5,0,PRE-CHARGE,0,3.542,3.494,3.417,3.533,3.666,3.674,3.66,3.68,3.675,3.68,3.666,3.684,3.677,3.684,54.3,0.0,120.0,40.5
2026-05-08 15:44:06.200000,5/8/2026,20260508_150507_897.txt,50.18,72.34,31.0,46,100.0,97.5,0,PRE-CHARGE,0,3.623,3.593,3.537,3.615,3.576,3.596,3.572,3.602,3.588,3.593,3.561,3.587,3.567,3.572,54.3,0.0,120.0,40.5
2026-05-08 14:44:06.200000,5/8/2026,20260508_141954_986.txt,50.18,72.34,31.0,46,100.0,97.5,0,PRE-CHARGE,0,3.623,3.593,3.537,3.615,3.576,3.596,3.572,3.602,3.588,3.593,3.561,3.587,3.567,3.572,54.3,0.0,120.0,40.5
2026-05-08 15:44:08.300000,5/8/2026,20260508_150507_897.txt,47.84,178.44,31.0,46,100.0,97.5,0,PRE-CHARGE,0,3.467,3.404,3.3,3.455,3.384,3.428,3.381,3.447,3.44,3.458,3.407,3.461,3.44,3.464,54.3,0.0,120.0,40.5
2026-05-08 14:44:08.300000,5/8/2026,20260508_141954_986.txt,47.84,178.44,31.0,46,100.0,97.5,0,PRE-CHARGE,0,3.467,3.404,3.3,3.455,3.384,3.428,3.381,3.447,3.44,3.458,3.407,3.461,3.44,3.464,54.3,0.0,120.0,40.5
2026-05-08 14:44:10.400000,5/8/2026,20260508_141954_986.txt,48.1,193.0,31.0,46,100.0,97.5,0,PRE-CHARGE,0,3.77,3.77,3.765,3.764,3.759,3.753,3.753,3.75,3.75,3.75,3.75,3.753,3.756,3.755,54.3,0.0,120.0,40.5
2026-05-08 15:44:10.400000,5/8/2026,20260508_150507_897.txt,48.1,193.0,31.0,46,100.0,97.5,0,PRE-CHARGE,0,3.77,3.77,3.765,3.764,3.759,3.753,3.753,3.75,3.75,3.75,3.75,3.753,3.756,3.755,54.3,0.0,120.0,40.5
2026-05-08 14:44:12.500000,5/8/2026,20260508_141954_986.txt,48.93,49.78,31.0,46,100.0,97.5,0,PRE-CHARGE,0,3.572,3.521,3.438,3.542,3.48,3.506,3.462,3.509,3.486,3.5,3.447,3.497,3.782,3.779,54.3,0.0,120.0,40.5
2026-05-08 15:44:12.500000,5/8/2026,20260508_150507_897.txt,48.93,49.78,31.0,46,100.0,97.5,0,PRE-CHARGE,0,3.572,3.521,3.438,3.542,3.48,3.506,3.462,3.509,3.486,3.5,3.447,3.497,3.782,3.779,54.3,0.0,120.0,40.5
2026-05-08 14:44:14.600000,5/8/2026,20260508_141954_986.txt,52.77,159.58,31.0,46,100.0,97.5,0,PRE-CHARGE,1,3.68,3.659,3.624,3.674,3.651,3.659,3.648,3.662,3.657,3.659,3.644,3.662,3.654,3.659,54.3,0.0,120.0,40.5
2026-05-08 15:44:14.600000,5/8/2026,20260508_150507_897.txt,52.77,159.58,31.0,46,100.0,97.5,0,PRE-CHARGE,1,3.68,3.659,3.624,3.674,3.651,3.659,3.648,3.662,3.657,3.659,3.644,3.662,3.654,3.659,54.3,0.0,120.0,40.5
2026-05-08 14:44:16.800000,5/8/2026,20260508_141954_986.txt,51.05,82.74,31.0,46,100.0,97.5,0,PRE-CHARGE,1,3.635,3.608,3.564,3.638,3.611,3.635,3.624,3.656,3.657,3.671,3.666,3.689,3.69,3.698,54.3,0.0,120.0,40.5
2026-05-08 15:44:16.800000,5/8/2026,20260508_150507_897.txt,51.05,82.74,31.0,46,100.0,97.5,0,PRE-CHARGE,1,3.635,3.608,3.564,3.638,3.611,3.635,3.624,3.656,3.657,3.671,3.666,3.689,3.69,3.698,54.3,0.0,120.0,40.5
2026-05-08 15:44:18.900000,5/8/2026,20260508_150507_897.txt,52.29,-15.8,31.0,46,100.0,97.5,0,PRE-CHARGE,0,3.725,3.713,3.696,3.722,3.71,3.713,3.708,3.72,3.714,3.72,3.71,3.72,3.717,3.72,54.3,0.0,120.0,40.5
2026-05-08 14:44:18.900000,5/8/2026,20260508_141954_986.txt,52.29,-15.8,31.0,46,100.0,97.5,0,PRE-CHARGE,0,3.725,3.713,3.696,3.722,3.71,3.713,3.708,3.72,3.714,3.72,3.71,3.72,3.717,3.72,54.3,0.0,120.0,40.5
2026-05-08 14:44:21.200000,5/8/2026,20260508_141954_986.txt,52.17,29.72,,46,100.0,97.5,0,PRE-CHARGE,0,3.734,3.725,3.71,3.734,3.723,3.725,3.72,3.728,3.726,3.728,3.723,3.728,3.729,3.731,54.3,0.0,120.0,40.5
2026-05-08 15:44:21.200000,5/8/2026,20260508_150507_897.txt,52.17,29.72,,46,100.0,97.5,0,PRE-CHARGE,0,3.734,3.725,3.71,3.734,3.723,3.725,3.72,3.728,3.726,3.728,3.723,3.728,3.729,3.731,54.3,0.0,120.0,40.5
2026-05-08 14:44:23.100000,5/8/2026,20260508_141954_986.txt,51.7,33.3,32.0,46,100.0,97.5,0,PRE-CHARGE,0,3.71,3.695,3.671,3.707,3.657,3.671,3.651,3.674,3.666,3.671,3.657,3.677,3.669,3.677,54.3,0.0,120.0,40.5
2026-05-08 15:44:23.100000,5/8/2026,20260508_150507_897.txt,51.7,33.3,32.0,46,100.0,97.5,0,PRE-CHARGE,0,3.71,3.695,3.671,3.707,3.657,3.671,3.651,3.674,3.666,3.671,3.657,3.677,3.669,3.677,54.3,0.0,120.0,40.5
2026-05-08 14:44:25.300000,5/8/2026,20260508_141954_986.txt,51.44,56.68,32.0,46,100.0,97.5,0,PRE-CHARGE,0,,,,,3.663,3.677,3.663,3.68,3.675,3.68,3.666,3.684,3.675,3.684,54.3,0.0,120.0,40.5
2026-05-08 15:44:25.300000,5/8/2026,20260508_150507_897.txt,51.44,56.68,32.0,46,100.0,97.5,0,PRE-CHARGE,0,,,,,3.663,3.677,3.663,3.68,3.675,3.68,3.666,3.684,3.675,3.684,54.3,0.0,120.0,40.5
2026-05-08 14:44:27.400000,5/8/2026,20260508_141954_986.txt,51.71,49.38,32.0,46,100.0,97.5,0,PRE-CHARGE,0,3.707,3.689,3.666,3.704,3.687,3.695,3.684,3.698,3.671,3.68,3.663,3.68,3.675,3.68,54.3,0.0,120.0,40.5
2026-05-08 15:44:27.400000,5/8/2026,20260508_150507_897.txt,51.71,49.38,32.0,46,100.0,97.5,0,PRE-CHARGE,0,3.707,3.689,3.666,3.704,3.687,3.695,3.684,3.698,3.671,3.68,3.663,3.68,3.675,3.68,54.3,0.0,120.0,40.5
2026-05-08 14:44:29.500000,5/8/2026,20260508_141954_986.txt,51.45,47.76,32.0,46,100.0,97.5,0,PRE-CHARGE,0,3.684,3.665,3.63,3.68,3.657,3.668,3.654,3.671,3.669,3.674,3.657,3.674,3.669,3.677,54.3,0.0,120.0,40.5
2026-05-08 15:44:29.500000,5/8/2026,20260508_150507_897.txt,51.45,47.76,32.0,46,100.0,97.5,0,PRE-CHARGE,0,3.684,3.665,3.63,3.68,3.657,3.668,3.654,3.671,3.669,3.674,3.657,3.674,3.669,3.677,54.3,0.0,120.0,40.5
2026-05-08 14:44:31.600000,5/8/2026,20260508_141954_986.txt,51.29,61.66,32.0,46,100.0,97.5,0,PRE-CHARGE,0,3.68,3.662,3.624,3.68,3.654,3.665,3.651,3.671,,,,,3.663,3.668,54.3,0.0,120.0,40.5
2026-05-08 15:44:31.600000,5/8/2026,20260508_150507_897.txt,51.29,61.66,32.0,46,100.0,97.5,0,PRE-CHARGE,0,3.68,3.662,3.624,3.68,3.654,3.665,3.651,3.671,,,,,3.663,3.668,54.3,0.0,120.0,40.5
2026-05-08 15:44:33.700000,5/8/2026,20260508_150507_897.txt,51.2,64.4,32.0,46,100.0,97.5,0,PRE-CHARGE,0,3.677,3.659,3.621,3.674,,,,,3.663,3.665,3.648,3.668,3.663,3.668,54.3,0.0,120.0,40.5
2026-05-08 14:44:33.700000,5/8/2026,20260508_141954_986.txt,51.2,64.4,32.0,46,100.0,97.5,0,PRE-CHARGE,0,3.677,3.659,3.621,3.674,,,,,3.663,3.665,3.648,3.668,3.663,3.668,54.3,0.0,120.0,40.5
2026-05-08 15:44:35.900000,5/8/2026,20260508_150507_897.txt,51.22,64.62,32.0,46,100.0,97.5,0,PRE-CHARGE,0,3.677,3.653,3.621,3.674,3.648,3.662,3.644,3.668,3.66,3.665,3.651,3.668,3.66,3.668,54.3,0.0,120.0,40.5
2026-05-08 14:44:35.900000,5/8/2026,20260508_141954_986.txt,51.22,64.62,32.0,46,100.0,97.5,0,PRE-CHARGE,0,3.677,3.653,3.621,3.674,3.648,3.662,3.644,3.668,3.66,3.665,3.651,3.668,3.66,3.668,54.3,0.0,120.0,40.5
2026-05-08 15:44:38.000000,5/8/2026,20260508_150507_897.txt,50.69,77.56,32.0,46,100.0,97.5,0,PRE-CHARGE,0,3.644,3.618,3.57,3.638,3.605,3.626,3.605,3.629,3.624,3.629,3.605,3.635,3.624,3.632,54.3,0.0,120.0,40.5
2026-05-08 14:44:38.000000,5/8/2026,20260508_141954_986.txt,50.69,77.56,32.0,46,100.0,97.5,0,PRE-CHARGE,0,3.644,3.618,3.57,3.638,3.605,3.626,3.605,3.629,3.624,3.629,3.605,3.635,3.624,3.632,54.3,0.0,120.0,40.5
2026-05-08 15:44:40.100000,5/8/2026,20260508_150507_897.txt,50.96,80.22,32.0,46,100.0,97.5,0,PRE-CHARGE,0,3.662,3.638,3.594,3.656,3.63,3.641,3.624,3.651,3.644,3.648,3.63,3.651,3.642,3.653,54.3,0.0,120.0,40.5
2026-05-08 14:44:40.100000,5/8/2026,20260508_141954_986.txt,50.96,80.22,32.0,46,100.0,97.5,0,PRE-CHARGE,0,3.662,3.638,3.594,3.656,3.63,3.641,3.624,3.651,3.644,3.648,3.63,3.651,3.642,3.653,54.3,0.0,120.0,40.5
2026-05-08 15:44:42.200000,5/8/2026,20260508_150507_897.txt,52.22,57.12,32.0,45,100.0,97.5,0,PRE-CHARGE,0,3.74,3.734,3.723,3.74,3.633,3.651,3.63,3.653,3.644,3.653,3.633,3.656,3.648,3.656,54.3,0.0,120.0,40.5
2026-05-08 14:44:42.200000,5/8/2026,20260508_141954_986.txt,52.22,57.12,32.0,45,100.0,97.5,0,PRE-CHARGE,0,3.74,3.734,3.723,3.74,3.633,3.651,3.63,3.653,3.644,3.653,3.633,3.656,3.648,3.656,54.3,0.0,120.0,40.5
2026-05-08 14:44:44.400000,5/8/2026,20260508_141954_986.txt,50.69,83.38,32.0,45,100.0,97.5,0,PRE-CHARGE,0,3.644,3.618,3.57,3.638,3.609,3.623,3.605,3.629,3.624,3.632,3.605,3.632,3.624,3.632,54.3,0.0,120.0,40.5
2026-05-08 15:44:44.400000,5/8/2026,20260508_150507_897.txt,50.69,83.38,32.0,45,100.0,97.5,0,PRE-CHARGE,0,3.644,3.618,3.57,3.638,3.609,3.623,3.605,3.629,3.624,3.632,3.605,3.632,3.624,3.632,54.3,0.0,120.0,40.5
2026-05-08 14:44:46.400000,5/8/2026,20260508_141954_986.txt,50.43,90.36,32.0,45,100.0,97.5,0,PRE-CHARGE,0,3.629,3.596,3.546,3.623,3.588,3.608,3.582,3.615,3.578,3.59,3.558,3.593,3.578,3.593,54.3,0.0,120.0,40.5
2026-05-08 15:44:46.400000,5/8/2026,20260508_150507_897.txt,50.43,90.36,32.0,45,100.0,97.5,0,PRE-CHARGE,0,3.629,3.596,3.546,3.623,3.588,3.608,3.582,3.615,3.578,3.59,3.558,3.593,3.578,3.593,54.3,0.0,120.0,40.5
2026-05-08 14:44:48.500000,5/8/2026,20260508_141954_986.txt,50.09,95.7,32.0,45,100.0,97.5,0,PRE-CHARGE,0,3.599,3.56,3.498,3.59,3.549,3.569,3.543,3.582,3.567,3.578,3.546,3.582,3.57,3.582,54.3,0.0,120.0,40.5
2026-05-08 15:44:48.500000,5/8/2026,20260508_150507_897.txt,50.09,95.7,32.0,45,100.0,97.5,0,PRE-CHARGE,0,3.599,3.56,3.498,3.59,3.549,3.569,3.543,3.582,3.567,3.578,3.546,3.582,3.57,3.582,54.3,0.0,120.0,40.5
2026-05-08 14:44:50.700000,5/8/2026,20260508_141954_986.txt,50.66,99.52,32.0,45,100.0,97.5,0,PRE-CHARGE,0,3.641,3.618,3.567,3.638,3.603,3.623,3.603,3.629,3.621,3.629,3.605,3.632,3.611,3.62,54.3,0.0,120.0,40.5
2026-05-08 15:44:50.700000,5/8/2026,20260508_150507_897.txt,50.66,99.52,32.0,45,100.0,97.5,0,PRE-CHARGE,0,3.641,3.618,3.567,3.638,3.603,3.623,3.603,3.629,3.621,3.629,3.605,3.632,3.611,3.62,54.3,0.0,120.0,40.5
2026-05-08 15:44:52.800000,5/8/2026,20260508_150507_897.txt,50.51,87.3,32.0,45,100.0,97.5,0,PRE-CHARGE,0,3.662,3.638,3.597,3.659,3.63,3.648,3.63,3.651,3.644,3.651,3.63,3.653,3.644,3.653,54.3,0.0,120.0,40.5
2026-05-08 14:44:52.800000,5/8/2026,20260508_141954_986.txt,50.51,87.3,32.0,45,100.0,97.5,0,PRE-CHARGE,0,3.662,3.638,3.597,3.659,3.63,3.648,3.63,3.651,3.644,3.651,3.63,3.653,3.644,3.653,54.3,0.0,120.0,40.5
2026-05-08 15:44:54.900000,5/8/2026,20260508_150507_897.txt,50.93,71.7,32.0,45,100.0,97.5,0,PRE-CHARGE,0,3.659,3.635,3.594,3.653,3.627,3.641,3.624,3.648,3.638,3.648,3.627,3.648,3.642,3.648,54.3,0.0,120.0,40.5
2026-05-08 14:44:54.900000,5/8/2026,20260508_141954_986.txt,50.93,71.7,32.0,45,100.0,97.5,0,PRE-CHARGE,0,3.659,3.635,3.594,3.653,3.627,3.641,3.624,3.648,3.638,3.648,3.627,3.648,3.642,3.648,54.3,0.0,120.0,40.5
2026-05-08 15:44:57.000000,5/8/2026,20260508_150507_897.txt,51.89,65.4,32.0,45,100.0,97.5,0,PRE-CHARGE,0,3.686,3.677,3.654,3.695,3.666,3.684,3.666,3.684,3.681,3.684,3.675,3.684,3.684,3.684,54.3,0.0,120.0,40.5
2026-05-08 14:44:57.000000,5/8/2026,20260508_141954_986.txt,51.89,65.4,32.0,45,100.0,97.5,0,PRE-CHARGE,0,3.686,3.677,3.654,3.695,3.666,3.684,3.666,3.684,3.681,3.684,3.675,3.684,3.684,3.684,54.3,0.0,120.0,40.5
2026-05-08 15:44:59.200000,5/8/2026,20260508_150507_897.txt,52.66,47.78,32.0,45,100.0,97.5,0,PRE-CHARGE,0,3.761,3.761,3.759,3.764,,,,,3.762,3.761,3.762,3.761,3.765,3.764,54.3,0.0,120.0,40.5
2026-05-08 14:44:59.200000,5/8/2026,20260508_141954_986.txt,52.66,47.78,32.0,45,100.0,97.5,0,PRE-CHARGE,0,3.761,3.761,3.759,3.764,,,,,3.762,3.761,3.762,3.761,3.765,3.764,54.3,0.0,120.0,40.5
2026-05-08 15:45:01.300000,5/8/2026,20260508_150507_897.txt,51.29,43.28,32.0,45,100.0,97.5,0,PRE-CHARGE,0,3.68,3.662,3.627,3.677,3.669,3.677,3.669,3.684,3.677,3.684,3.666,3.68,3.675,3.684,54.3,0.0,120.0,40.5
2026-05-08 14:45:01.300000,5/8/2026,20260508_141954_986.txt,51.29,43.28,32.0,45,100.0,97.5,0,PRE-CHARGE,0,3.68,3.662,3.627,3.677,3.669,3.677,3.669,3.684,3.677,3.684,3.666,3.68,3.675,3.684,54.3,0.0,120.0,40.5
2026-05-08 14:45:03.400000,5/8/2026,20260508_141954_986.txt,52.39,25.64,32.0,45,100.0,97.5,0,PRE-CHARGE,0,3.75,3.743,3.732,3.746,3.741,3.74,3.738,3.743,3.741,3.743,3.738,3.743,3.743,3.743,54.3,0.0,120.0,40.5
2026-05-08 15:45:03.400000,5/8/2026,20260508_150507_897.txt,52.39,25.64,32.0,45,100.0,97.5,0,PRE-CHARGE,0,3.75,3.743,3.732,3.746,3.741,3.74,3.738,3.743,3.741,3.743,3.738,3.743,3.743,3.743,54.3,0.0,120.0,40.5
2026-05-08 14:45:05.500000,5/8/2026,20260508_141954_986.txt,52.09,24.22,32.0,45,100.0,97.5,0,PRE-CHARGE,0,3.731,3.72,3.702,3.728,3.717,3.72,3.714,3.725,3.699,3.704,3.693,3.704,3.702,3.704,54.3,0.0,120.0,40.5
2026-05-08 15:45:05.500000,5/8/2026,20260508_150507_897.txt,52.09,24.22,32.0,45,100.0,97.5,0,PRE-CHARGE,0,3.731,3.72,3.702,3.728,3.717,3.72,3.714,3.725,3.699,3.704,3.693,3.704,3.702,3.704,54.3,0.0,120.0,40.5
2026-05-08 15:45:07.600000,5/8/2026,20260508_150507_897.txt,51.78,34.18,32.0,45,100.0,97.5,0,PRE-CHARGE,0,3.753,3.743,3.732,3.746,3.738,3.74,3.735,3.74,3.735,3.737,3.732,3.737,3.735,3.737,54.3,0.0,120.0,40.5
2026-05-08 14:45:07.600000,5/8/2026,20260508_141954_986.txt,51.78,34.18,32.0,45,100.0,97.5,0,PRE-CHARGE,0,3.753,3.743,3.732,3.746,3.738,3.74,3.735,3.74,3.735,3.737,3.732,3.737,3.735,3.737,54.3,0.0,120.0,40.5
2026-05-08 14:45:09.800000,5/8/2026,20260508_141954_986.txt,51.81,43.66,32.0,45,100.0,97.5,0,PRE-CHARGE,0,3.707,3.689,3.666,3.704,3.69,3.698,3.69,3.704,3.702,3.707,3.702,3.717,3.738,3.737,,,,
2026-05-08 15:45:09.800000,5/8/2026,20260508_150507_897.txt,51.81,43.66,32.0,45,100.0,97.5,0,PRE-CHARGE,0,3.707,3.689,3.666,3.704,3.69,3.698,3.69,3.704,3.702,3.707,3.702,3.717,3.738,3.737,,,,
2026-05-08 14:45:11.800000,5/8/2026,20260508_141954_986.txt,52.28,25.22,32.0,45,100.0,97.5,0,PRE-CHARGE,0,3.764,3.761,3.756,3.764,3.759,3.758,3.759,3.761,3.759,3.758,3.759,3.761,3.762,3.761,54.3,0.0,120.0,40.5
2026-05-08 15:45:11.800000,5/8/2026,20260508_150507_897.txt,52.28,25.22,32.0,45,100.0,97.5,0,PRE-CHARGE,0,3.764,3.761,3.756,3.764,3.759,3.758,3.759,3.761,3.759,3.758,3.759,3.761,3.762,3.761,54.3,0.0,120.0,40.5
2026-05-08 15:45:14.000000,5/8/2026,20260508_150507_897.txt,52.16,17.56,32.0,45,100.0,97.5,0,PRE-CHARGE,0,3.734,3.725,3.708,3.734,3.72,3.725,3.72,3.728,3.726,3.728,3.723,3.728,3.729,3.731,54.3,0.0,120.0,40.5
2026-05-08 14:45:14.000000,5/8/2026,20260508_141954_986.txt,52.16,17.56,32.0,45,100.0,97.5,0,PRE-CHARGE,0,3.734,3.725,3.708,3.734,3.72,3.725,3.72,3.728,3.726,3.728,3.723,3.728,3.729,3.731,54.3,0.0,120.0,40.5
2026-05-08 15:45:16.100000,5/8/2026,20260508_150507_897.txt,52.16,30.04,32.0,45,100.0,97.5,0,PRE-CHARGE,0,3.734,3.722,3.708,3.734,3.72,3.725,3.72,3.728,3.726,3.728,3.723,3.731,3.732,3.734,54.3,0.0,120.0,40.5
2026-05-08 14:45:16.100000,5/8/2026,20260508_141954_986.txt,52.16,30.04,32.0,45,100.0,97.5,0,PRE-CHARGE,0,3.734,3.722,3.708,3.734,3.72,3.725,3.72,3.728,3.726,3.728,3.723,3.731,3.732,3.734,54.3,0.0,120.0,40.5
2026-05-08 14:45:18.400000,5/8/2026,20260508_141954_986.txt,52.85,6.26,,45,100.0,97.5,0,PRE-CHARGE,0,3.776,3.776,3.774,3.776,3.774,3.773,3.774,3.773,3.774,3.773,3.774,3.773,,,54.3,0.0,120.0,40.5
2026-05-08 15:45:18.400000,5/8/2026,20260508_150507_897.txt,52.85,6.26,,45,100.0,97.5,0,PRE-CHARGE,0,3.776,3.776,3.774,3.776,3.774,3.773,3.774,3.773,3.774,3.773,3.774,3.773,,,54.3,0.0,120.0,40.5
2026-05-08 15:45:20.300000,5/8/2026,20260508_150507_897.txt,53.64,1.7,32.0,45,100.0,97.5,0,PRE-CHARGE,1,3.822,3.83,3.846,3.824,3.84,3.83,3.84,3.827,3.831,3.83,3.84,3.827,3.837,3.83,54.3,0.0,120.0,40.5
2026-05-08 14:45:20.300000,5/8/2026,20260508_141954_986.txt,53.64,1.7,32.0,45,100.0,97.5,0,PRE-CHARGE,1,3.822,3.83,3.846,3.824,3.84,3.83,3.84,3.827,3.831,3.83,3.84,3.827,3.837,3.83,54.3,0.0,120.0,40.5
2026-05-08 15:45:22.500000,5/8/2026,20260508_150507_897.txt,53.53,-24.32,32.0,45,100.0,97.5,0,PRE-CHARGE,1,3.819,3.827,3.837,3.822,3.828,3.819,3.828,3.819,3.822,3.819,3.828,3.819,3.825,3.822,54.3,0.0,120.0,40.5
2026-05-08 14:45:22.500000,5/8/2026,20260508_141954_986.txt,53.53,-24.32,32.0,45,100.0,97.5,0,PRE-CHARGE,1,3.819,3.827,3.837,3.822,3.828,3.819,3.828,3.819,3.822,3.819,3.828,3.819,3.825,3.822,54.3,0.0,120.0,40.5
2026-05-08 15:45:24.800000,5/8/2026,20260508_150507_897.txt,53.01,-2.38,,45,100.0,97.5,0,PRE-CHARGE,1,,,,,3.786,3.786,3.786,3.786,,,,,3.813,3.809,54.3,0.0,120.0,40.5
2026-05-08 14:45:24.800000,5/8/2026,20260508_141954_986.txt,53.01,-2.38,,45,100.0,97.5,0,PRE-CHARGE,1,,,,,3.786,3.786,3.786,3.786,,,,,3.813,3.809,54.3,0.0,120.0,40.5
2026-05-08 15:45:26.700000,5/8/2026,20260508_150507_897.txt,53.36,-6.4,32.0,45,100.0,97.5,0,PRE-CHARGE,1,3.791,3.791,3.792,3.791,3.789,3.786,3.789,3.786,3.786,3.786,3.786,3.786,3.789,3.788,54.3,0.0,120.0,40.5
2026-05-08 14:45:26.700000,5/8/2026,20260508_141954_986.txt,53.36,-6.4,32.0,45,100.0,97.5,0,PRE-CHARGE,1,3.791,3.791,3.792,3.791,3.789,3.786,3.789,3.786,3.786,3.786,3.786,3.786,3.789,3.788,54.3,0.0,120.0,40.5
2026-05-08 14:45:29.200000,5/8/2026,20260508_141954_986.txt,53.05,0.9,,45,100.0,97.5,0,PRE-CHARGE,1,3.791,3.788,3.789,3.791,3.789,3.788,3.789,3.788,3.789,3.788,3.789,3.788,3.789,3.788,,,,
2026-05-08 15:45:29.200000,5/8/2026,20260508_150507_897.txt,53.05,0.9,,45,100.0,97.5,0,PRE-CHARGE,1,3.791,3.788,3.789,3.791,3.789,3.788,3.789,3.788,3.789,3.788,3.789,3.788,3.789,3.788,,,,
2026-05-08 15:45:30.900000,5/8/2026,20260508_150507_897.txt,53.02,-0.16,32.0,45,100.0,97.5,0,PRE-CHARGE,1,,,,,3.786,3.782,3.782,3.786,3.782,3.782,3.786,3.786,3.786,3.786,54.3,0.0,120.0,40.5
2026-05-08 14:45:30.900000,5/8/2026,20260508_141954_986.txt,53.02,-0.16,32.0,45,100.0,97.5,0,PRE-CHARGE,1,,,,,3.786,3.782,3.782,3.786,3.782,3.782,3.786,3.786,3.786,3.786,54.3,0.0,120.0,40.5
2026-05-08 14:45:33.100000,5/8/2026,20260508_141954_986.txt,53.05,3.08,32.0,45,100.0,97.5,0,PRE-CHARGE,1,,,,,3.789,3.788,3.789,3.788,,,,,,,54.3,0.0,120.0,40.5
2026-05-08 15:45:33.100000,5/8/2026,20260508_150507_897.txt,53.05,3.08,32.0,45,100.0,97.5,0,PRE-CHARGE,1,,,,,3.789,3.788,3.789,3.788,,,,,,,54.3,0.0,120.0,40.5
2026-05-08 15:45:35.200000,5/8/2026,20260508_150507_897.txt,53.06,0.62,32.0,45,100.0,97.5,0,PRE-CHARGE,1,3.791,3.791,3.789,3.791,3.789,3.788,3.789,3.788,3.789,3.788,3.789,3.788,3.792,3.791,54.3,0.0,120.0,40.5
2026-05-08 14:45:35.200000,5/8/2026,20260508_141954_986.txt,53.06,0.62,32.0,45,100.0,97.5,0,PRE-CHARGE,1,3.791,3.791,3.789,3.791,3.789,3.788,3.789,3.788,3.789,3.788,3.789,3.788,3.792,3.791,54.3,0.0,120.0,40.5
2026-05-08 15:45:39.500000,5/8/2026,20260508_150507_897.txt,53.07,0.96,32.0,45,100.0,97.5,0,PRE-CHARGE,1,3.791,3.791,3.792,3.791,3.792,3.788,3.789,3.788,3.789,3.788,3.792,3.788,3.792,3.791,54.3,0.0,120.0,40.5
2026-05-08 14:45:39.500000,5/8/2026,20260508_141954_986.txt,53.07,0.96,32.0,45,100.0,97.5,0,PRE-CHARGE,1,3.791,3.791,3.792,3.791,3.792,3.788,3.789,3.788,3.789,3.788,3.792,3.788,3.792,3.791,54.3,0.0,120.0,40.5
2026-05-08 15:45:43.800000,5/8/2026,20260508_150507_897.txt,51.95,35.66,32.0,45,100.0,97.5,0,PRE-CHARGE,0,3.722,3.71,3.684,3.722,3.704,3.713,3.702,3.717,3.677,3.68,3.663,3.684,3.675,3.684,54.3,0.0,120.0,40.5
2026-05-08 14:45:43.800000,5/8/2026,20260508_141954_986.txt,51.95,35.66,32.0,45,100.0,97.5,0,PRE-CHARGE,0,3.722,3.71,3.684,3.722,3.704,3.713,3.702,3.717,3.677,3.68,3.663,3.684,3.675,3.684,54.3,0.0,120.0,40.5
2026-05-08 14:45:45.800000,5/8/2026,20260508_141954_986.txt,51.44,55.22,32.0,45,100.0,97.5,0,PRE-CHARGE,0,3.674,3.651,3.609,3.671,3.644,3.659,3.638,3.662,3.654,3.662,3.642,3.665,3.654,3.662,54.3,0.0,120.0,40.5
2026-05-08 15:45:45.800000,5/8/2026,20260508_150507_897.txt,51.44,55.22,32.0,45,100.0,97.5,0,PRE-CHARGE,0,3.674,3.651,3.609,3.671,3.644,3.659,3.638,3.662,3.654,3.662,3.642,3.665,3.654,3.662,54.3,0.0,120.0,40.5
2026-05-08 14:45:48.000000,5/8/2026,20260508_141954_986.txt,52.06,39.96,32.0,45,100.0,97.5,0,PRE-CHARGE,0,3.728,3.717,3.699,3.728,3.714,3.72,3.71,3.722,3.72,3.722,3.714,3.722,,,54.3,0.0,120.0,40.5
2026-05-08 15:45:48.000000,5/8/2026,20260508_150507_897.txt,52.06,39.96,32.0,45,100.0,97.5,0,PRE-CHARGE,0,3.728,3.717,3.699,3.728,3.714,3.72,3.71,3.722,3.72,3.722,3.714,3.722,,,54.3,0.0,120.0,40.5
2026-05-08 14:45:50.100000,5/8/2026,20260508_141954_986.txt,52.1,38.04,32.0,45,100.0,97.5,0,PRE-CHARGE,0,3.731,3.717,3.696,3.728,3.717,3.722,3.714,3.722,3.72,3.725,3.717,3.725,3.723,3.725,54.3,0.0,120.0,40.5
2026-05-08 15:45:50.100000,5/8/2026,20260508_150507_897.txt,52.1,38.04,32.0,45,100.0,97.5,0,PRE-CHARGE,0,3.731,3.717,3.696,3.728,3.717,3.722,3.714,3.722,3.72,3.725,3.717,3.725,3.723,3.725,54.3,0.0,120.0,40.5
2026-05-08 14:45:54.300000,5/8/2026,20260508_141954_986.txt,50.93,65.12,32.0,45,100.0,97.5,0,PRE-CHARGE,0,3.632,3.596,3.546,3.623,3.585,3.605,3.578,3.618,3.605,3.615,3.585,3.618,3.603,3.615,54.3,0.0,120.0,40.5
2026-05-08 15:45:54.300000,5/8/2026,20260508_150507_897.txt,50.93,65.12,32.0,45,100.0,97.5,0,PRE-CHARGE,0,3.632,3.596,3.546,3.623,3.585,3.605,3.578,3.618,3.605,3.615,3.585,3.618,3.603,3.615,54.3,0.0,120.0,40.5
2026-05-08 14:45:56.500000,5/8/2026,20260508_141954_986.txt,50.02,108.68,32.0,45,100.0,97.5,0,PRE-CHARGE,0,3.605,3.569,3.506,3.596,3.555,3.582,3.552,3.584,3.576,3.587,3.552,3.59,,,54.3,0.0,120.0,40.5
2026-05-08 15:45:56.500000,5/8/2026,20260508_150507_897.txt,50.02,108.68,32.0,45,100.0,97.5,0,PRE-CHARGE,0,3.605,3.569,3.506,3.596,3.555,3.582,3.552,3.584,3.576,3.587,3.552,3.59,,,54.3,0.0,120.0,40.5
2026-05-08 14:45:58.600000,5/8/2026,20260508_141954_986.txt,49.65,122.02,32.0,45,100.0,97.5,0,PRE-CHARGE,0,3.582,3.542,3.471,3.572,,,,,,,,,3.669,3.671,54.3,0.0,120.0,40.5
2026-05-08 15:45:58.600000,5/8/2026,20260508_150507_897.txt,49.65,122.02,32.0,45,100.0,97.5,0,PRE-CHARGE,0,3.582,3.542,3.471,3.572,,,,,,,,,3.669,3.671,54.3,0.0,120.0,40.5
2026-05-08 14:46:00.700000,5/8/2026,20260508_141954_986.txt,52.82,48.46,32.0,45,100.0,97.5,0,PRE-CHARGE,0,,,,,3.774,3.77,3.774,3.773,3.774,3.773,3.774,3.773,3.774,3.77,54.3,0.0,120.0,40.5
2026-05-08 15:46:00.700000,5/8/2026,20260508_150507_897.txt,52.82,48.46,32.0,45,100.0,97.5,0,PRE-CHARGE,0,,,,,3.774,3.77,3.774,3.773,3.774,3.773,3.774,3.773,3.774,3.77,54.3,0.0,120.0,40.5
2026-05-08 15:46:02.800000,5/8/2026,20260508_150507_897.txt,50.96,63.38,32.0,45,100.0,97.5,0,PRE-CHARGE,0,3.659,3.638,3.594,3.656,3.627,3.644,3.627,3.651,3.638,3.644,3.624,3.648,3.638,3.648,54.3,0.0,120.0,40.5
2026-05-08 14:46:02.800000,5/8/2026,20260508_141954_986.txt,50.96,63.38,32.0,45,100.0,97.5,0,PRE-CHARGE,0,3.659,3.638,3.594,3.656,3.627,3.644,3.627,3.651,3.638,3.644,3.624,3.648,3.638,3.648,54.3,0.0,120.0,40.5
2026-05-08 15:46:04.900000,5/8/2026,20260508_150507_897.txt,50.91,77.5,32.0,45,100.0,97.5,0,PRE-CHARGE,0,3.644,3.615,3.567,3.641,3.603,3.623,3.603,3.632,3.621,3.629,3.605,3.632,3.621,3.629,54.3,0.0,120.0,40.5
2026-05-08 14:46:04.900000,5/8/2026,20260508_141954_986.txt,50.91,77.5,32.0,45,100.0,97.5,0,PRE-CHARGE,0,3.644,3.615,3.567,3.641,3.603,3.623,3.603,3.632,3.621,3.629,3.605,3.632,3.621,3.629,54.3,0.0,120.0,40.5
2026-05-08 14:46:09.200000,5/8/2026,20260508_141954_986.txt,51.82,43.16,32.0,45,100.0,97.5,0,PRE-CHARGE,0,3.713,3.701,3.677,3.71,3.699,3.704,3.696,3.71,3.704,3.707,3.699,3.707,3.708,3.71,54.3,0.0,120.0,40.5
2026-05-08 15:46:09.200000,5/8/2026,20260508_150507_897.txt,51.82,43.16,32.0,45,100.0,97.5,0,PRE-CHARGE,0,3.713,3.701,3.677,3.71,3.699,3.704,3.696,3.71,3.704,3.707,3.699,3.707,3.708,3.71,54.3,0.0,120.0,40.5
2026-05-08 14:46:13.400000,5/8/2026,20260508_141954_986.txt,52.06,7.72,32.0,45,100.0,97.5,0,PRE-CHARGE,0,3.692,3.674,3.648,3.692,3.669,3.68,3.666,3.686,3.677,3.684,3.669,3.686,3.677,3.686,54.3,0.0,120.0,40.5
2026-05-08 15:46:13.400000,5/8/2026,20260508_150507_897.txt,52.06,7.72,32.0,45,100.0,97.5,0,PRE-CHARGE,0,3.692,3.674,3.648,3.692,3.669,3.68,3.666,3.686,3.677,3.684,3.669,3.686,3.677,3.686,54.3,0.0,120.0,40.5
2026-05-08 14:46:15.600000,5/8/2026,20260508_141954_986.txt,52.46,44.7,32.0,45,100.0,97.5,0,PRE-CHARGE,0,3.74,3.734,3.723,3.746,3.735,3.743,3.741,3.75,3.75,3.753,3.756,3.758,3.765,3.764,54.3,0.0,120.0,40.5
2026-05-08 15:46:15.600000,5/8/2026,20260508_150507_897.txt,52.46,44.7,32.0,45,100.0,97.5,0,PRE-CHARGE,0,3.74,3.734,3.723,3.746,3.735,3.743,3.741,3.75,3.75,3.753,3.756,3.758,3.765,3.764,54.3,0.0,120.0,40.5
2026-05-08 14:46:17.600000,5/8/2026,20260508_141954_986.txt,52.26,15.94,32.0,45,100.0,97.5,0,PRE-CHARGE,0,3.737,3.728,3.714,3.737,3.708,3.713,3.704,3.717,3.71,3.717,3.704,3.717,3.714,3.717,54.3,0.0,120.0,40.5
2026-05-08 15:46:17.600000,5/8/2026,20260508_150507_897.txt,52.26,15.94,32.0,45,100.0,97.5,0,PRE-CHARGE,0,3.737,3.728,3.714,3.737,3.708,3.713,3.704,3.717,3.71,3.717,3.704,3.717,3.714,3.717,54.3,0.0,120.0,40.5
2026-05-08 15:46:19.800000,5/8/2026,20260508_150507_897.txt,52.92,17.02,32.0,45,100.0,97.5,0,PRE-CHARGE,0,3.782,3.786,3.786,3.786,3.782,3.779,3.78,3.779,3.776,3.776,3.776,3.776,3.776,3.773,54.3,0.0,120.0,40.5
2026-05-08 14:46:19.800000,5/8/2026,20260508_141954_986.txt,52.92,17.02,32.0,45,100.0,97.5,0,PRE-CHARGE,0,3.782,3.786,3.786,3.786,3.782,3.779,3.78,3.779,3.776,3.776,3.776,3.776,3.776,3.773,54.3,0.0,120.0,40.5
2026-05-08 15:46:21.900000,5/8/2026,20260508_150507_897.txt,52.91,23.24,32.0,45,100.0,97.5,0,PRE-CHARGE,1,3.779,3.782,3.776,3.779,3.78,3.776,3.776,3.779,3.78,3.779,3.78,3.782,3.782,3.786,54.3,0.0,120.0,40.5
2026-05-08 14:46:21.900000,5/8/2026,20260508_141954_986.txt,52.91,23.24,32.0,45,100.0,97.5,0,PRE-CHARGE,1,3.779,3.782,3.776,3.779,3.78,3.776,3.776,3.779,3.78,3.779,3.78,3.782,3.782,3.786,54.3,0.0,120.0,40.5
2026-05-08 15:46:24.000000,5/8/2026,20260508_150507_897.txt,52.99,-14.62,32.0,45,100.0,97.5,0,PRE-CHARGE,0,3.8,3.803,3.807,3.8,3.801,3.794,3.798,3.791,3.792,3.791,3.792,3.788,3.792,3.788,54.3,0.0,120.0,40.5
2026-05-08 14:46:24.000000,5/8/2026,20260508_141954_986.txt,52.99,-14.62,32.0,45,100.0,97.5,0,PRE-CHARGE,0,3.8,3.803,3.807,3.8,3.801,3.794,3.798,3.791,3.792,3.791,3.792,3.788,3.792,3.788,54.3,0.0,120.0,40.5
2026-05-08 15:46:28.200000,5/8/2026,20260508_150507_897.txt,50.6,85.58,32.0,45,100.0,97.5,0,PRE-CHARGE,0,3.618,3.582,3.528,3.611,3.576,3.599,3.572,3.602,3.594,3.605,3.572,3.605,3.594,3.605,54.3,0.0,120.0,40.5
2026-05-08 14:46:28.200000,5/8/2026,20260508_141954_986.txt,50.6,85.58,32.0,45,100.0,97.5,0,PRE-CHARGE,0,3.618,3.582,3.528,3.611,3.576,3.599,3.572,3.602,3.594,3.605,3.572,3.605,3.594,3.605,54.3,0.0,120.0,40.5
2026-05-08 15:46:30.400000,5/8/2026,20260508_150507_897.txt,50.89,89.82,32.0,45,100.0,97.5,0,PRE-CHARGE,0,3.656,3.629,3.588,3.653,3.621,3.638,3.621,3.648,3.636,3.644,3.624,3.648,3.638,3.648,54.3,0.0,120.0,40.5
2026-05-08 14:46:30.400000,5/8/2026,20260508_141954_986.txt,50.89,89.82,32.0,45,100.0,97.5,0,PRE-CHARGE,0,3.656,3.629,3.588,3.653,3.621,3.638,3.621,3.648,3.636,3.644,3.624,3.648,3.638,3.648,54.3,0.0,120.0,40.5
2026-05-08 14:46:32.500000,5/8/2026,20260508_141954_986.txt,51.35,64.54,32.0,45,100.0,97.5,0,PRE-CHARGE,0,3.684,3.662,3.63,3.68,3.654,3.665,3.654,3.671,3.666,3.671,3.657,3.674,3.666,3.674,54.3,0.0,120.0,40.5
2026-05-08 15:46:32.500000,5/8/2026,20260508_150507_897.txt,51.35,64.54,32.0,45,100.0,97.5,0,PRE-CHARGE,0,3.684,3.662,3.63,3.68,3.654,3.665,3.654,3.671,3.666,3.671,3.657,3.674,3.666,3.674,54.3,0.0,120.0,40.5
2026-05-08 15:46:34.600000,5/8/2026,20260508_150507_897.txt,51.27,62.32,32.0,45,100.0,97.5,0,PRE-CHARGE,0,3.677,3.662,3.624,3.674,3.654,3.665,3.648,3.671,3.666,3.668,3.651,3.671,3.666,3.671,54.3,0.0,120.0,40.5
2026-05-08 14:46:34.600000,5/8/2026,20260508_141954_986.txt,51.27,62.32,32.0,45,100.0,97.5,0,PRE-CHARGE,0,3.677,3.662,3.624,3.674,3.654,3.665,3.648,3.671,3.666,3.668,3.651,3.671,3.666,3.671,54.3,0.0,120.0,40.5
2026-05-08 15:46:36.700000,5/8/2026,20260508_150507_897.txt,51.54,61.08,32.0,45,100.0,97.5,0,PRE-CHARGE,0,3.695,3.68,3.651,3.692,3.696,3.704,3.699,3.71,3.708,3.713,3.702,3.713,3.714,3.717,54.3,0.0,120.0,40.5
2026-05-08 14:46:36.700000,5/8/2026,20260508_141954_986.txt,51.54,61.08,32.0,45,100.0,97.5,0,PRE-CHARGE,0,3.695,3.68,3.651,3.692,3.696,3.704,3.699,3.71,3.708,3.713,3.702,3.713,3.714,3.717,54.3,0.0,120.0,40.5
2026-05-08 15:46:38.900000,5/8/2026,20260508_150507_897.txt,52.06,30.58,32.0,45,100.0,97.5,0,PRE-CHARGE,0,3.728,3.72,3.702,3.728,3.717,3.72,3.714,3.722,3.72,3.722,3.714,3.72,3.717,3.72,54.3,0.0,120.0,40.5
2026-05-08 14:46:38.900000,5/8/2026,20260508_141954_986.txt,52.06,30.58,32.0,45,100.0,97.5,0,PRE-CHARGE,0,3.728,3.72,3.702,3.728,3.717,3.72,3.714,3.722,3.72,3.722,3.714,3.72,3.717,3.72,54.3,0.0,120.0,40.5
2026-05-08 15:46:41.000000,5/8/2026,20260508_150507_897.txt,51.48,51.62,32.0,45,100.0,97.5,0,PRE-CHARGE,0,3.692,3.674,3.642,3.689,3.669,3.68,3.666,3.684,3.677,3.686,3.669,3.686,3.681,3.686,54.3,0.0,120.0,40.5
2026-05-08 14:46:41.000000,5/8/2026,20260508_141954_986.txt,51.48,51.62,32.0,45,100.0,97.5,0,PRE-CHARGE,0,3.692,3.674,3.642,3.689,3.669,3.68,3.666,3.684,3.677,3.686,3.669,3.686,3.681,3.686,54.3,0.0,120.0,40.5
2026-05-08 14:46:43.100000,5/8/2026,20260508_141954_986.txt,51.48,54.42,32.0,45,100.0,97.5,0,PRE-CHARGE,0,3.692,3.674,3.644,3.689,3.669,3.68,3.669,3.684,3.677,3.684,3.669,3.686,3.677,3.684,54.3,0.0,120.0,40.5
2026-05-08 15:46:43.100000,5/8/2026,20260508_150507_897.txt,51.48,54.42,32.0,45,100.0,97.5,0,PRE-CHARGE,0,3.692,3.674,3.644,3.689,3.669,3.68,3.669,3.684,3.677,3.684,3.669,3.686,3.677,3.684,54.3,0.0,120.0,40.5
2026-05-08 14:46:45.200000,5/8/2026,20260508_141954_986.txt,50.83,67.04,32.0,45,100.0,97.5,0,PRE-CHARGE,0,3.653,3.626,3.582,3.651,3.618,3.635,3.615,3.641,3.633,3.641,3.615,3.641,3.675,3.68,54.3,0.0,120.0,40.5
2026-05-08 15:46:45.200000,5/8/2026,20260508_150507_897.txt,50.83,67.04,32.0,45,100.0,97.5,0,PRE-CHARGE,0,3.653,3.626,3.582,3.651,3.618,3.635,3.615,3.641,3.633,3.641,3.615,3.641,3.675,3.68,54.3,0.0,120.0,40.5
2026-05-08 15:46:47.300000,5/8/2026,20260508_150507_897.txt,51.4,65.06,32.0,45,100.0,97.5,0,PRE-CHARGE,0,3.707,3.695,3.675,3.707,3.69,3.698,3.693,3.704,3.699,3.704,3.693,3.707,3.702,3.707,54.3,0.0,120.0,40.5
2026-05-08 14:46:47.300000,5/8/2026,20260508_141954_986.txt,51.4,65.06,32.0,45,100.0,97.5,0,PRE-CHARGE,0,3.707,3.695,3.675,3.707,3.69,3.698,3.693,3.704,3.699,3.704,3.693,3.707,3.702,3.707,54.3,0.0,120.0,40.5
2026-05-08 14:46:49.500000,5/8/2026,20260508_141954_986.txt,52.79,14.58,32.0,45,100.0,97.5,0,PRE-CHARGE,0,3.779,3.779,3.776,3.776,3.774,3.77,3.771,3.77,3.768,3.767,3.768,3.764,3.765,3.764,54.3,0.0,120.0,40.5
2026-05-08 15:46:49.500000,5/8/2026,20260508_150507_897.txt,52.79,14.58,32.0,45,100.0,97.5,0,PRE-CHARGE,0,3.779,3.779,3.776,3.776,3.774,3.77,3.771,3.77,3.768,3.767,3.768,3.764,3.765,3.764,54.3,0.0,120.0,40.5
2026-05-08 14:46:51.600000,5/8/2026,20260508_141954_986.txt,51.73,31.4,32.0,45,100.0,97.5,0,PRE-CHARGE,0,,,,,3.677,3.689,3.677,3.692,3.687,3.692,3.681,3.695,,,54.3,0.0,120.0,40.5
2026-05-08 15:46:51.600000,5/8/2026,20260508_150507_897.txt,51.73,31.4,32.0,45,100.0,97.5,0,PRE-CHARGE,0,,,,,3.677,3.689,3.677,3.692,3.687,3.692,3.681,3.695,,,54.3,0.0,120.0,40.5
2026-05-08 14:46:53.700000,5/8/2026,20260508_141954_986.txt,52.92,36.76,32.0,45,100.0,97.5,0,PRE-CHARGE,1,3.776,3.779,3.78,3.779,3.78,3.776,3.78,3.779,3.78,3.779,3.782,3.779,3.782,3.782,54.3,0.0,120.0,40.5
2026-05-08 15:46:53.700000,5/8/2026,20260508_150507_897.txt,52.92,36.76,32.0,45,100.0,97.5,0,PRE-CHARGE,1,3.776,3.779,3.78,3.779,3.78,3.776,3.78,3.779,3.78,3.779,3.782,3.779,3.782,3.782,54.3,0.0,120.0,40.5
2026-05-08 15:46:55.800000,5/8/2026,20260508_150507_897.txt,53.33,-17.22,32.0,45,100.0,97.5,0,PRE-CHARGE,1,3.806,3.812,3.822,3.806,3.771,3.77,3.771,3.77,3.768,3.767,3.768,3.767,3.771,3.767,54.3,0.0,120.0,40.5
2026-05-08 14:46:55.800000,5/8/2026,20260508_141954_986.txt,53.33,-17.22,32.0,45,100.0,97.5,0,PRE-CHARGE,1,3.806,3.812,3.822,3.806,3.771,3.77,3.771,3.77,3.768,3.767,3.768,3.767,3.771,3.767,54.3,0.0,120.0,40.5
2026-05-08 14:46:58.000000,5/8/2026,20260508_141954_986.txt,52.49,23.38,32.0,45,100.0,97.5,0,PRE-CHARGE,0,3.755,3.75,3.741,3.755,3.747,3.75,3.747,3.75,,,,,3.753,3.753,54.3,0.0,120.0,40.5
2026-05-08 15:46:58.000000,5/8/2026,20260508_150507_897.txt,52.49,23.38,32.0,45,100.0,97.5,0,PRE-CHARGE,0,3.755,3.75,3.741,3.755,3.747,3.75,3.747,3.75,,,,,3.753,3.753,54.3,0.0,120.0,40.5
2026-05-08 14:47:00.100000,5/8/2026,20260508_141954_986.txt,52.28,23.96,32.0,45,100.0,97.5,0,PRE-CHARGE,0,3.743,3.734,3.72,3.74,3.729,3.734,3.729,3.737,,,,,3.714,3.717,54.3,0.0,120.0,40.5
2026-05-08 15:47:00.100000,5/8/2026,20260508_150507_897.txt,52.28,23.96,32.0,45,100.0,97.5,0,PRE-CHARGE,0,3.743,3.734,3.72,3.74,3.729,3.734,3.729,3.737,,,,,3.714,3.717,54.3,0.0,120.0,40.5
2026-05-08 15:47:02.100000,5/8/2026,20260508_150507_897.txt,51.96,31.86,32.0,45,100.0,97.5,0,PRE-CHARGE,0,3.722,3.71,3.69,3.722,3.708,3.717,3.708,3.72,3.717,3.722,3.717,3.728,3.726,3.731,54.3,0.0,120.0,40.5
2026-05-08 14:47:02.100000,5/8/2026,20260508_141954_986.txt,51.96,31.86,32.0,45,100.0,97.5,0,PRE-CHARGE,0,3.722,3.71,3.69,3.722,3.708,3.717,3.708,3.72,3.717,3.722,3.717,3.728,3.726,3.731,54.3,0.0,120.0,40.5
2026-05-08 14:47:08.600000,5/8/2026,20260508_141954_986.txt,52.94,1.06,32.0,45,100.0,97.5,0,PRE-CHARGE,0,3.782,3.782,3.782,3.782,3.782,3.779,3.78,3.779,3.78,3.779,3.782,3.779,3.782,3.782,54.3,0.0,120.0,40.5
2026-05-08 15:47:08.600000,5/8/2026,20260508_150507_897.txt,52.94,1.06,32.0,45,100.0,97.5,0,PRE-CHARGE,0,3.782,3.782,3.782,3.782,3.782,3.779,3.78,3.779,3.78,3.779,3.782,3.779,3.782,3.782,54.3,0.0,120.0,40.5
2026-05-08 14:47:10.600000,5/8/2026,20260508_141954_986.txt,52.8,5.5,32.0,45,100.0,97.5,0,PRE-CHARGE,0,,,,,3.756,3.758,3.756,3.758,3.759,3.758,3.756,3.758,3.759,3.758,54.3,0.0,120.0,40.5
2026-05-08 15:47:10.600000,5/8/2026,20260508_150507_897.txt,52.8,5.5,32.0,45,100.0,97.5,0,PRE-CHARGE,0,,,,,3.756,3.758,3.756,3.758,3.759,3.758,3.756,3.758,3.759,3.758,54.3,0.0,120.0,40.5
2026-05-08 14:47:12.800000,5/8/2026,20260508_141954_986.txt,52.58,15.06,32.0,45,100.0,97.5,0,PRE-CHARGE,0,3.761,3.755,3.747,3.761,3.753,3.755,3.753,3.755,3.756,3.755,3.753,3.758,3.756,3.758,54.3,0.0,120.0,40.5
2026-05-08 15:47:12.800000,5/8/2026,20260508_150507_897.txt,52.58,15.06,32.0,45,100.0,97.5,0,PRE-CHARGE,0,3.761,3.755,3.747,3.761,3.753,3.755,3.753,3.755,3.756,3.755,3.753,3.758,3.756,3.758,54.3,0.0,120.0,40.5
2026-05-08 14:47:14.900000,5/8/2026,20260508_141954_986.txt,52.16,25.98,32.0,45,100.0,97.5,0,PRE-CHARGE,0,3.734,3.725,3.708,3.734,,,,,3.741,3.743,3.735,3.743,3.741,3.743,54.3,0.0,120.0,40.5
2026-05-08 15:47:14.900000,5/8/2026,20260508_150507_897.txt,52.16,25.98,32.0,45,100.0,97.5,0,PRE-CHARGE,0,3.734,3.725,3.708,3.734,,,,,3.741,3.743,3.735,3.743,3.741,3.743,54.3,0.0,120.0,40.5
2026-05-08 15:47:17.100000,5/8/2026,20260508_150507_897.txt,52.02,32.96,32.0,45,100.0,97.5,0,PRE-CHARGE,0,3.725,3.717,3.693,3.725,,,,,3.717,3.72,3.71,3.72,3.717,3.722,54.3,0.0,120.0,40.5
2026-05-08 14:47:17.100000,5/8/2026,20260508_141954_986.txt,52.02,32.96,32.0,45,100.0,97.5,0,PRE-CHARGE,0,3.725,3.717,3.693,3.725,,,,,3.717,3.72,3.71,3.72,3.717,3.722,54.3,0.0,120.0,40.5
2026-05-08 15:47:19.100000,5/8/2026,20260508_150507_897.txt,52.63,23.34,32.0,45,100.0,97.5,0,PRE-CHARGE,0,3.764,3.758,3.753,3.764,3.759,3.758,3.756,3.758,3.747,3.746,3.741,3.75,3.747,3.75,54.3,0.0,120.0,40.5
2026-05-08 14:47:19.100000,5/8/2026,20260508_141954_986.txt,52.63,23.34,32.0,45,100.0,97.5,0,PRE-CHARGE,0,3.764,3.758,3.753,3.764,3.759,3.758,3.756,3.758,3.747,3.746,3.741,3.75,3.747,3.75,54.3,0.0,120.0,40.5
2026-05-08 15:47:21.200000,5/8/2026,20260508_150507_897.txt,52.44,18.42,32.0,45,100.0,97.5,0,PRE-CHARGE,0,3.74,3.734,3.717,3.74,3.729,3.734,3.729,3.737,3.735,3.737,3.729,3.737,3.735,3.737,54.3,0.0,120.0,40.5
2026-05-08 14:47:21.200000,5/8/2026,20260508_141954_986.txt,52.44,18.42,32.0,45,100.0,97.5,0,PRE-CHARGE,0,3.74,3.734,3.717,3.74,3.729,3.734,3.729,3.737,3.735,3.737,3.729,3.737,3.735,3.737,54.3,0.0,120.0,40.5
2026-05-08 14:47:23.400000,5/8/2026,20260508_141954_986.txt,51.9,34.48,32.0,45,100.0,97.5,0,PRE-CHARGE,0,3.722,3.707,3.684,3.72,3.702,3.71,3.702,3.713,3.708,3.71,3.699,3.71,3.782,3.782,54.3,0.0,120.0,40.5
2026-05-08 15:47:23.400000,5/8/2026,20260508_150507_897.txt,51.9,34.48,32.0,45,100.0,97.5,0,PRE-CHARGE,0,3.722,3.707,3.684,3.72,3.702,3.71,3.702,3.713,3.708,3.71,3.699,3.71,3.782,3.782,54.3,0.0,120.0,40.5
2026-05-08 14:47:25.500000,5/8/2026,20260508_141954_986.txt,52.94,24.08,32.0,45,100.0,97.5,0,PRE-CHARGE,0,3.776,3.773,3.771,3.776,3.774,3.773,3.771,3.773,3.771,3.773,3.774,3.773,3.774,3.773,54.3,0.0,120.0,40.5
2026-05-08 15:47:25.500000,5/8/2026,20260508_150507_897.txt,52.94,24.08,32.0,45,100.0,97.5,0,PRE-CHARGE,0,3.776,3.773,3.771,3.776,3.774,3.773,3.771,3.773,3.771,3.773,3.774,3.773,3.774,3.773,54.3,0.0,120.0,40.5
2026-05-08 14:47:29.700000,5/8/2026,20260508_141954_986.txt,52.01,29.32,32.0,45,100.0,97.5,0,PRE-CHARGE,0,3.71,3.695,3.669,3.71,3.69,3.698,3.687,3.704,3.699,3.701,3.69,3.707,3.699,3.704,54.3,0.0,120.0,40.5
2026-05-08 15:47:29.700000,5/8/2026,20260508_150507_897.txt,52.01,29.32,32.0,45,100.0,97.5,0,PRE-CHARGE,0,3.71,3.695,3.669,3.71,3.69,3.698,3.687,3.704,3.699,3.701,3.69,3.707,3.699,3.704,54.3,0.0,120.0,40.5
2026-05-08 14:47:31.900000,5/8/2026,20260508_141954_986.txt,52.16,47.34,32.0,45,100.0,97.5,0,PRE-CHARGE,0,3.731,3.722,3.704,3.734,3.72,3.728,3.72,3.731,3.726,3.728,3.723,3.731,3.732,3.731,54.3,0.0,120.0,40.5
2026-05-08 15:47:31.900000,5/8/2026,20260508_150507_897.txt,52.16,47.34,32.0,45,100.0,97.5,0,PRE-CHARGE,0,3.731,3.722,3.704,3.734,3.72,3.728,3.72,3.731,3.726,3.728,3.723,3.731,3.732,3.731,54.3,0.0,120.0,40.5
2026-05-08 15:47:36.100000,5/8/2026,20260508_150507_897.txt,52.38,24.42,32.0,45,100.0,97.5,0,PRE-CHARGE,0,3.746,3.737,3.729,3.746,3.738,3.74,3.735,3.743,3.741,3.743,3.741,3.746,3.747,3.75,54.3,0.0,120.0,40.5
2026-05-08 14:47:36.100000,5/8/2026,20260508_141954_986.txt,52.38,24.42,32.0,45,100.0,97.5,0,PRE-CHARGE,0,3.746,3.737,3.729,3.746,3.738,3.74,3.735,3.743,3.741,3.743,3.741,3.746,3.747,3.75,54.3,0.0,120.0,40.5
2026-05-08 15:47:38.200000,5/8/2026,20260508_150507_897.txt,52.84,5.88,32.0,45,100.0,97.5,0,PRE-CHARGE,0,3.776,3.773,3.771,3.776,3.774,3.773,3.774,3.773,3.762,3.761,3.762,3.761,3.765,3.764,54.3,0.0,120.0,40.5
2026-05-08 14:47:38.200000,5/8/2026,20260508_141954_986.txt,52.84,5.88,32.0,45,100.0,97.5,0,PRE-CHARGE,0,3.776,3.773,3.771,3.776,3.774,3.773,3.774,3.773,3.762,3.761,3.762,3.761,3.765,3.764,54.3,0.0,120.0,40.5
2026-05-08 14:47:40.500000,5/8/2026,20260508_141954_986.txt,52.67,11.42,,45,100.0,97.5,0,PRE-CHARGE,0,3.734,3.722,3.704,3.731,3.72,3.725,3.72,3.728,3.723,3.728,3.72,3.728,3.726,3.728,54.3,0.0,120.0,40.5
2026-05-08 15:47:40.500000,5/8/2026,20260508_150507_897.txt,52.67,11.42,,45,100.0,97.5,0,PRE-CHARGE,0,3.734,3.722,3.704,3.731,3.72,3.725,3.72,3.728,3.723,3.728,3.72,3.728,3.726,3.728,54.3,0.0,120.0,40.5
2026-05-08 14:47:42.500000,5/8/2026,20260508_141954_986.txt,52.68,20.22,32.0,45,100.0,97.5,0,PRE-CHARGE,0,3.767,3.761,3.756,3.767,3.762,3.761,3.762,3.764,3.762,3.761,3.762,3.764,3.735,3.737,54.3,0.0,120.0,40.5
2026-05-08 15:47:42.500000,5/8/2026,20260508_150507_897.txt,52.68,20.22,32.0,45,100.0,97.5,0,PRE-CHARGE,0,3.767,3.761,3.756,3.767,3.762,3.761,3.762,3.764,3.762,3.761,3.762,3.764,3.735,3.737,54.3,0.0,120.0,40.5
2026-05-08 14:47:44.500000,5/8/2026,20260508_141954_986.txt,52.28,22.56,32.0,45,100.0,97.5,0,PRE-CHARGE,0,3.746,3.737,3.723,3.743,,,,,3.738,3.74,3.735,3.743,,,54.3,0.0,120.0,40.5
2026-05-08 15:47:44.500000,5/8/2026,20260508_150507_897.txt,52.28,22.56,32.0,45,100.0,97.5,0,PRE-CHARGE,0,3.746,3.737,3.723,3.743,,,,,3.738,3.74,3.735,3.743,,,54.3,0.0,120.0,40.5
2026-05-08 14:47:46.700000,5/8/2026,20260508_141954_986.txt,52.37,21.56,32.0,45,100.0,97.5,0,PRE-CHARGE,0,3.75,3.74,3.726,3.746,3.738,3.74,3.735,3.743,3.741,3.743,3.738,3.743,3.743,3.743,54.3,0.0,120.0,40.5
2026-05-08 15:47:46.700000,5/8/2026,20260508_150507_897.txt,52.37,21.56,32.0,45,100.0,97.5,0,PRE-CHARGE,0,3.75,3.74,3.726,3.746,3.738,3.74,3.735,3.743,3.741,3.743,3.738,3.743,3.743,3.743,54.3,0.0,120.0,40.5
2026-05-08 15:47:48.800000,5/8/2026,20260508_150507_897.txt,52.69,15.64,32.0,45,100.0,97.5,0,PRE-CHARGE,0,3.786,3.786,3.786,3.786,,,,,3.782,3.782,3.786,3.782,3.786,3.786,54.3,0.0,120.0,40.5
2026-05-08 14:47:48.800000,5/8/2026,20260508_141954_986.txt,52.69,15.64,32.0,45,100.0,97.5,0,PRE-CHARGE,0,3.786,3.786,3.786,3.786,,,,,3.782,3.782,3.786,3.782,3.786,3.786,54.3,0.0,120.0,40.5
2026-05-08 14:47:50.900000,5/8/2026,20260508_141954_986.txt,53.18,-5.08,32.0,45,100.0,97.5,0,PRE-CHARGE,1,3.8,3.803,3.807,3.8,3.801,3.797,3.798,3.794,3.795,3.794,3.798,3.794,3.798,3.794,54.3,0.0,120.0,40.5
2026-05-08 15:47:50.900000,5/8/2026,20260508_150507_897.txt,53.18,-5.08,32.0,45,100.0,97.5,0,PRE-CHARGE,1,3.8,3.803,3.807,3.8,3.801,3.797,3.798,3.794,3.795,3.794,3.798,3.794,3.798,3.794,54.3,0.0,120.0,40.5
2026-05-08 15:47:55.200000,5/8/2026,20260508_150507_897.txt,53.02,1.66,32.0,45,100.0,97.5,0,PRE-CHARGE,0,3.788,3.788,3.789,3.788,3.789,3.786,3.786,3.786,3.786,3.786,3.789,3.786,3.771,3.77,54.3,0.0,120.0,40.5
2026-05-08 14:47:55.200000,5/8/2026,20260508_141954_986.txt,53.02,1.66,32.0,45,100.0,97.5,0,PRE-CHARGE,0,3.788,3.788,3.789,3.788,3.789,3.786,3.786,3.786,3.786,3.786,3.789,3.786,3.771,3.77,54.3,0.0,120.0,40.5
2026-05-08 14:47:59.400000,5/8/2026,20260508_141954_986.txt,53.03,0.54,32.0,45,100.0,97.5,0,PRE-CHARGE,0,3.788,3.788,3.789,3.788,3.789,3.786,3.786,3.786,3.786,3.786,3.789,3.788,3.789,3.788,54.3,0.0,120.0,40.5
2026-05-08 15:47:59.400000,5/8/2026,20260508_150507_897.txt,53.03,0.54,32.0,45,100.0,97.5,0,PRE-CHARGE,0,3.788,3.788,3.789,3.788,3.789,3.786,3.786,3.786,3.786,3.786,3.789,3.788,3.789,3.788,54.3,0.0,120.0,40.5
2026-05-08 14:48:01.500000,5/8/2026,20260508_141954_986.txt,52.79,5.36,32.0,45,100.0,97.5,0,PRE-CHARGE,0,3.773,3.77,3.765,3.773,3.768,3.77,3.768,3.77,3.771,3.77,3.771,3.773,3.786,3.786,54.3,0.0,120.0,40.5
2026-05-08 15:48:01.500000,5/8/2026,20260508_150507_897.txt,52.79,5.36,32.0,45,100.0,97.5,0,PRE-CHARGE,0,3.773,3.77,3.765,3.773,3.768,3.77,3.768,3.77,3.771,3.77,3.771,3.773,3.786,3.786,54.3,0.0,120.0,40.5
2026-05-08 14:48:03.600000,5/8/2026,20260508_141954_986.txt,53.0,5.24,32.0,45,100.0,97.5,0,PRE-CHARGE,0,3.779,3.776,3.776,3.782,3.78,3.779,3.78,3.782,3.78,3.782,3.782,3.782,3.782,3.782,54.3,0.0,120.0,40.5
2026-05-08 15:48:03.600000,5/8/2026,20260508_150507_897.txt,53.0,5.24,32.0,45,100.0,97.5,0,PRE-CHARGE,0,3.779,3.776,3.776,3.782,3.78,3.779,3.78,3.782,3.78,3.782,3.782,3.782,3.782,3.782,54.3,0.0,120.0,40.5
2026-05-08 15:48:05.800000,5/8/2026,20260508_150507_897.txt,52.67,12.4,32.0,45,100.0,97.5,0,PRE-CHARGE,0,3.767,3.764,3.756,3.767,3.762,3.761,3.759,3.764,3.762,3.761,3.759,3.764,3.762,3.764,54.3,0.0,120.0,40.5
2026-05-08 14:48:05.800000,5/8/2026,20260508_141954_986.txt,52.67,12.4,32.0,45,100.0,97.5,0,PRE-CHARGE,0,3.767,3.764,3.756,3.767,3.762,3.761,3.759,3.764,3.762,3.761,3.759,3.764,3.762,3.764,54.3,0.0,120.0,40.5
2026-05-08 14:48:08.200000,5/8/2026,20260508_141954_986.txt,52.49,19.94,,45,100.0,97.5,0,PRE-CHARGE,0,3.788,3.788,3.792,3.791,3.789,3.788,3.789,3.788,3.789,3.788,3.789,3.788,3.789,3.788,54.3,0.0,120.0,40.5
2026-05-08 15:48:08.200000,5/8/2026,20260508_150507_897.txt,52.49,19.94,,45,100.0,97.5,0,PRE-CHARGE,0,3.788,3.788,3.792,3.791,3.789,3.788,3.789,3.788,3.789,3.788,3.789,3.788,3.789,3.788,54.3,0.0,120.0,40.5
2026-05-08 15:48:12.100000,5/8/2026,20260508_150507_897.txt,53.05,0.54,32.0,45,100.0,97.5,0,PRE-CHARGE,0,3.788,3.788,3.789,3.791,3.789,3.788,3.789,3.788,3.789,3.788,3.789,3.788,3.789,3.788,54.3,0.0,120.0,40.5
2026-05-08 14:48:12.100000,5/8/2026,20260508_141954_986.txt,53.05,0.54,32.0,45,100.0,97.5,0,PRE-CHARGE,0,3.788,3.788,3.789,3.791,3.789,3.788,3.789,3.788,3.789,3.788,3.789,3.788,3.789,3.788,54.3,0.0,120.0,40.5
2026-05-08 15:48:14.300000,5/8/2026,20260508_150507_897.txt,52.54,7.74,32.0,45,100.0,97.5,0,PRE-CHARGE,0,3.758,3.753,3.741,3.758,3.75,3.753,3.75,3.755,3.753,3.755,3.75,3.755,3.753,3.755,54.3,0.0,120.0,40.5
2026-05-08 14:48:14.300000,5/8/2026,20260508_141954_986.txt,52.54,7.74,32.0,45,100.0,97.5,0,PRE-CHARGE,0,3.758,3.753,3.741,3.758,3.75,3.753,3.75,3.755,3.753,3.755,3.75,3.755,3.753,3.755,54.3,0.0,120.0,40.5
2026-05-08 14:48:16.300000,5/8/2026,20260508_141954_986.txt,52.12,29.32,32.0,45,100.0,97.5,0,PRE-CHARGE,0,3.734,3.722,3.702,3.731,3.717,3.725,3.717,3.725,3.693,3.695,3.681,3.695,,,54.3,0.0,120.0,40.5
2026-05-08 15:48:16.300000,5/8/2026,20260508_150507_897.txt,52.12,29.32,32.0,45,100.0,97.5,0,PRE-CHARGE,0,3.734,3.722,3.702,3.731,3.717,3.725,3.717,3.725,3.693,3.695,3.681,3.695,,,54.3,0.0,120.0,40.5
2026-05-08 14:48:18.400000,5/8/2026,20260508_141954_986.txt,51.67,45.3,32.0,45,100.0,97.5,0,PRE-CHARGE,0,3.677,3.656,3.618,3.674,3.651,3.665,3.644,3.668,3.663,3.665,3.644,3.668,,,54.3,0.0,120.0,40.5
2026-05-08 15:48:18.400000,5/8/2026,20260508_150507_897.txt,51.67,45.3,32.0,45,100.0,97.5,0,PRE-CHARGE,0,3.677,3.656,3.618,3.674,3.651,3.665,3.644,3.668,3.663,3.665,3.644,3.668,,,54.3,0.0,120.0,40.5
2026-05-08 14:48:20.700000,5/8/2026,20260508_141954_986.txt,52.31,41.24,,45,100.0,97.5,0,PRE-CHARGE,0,3.743,3.734,3.72,3.743,3.732,3.737,3.732,3.74,3.735,3.737,3.732,3.74,3.735,3.737,54.3,0.0,120.0,40.5
2026-05-08 15:48:20.700000,5/8/2026,20260508_150507_897.txt,52.31,41.24,,45,100.0,97.5,0,PRE-CHARGE,0,3.743,3.734,3.72,3.743,3.732,3.737,3.732,3.74,3.735,3.737,3.732,3.74,3.735,3.737,54.3,0.0,120.0,40.5
2026-05-08 15:48:22.700000,5/8/2026,20260508_150507_897.txt,52.3,27.94,32.0,45,100.0,97.5,0,PRE-CHARGE,0,3.737,3.728,3.714,3.737,3.726,3.728,3.723,3.734,3.729,3.731,3.726,3.734,3.732,3.734,54.3,0.0,120.0,40.5
2026-05-08 14:48:22.700000,5/8/2026,20260508_141954_986.txt,52.3,27.94,32.0,45,100.0,97.5,0,PRE-CHARGE,0,3.737,3.728,3.714,3.737,3.726,3.728,3.723,3.734,3.729,3.731,3.726,3.734,3.732,3.734,54.3,0.0,120.0,40.5
2026-05-08 14:48:24.800000,5/8/2026,20260508_141954_986.txt,52.24,27.32,32.0,45,100.0,97.5,0,PRE-CHARGE,0,3.74,3.728,3.714,3.737,,,,,3.732,3.734,3.726,3.737,3.735,3.737,54.3,0.0,120.0,40.5
2026-05-08 15:48:24.800000,5/8/2026,20260508_150507_897.txt,52.24,27.32,32.0,45,100.0,97.5,0,PRE-CHARGE,0,3.74,3.728,3.714,3.737,,,,,3.732,3.734,3.726,3.737,3.735,3.737,54.3,0.0,120.0,40.5
2026-05-08 15:48:26.900000,5/8/2026,20260508_150507_897.txt,52.07,23.48,32.0,45,100.0,97.5,0,PRE-CHARGE,0,3.72,3.707,3.684,3.717,,,,,3.708,3.71,3.702,3.713,,,54.3,0.0,120.0,40.5
2026-05-08 14:48:26.900000,5/8/2026,20260508_141954_986.txt,52.07,23.48,32.0,45,100.0,97.5,0,PRE-CHARGE,0,3.72,3.707,3.684,3.717,,,,,3.708,3.71,3.702,3.713,,,54.3,0.0,120.0,40.5
2026-05-08 15:48:29.100000,5/8/2026,20260508_150507_897.txt,51.91,43.74,32.0,46,100.0,97.5,0,PRE-CHARGE,0,3.72,3.704,3.684,3.72,3.702,3.71,3.699,3.713,3.708,3.713,3.702,3.713,3.708,3.713,54.3,0.0,120.0,40.5
2026-05-08 14:48:29.100000,5/8/2026,20260508_141954_986.txt,51.91,43.74,32.0,46,100.0,97.5,0,PRE-CHARGE,0,3.72,3.704,3.684,3.72,3.702,3.71,3.699,3.713,3.708,3.713,3.702,3.713,3.708,3.713,54.3,0.0,120.0,40.5
2026-05-08 14:48:31.200000,5/8/2026,20260508_141954_986.txt,51.98,43.22,32.0,46,100.0,97.5,0,PRE-CHARGE,0,3.722,3.71,3.69,3.72,3.743,3.746,3.741,3.75,3.743,3.746,3.743,3.75,3.75,3.75,54.3,0.0,120.0,40.5
2026-05-08 15:48:31.200000,5/8/2026,20260508_150507_897.txt,51.98,43.22,32.0,46,100.0,97.5,0,PRE-CHARGE,0,3.722,3.71,3.69,3.72,3.743,3.746,3.741,3.75,3.743,3.746,3.743,3.75,3.75,3.75,54.3,0.0,120.0,40.5
2026-05-08 14:48:33.300000,5/8/2026,20260508_141954_986.txt,52.47,13.66,32.0,46,100.0,97.5,0,PRE-CHARGE,0,3.753,3.746,3.735,3.753,3.747,3.75,3.743,3.75,3.747,3.75,3.747,3.75,3.75,3.75,54.3,0.0,120.0,40.5
2026-05-08 15:48:33.300000,5/8/2026,20260508_150507_897.txt,52.47,13.66,32.0,46,100.0,97.5,0,PRE-CHARGE,0,3.753,3.746,3.735,3.753,3.747,3.75,3.743,3.75,3.747,3.75,3.747,3.75,3.75,3.75,54.3,0.0,120.0,40.5
2026-05-08 14:48:35.600000,5/8/2026,20260508_141954_986.txt,52.46,20.2,,46,100.0,97.5,0,PRE-CHARGE,0,3.753,3.746,3.735,3.753,3.747,3.746,3.743,3.75,3.743,3.746,3.741,3.746,3.747,3.75,54.3,0.0,120.0,40.5
2026-05-08 15:48:35.600000,5/8/2026,20260508_150507_897.txt,52.46,20.2,,46,100.0,97.5,0,PRE-CHARGE,0,3.753,3.746,3.735,3.753,3.747,3.746,3.743,3.75,3.743,3.746,3.741,3.746,3.747,3.75,54.3,0.0,120.0,40.5
2026-05-08 15:48:37.500000,5/8/2026,20260508_150507_897.txt,52.43,14.96,32.0,46,100.0,97.5,0,PRE-CHARGE,0,3.776,3.773,3.771,3.776,3.774,3.773,3.771,3.773,,,,,3.774,3.773,54.3,0.0,120.0,40.5
2026-05-08 14:48:37.500000,5/8/2026,20260508_141954_986.txt,52.43,14.96,32.0,46,100.0,97.5,0,PRE-CHARGE,0,3.776,3.773,3.771,3.776,3.774,3.773,3.771,3.773,,,,,3.774,3.773,54.3,0.0,120.0,40.5
2026-05-08 14:48:39.700000,5/8/2026,20260508_141954_986.txt,51.68,20.48,32.0,46,100.0,97.5,0,PRE-CHARGE,0,,,,,3.684,3.695,3.681,3.698,3.693,3.695,3.684,3.695,3.759,3.758,54.3,0.0,120.0,40.5
2026-05-08 15:48:39.700000,5/8/2026,20260508_150507_897.txt,51.68,20.48,32.0,46,100.0,97.5,0,PRE-CHARGE,0,,,,,3.684,3.695,3.681,3.698,3.693,3.695,3.684,3.695,3.759,3.758,54.3,0.0,120.0,40.5
2026-05-08 14:48:41.800000,5/8/2026,20260508_141954_986.txt,52.6,18.66,32.0,46,100.0,97.5,0,PRE-CHARGE,0,3.753,3.75,3.741,3.758,3.75,3.753,3.75,3.755,3.753,3.755,3.753,3.758,3.756,3.758,54.3,0.0,120.0,40.5
2026-05-08 15:48:41.800000,5/8/2026,20260508_150507_897.txt,52.6,18.66,32.0,46,100.0,97.5,0,PRE-CHARGE,0,3.753,3.75,3.741,3.758,3.75,3.753,3.75,3.755,3.753,3.755,3.753,3.758,3.756,3.758,54.3,0.0,120.0,40.5
2026-05-08 14:48:43.900000,5/8/2026,20260508_141954_986.txt,51.21,24.04,32.0,46,100.0,97.5,0,PRE-CHARGE,0,3.68,3.656,3.618,3.671,3.644,3.662,3.644,3.665,3.657,3.665,3.648,3.668,,,54.3,0.0,120.0,40.5
2026-05-08 15:48:43.900000,5/8/2026,20260508_150507_897.txt,51.21,24.04,32.0,46,100.0,97.5,0,PRE-CHARGE,0,3.68,3.656,3.618,3.671,3.644,3.662,3.644,3.665,3.657,3.665,3.648,3.668,,,54.3,0.0,120.0,40.5
2026-05-08 14:48:46.000000,5/8/2026,20260508_141954_986.txt,50.8,78.96,32.0,46,100.0,97.5,0,PRE-CHARGE,0,3.704,3.689,3.663,3.704,3.687,3.695,3.684,3.698,3.693,3.698,3.684,3.698,3.693,3.698,54.3,0.0,120.0,40.5
2026-05-08 15:48:46.000000,5/8/2026,20260508_150507_897.txt,50.8,78.96,32.0,46,100.0,97.5,0,PRE-CHARGE,0,3.704,3.689,3.663,3.704,3.687,3.695,3.684,3.698,3.693,3.698,3.684,3.698,3.693,3.698,54.3,0.0,120.0,40.5
2026-05-08 14:48:48.200000,5/8/2026,20260508_141954_986.txt,51.64,46.2,32.0,46,100.0,97.5,0,PRE-CHARGE,0,3.701,3.686,3.66,3.701,3.681,3.692,3.677,3.692,3.69,3.692,3.681,3.695,3.69,3.698,54.3,0.0,120.0,40.5
2026-05-08 15:48:48.200000,5/8/2026,20260508_150507_897.txt,51.64,46.2,32.0,46,100.0,97.5,0,PRE-CHARGE,0,3.701,3.686,3.66,3.701,3.681,3.692,3.677,3.692,3.69,3.692,3.681,3.695,3.69,3.698,54.3,0.0,120.0,40.5
2026-05-08 15:48:50.200000,5/8/2026,20260508_150507_897.txt,52.16,34.8,32.0,46,100.0,97.5,0,PRE-CHARGE,0,3.734,3.725,3.708,3.734,3.717,3.722,3.71,3.722,3.717,3.72,3.708,3.72,3.714,3.72,54.3,0.0,120.0,40.5
2026-05-08 14:48:50.200000,5/8/2026,20260508_141954_986.txt,52.16,34.8,32.0,46,100.0,97.5,0,PRE-CHARGE,0,3.734,3.725,3.708,3.734,3.717,3.722,3.71,3.722,3.717,3.72,3.708,3.72,3.714,3.72,54.3,0.0,120.0,40.5
2026-05-08 14:48:52.400000,5/8/2026,20260508_141954_986.txt,51.57,47.82,32.0,46,100.0,97.5,0,PRE-CHARGE,0,3.698,3.68,3.654,3.695,3.675,3.686,3.675,3.689,3.687,3.692,3.671,3.692,3.687,3.689,54.3,0.0,120.0,40.5
2026-05-08 15:48:52.400000,5/8/2026,20260508_150507_897.txt,51.57,47.82,32.0,46,100.0,97.5,0,PRE-CHARGE,0,3.698,3.68,3.654,3.695,3.675,3.686,3.675,3.689,3.687,3.692,3.671,3.692,3.687,3.689,54.3,0.0,120.0,40.5
2026-05-08 15:48:54.700000,5/8/2026,20260508_150507_897.txt,51.98,45.12,,46,100.0,97.5,0,PRE-CHARGE,0,3.728,3.713,3.696,3.722,3.71,3.713,3.702,3.717,3.762,3.761,3.762,3.764,,,54.3,0.0,120.0,40.5
2026-05-08 14:48:54.700000,5/8/2026,20260508_141954_986.txt,51.98,45.12,,46,100.0,97.5,0,PRE-CHARGE,0,3.728,3.713,3.696,3.722,3.71,3.713,3.702,3.717,3.762,3.761,3.762,3.764,,,54.3,0.0,120.0,40.5
2026-05-08 14:48:58.700000,5/8/2026,20260508_141954_986.txt,52.4,4.14,32.0,46,100.0,97.5,0,PRE-CHARGE,0,3.753,3.743,3.735,3.75,3.741,3.743,3.738,3.743,3.743,3.743,3.738,3.743,3.795,3.791,54.3,0.0,120.0,40.5
2026-05-08 15:48:58.700000,5/8/2026,20260508_150507_897.txt,52.4,4.14,32.0,46,100.0,97.5,0,PRE-CHARGE,0,3.753,3.743,3.735,3.75,3.741,3.743,3.738,3.743,3.743,3.743,3.738,3.743,3.795,3.791,54.3,0.0,120.0,40.5
2026-05-08 14:49:00.800000,5/8/2026,20260508_141954_986.txt,53.11,20.62,32.0,46,100.0,97.5,0,PRE-CHARGE,0,3.746,3.74,3.729,3.746,3.738,3.74,3.738,3.743,3.741,3.743,3.738,3.743,,,54.3,0.0,120.0,40.5
2026-05-08 15:49:00.800000,5/8/2026,20260508_150507_897.txt,53.11,20.62,32.0,46,100.0,97.5,0,PRE-CHARGE,0,3.746,3.74,3.729,3.746,3.738,3.74,3.738,3.743,3.741,3.743,3.738,3.743,,,54.3,0.0,120.0,40.5
2026-05-08 15:49:03.000000,5/8/2026,20260508_150507_897.txt,52.82,20.5,32.0,46,100.0,97.5,0,PRE-CHARGE,0,3.773,3.773,3.771,3.773,3.771,3.77,3.771,3.773,3.771,3.773,3.774,3.773,3.774,3.773,54.3,0.0,120.0,40.5
2026-05-08 14:49:03.000000,5/8/2026,20260508_141954_986.txt,52.82,20.5,32.0,46,100.0,97.5,0,PRE-CHARGE,0,3.773,3.773,3.771,3.773,3.771,3.77,3.771,3.773,3.771,3.773,3.774,3.773,3.774,3.773,54.3,0.0,120.0,40.5
2026-05-08 15:49:05.100000,5/8/2026,20260508_150507_897.txt,51.9,28.5,32.0,46,100.0,97.5,0,PRE-CHARGE,0,3.686,3.662,3.627,3.68,,,,,3.669,3.671,3.657,3.677,3.666,3.674,54.3,0.0,120.0,40.5
2026-05-08 14:49:05.100000,5/8/2026,20260508_141954_986.txt,51.9,28.5,32.0,46,100.0,97.5,0,PRE-CHARGE,0,3.686,3.662,3.627,3.68,,,,,3.669,3.671,3.657,3.677,3.666,3.674,54.3,0.0,120.0,40.5
2026-05-08 14:49:07.400000,5/8/2026,20260508_141954_986.txt,51.98,55.06,,46,100.0,97.5,0,PRE-CHARGE,0,3.722,3.71,3.687,3.72,3.708,3.713,3.704,3.717,3.71,3.717,3.71,3.72,3.717,3.722,54.3,0.0,120.0,40.5
2026-05-08 15:49:07.400000,5/8/2026,20260508_150507_897.txt,51.98,55.06,,46,100.0,97.5,0,PRE-CHARGE,0,3.722,3.71,3.687,3.72,3.708,3.713,3.704,3.717,3.71,3.717,3.71,3.72,3.717,3.722,54.3,0.0,120.0,40.5
2026-05-08 15:49:09.300000,5/8/2026,20260508_150507_897.txt,53.29,10.94,32.0,46,100.0,97.5,0,PRE-CHARGE,1,3.8,3.806,3.815,3.803,3.768,3.767,3.765,3.767,3.765,3.764,3.765,3.764,3.765,3.764,54.3,0.0,120.0,40.5
2026-05-08 14:49:09.300000,5/8/2026,20260508_141954_986.txt,53.29,10.94,32.0,46,100.0,97.5,0,PRE-CHARGE,1,3.8,3.806,3.815,3.803,3.768,3.767,3.765,3.767,3.765,3.764,3.765,3.764,3.765,3.764,54.3,0.0,120.0,40.5
2026-05-08 15:49:11.500000,5/8/2026,20260508_150507_897.txt,52.78,13.56,32.0,46,100.0,97.5,0,PRE-CHARGE,0,3.773,3.77,3.768,3.773,3.771,3.767,3.768,3.77,3.768,3.77,3.768,3.77,3.771,3.77,54.3,0.0,120.0,40.5
2026-05-08 14:49:11.500000,5/8/2026,20260508_141954_986.txt,52.78,13.56,32.0,46,100.0,97.5,0,PRE-CHARGE,0,3.773,3.77,3.768,3.773,3.771,3.767,3.768,3.77,3.768,3.77,3.768,3.77,3.771,3.77,54.3,0.0,120.0,40.5
2026-05-08 15:49:13.600000,5/8/2026,20260508_150507_897.txt,52.57,14.32,32.0,46,100.0,97.5,0,PRE-CHARGE,0,3.758,3.755,3.747,3.758,3.753,3.755,3.75,3.755,3.78,3.779,3.782,3.782,3.782,3.782,54.3,0.0,120.0,40.5
2026-05-08 14:49:13.600000,5/8/2026,20260508_141954_986.txt,52.57,14.32,32.0,46,100.0,97.5,0,PRE-CHARGE,0,3.758,3.755,3.747,3.758,3.753,3.755,3.75,3.755,3.78,3.779,3.782,3.782,3.782,3.782,54.3,0.0,120.0,40.5
2026-05-08 15:49:15.700000,5/8/2026,20260508_150507_897.txt,52.95,1.58,32.0,46,100.0,97.5,0,PRE-CHARGE,0,3.779,3.779,3.78,3.782,3.78,3.776,3.78,3.779,3.78,3.779,3.78,3.779,3.78,3.779,54.3,0.0,120.0,40.5
2026-05-08 14:49:15.700000,5/8/2026,20260508_141954_986.txt,52.95,1.58,32.0,46,100.0,97.5,0,PRE-CHARGE,0,3.779,3.779,3.78,3.782,3.78,3.776,3.78,3.779,3.78,3.779,3.78,3.779,3.78,3.779,54.3,0.0,120.0,40.5
2026-05-08 15:49:19.900000,5/8/2026,20260508_150507_897.txt,52.94,1.26,32.0,46,100.0,97.5,0,PRE-CHARGE,0,3.782,3.779,3.78,3.782,3.78,3.779,3.78,3.779,3.78,3.779,3.78,3.779,3.78,3.779,54.3,0.0,120.0,40.5
2026-05-08 14:49:19.900000,5/8/2026,20260508_141954_986.txt,52.94,1.26,32.0,46,100.0,97.5,0,PRE-CHARGE,0,3.782,3.779,3.78,3.782,3.78,3.779,3.78,3.779,3.78,3.779,3.78,3.779,3.78,3.779,54.3,0.0,120.0,40.5
2026-05-08 15:49:22.100000,5/8/2026,20260508_150507_897.txt,52.99,1.96,32.0,46,100.0,97.5,0,PRE-CHARGE,0,3.786,3.786,3.786,3.786,3.786,3.782,3.786,3.782,3.782,3.782,3.786,3.786,3.786,3.786,54.3,0.0,120.0,40.5
2026-05-08 14:49:22.100000,5/8/2026,20260508_141954_986.txt,52.99,1.96,32.0,46,100.0,97.5,0,PRE-CHARGE,0,3.786,3.786,3.786,3.786,3.786,3.782,3.786,3.782,3.782,3.782,3.786,3.786,3.786,3.786,54.3,0.0,120.0,40.5
2026-05-08 15:49:28.400000,5/8/2026,20260508_150507_897.txt,53.01,0.54,32.0,46,100.0,97.5,0,PRE-CHARGE,0,3.786,3.788,3.789,3.788,3.789,3.786,3.786,3.786,3.786,3.786,3.786,3.786,3.789,3.788,54.3,0.0,120.0,40.5
2026-05-08 14:49:28.400000,5/8/2026,20260508_141954_986.txt,53.01,0.54,32.0,46,100.0,97.5,0,PRE-CHARGE,0,3.786,3.788,3.789,3.788,3.789,3.786,3.786,3.786,3.786,3.786,3.786,3.786,3.789,3.788,54.3,0.0,120.0,40.5
2026-05-08 14:49:30.500000,5/8/2026,20260508_141954_986.txt,53.02,0.54,32.0,46,100.0,97.5,0,PRE-CHARGE,0,3.788,3.788,3.789,3.788,3.789,3.786,3.786,3.786,3.786,3.786,3.789,3.786,3.789,3.788,54.3,0.0,120.0,40.5
2026-05-08 15:49:30.500000,5/8/2026,20260508_150507_897.txt,53.02,0.54,32.0,46,100.0,97.5,0,PRE-CHARGE,0,3.788,3.788,3.789,3.788,3.789,3.786,3.786,3.786,3.786,3.786,3.789,3.786,3.789,3.788,54.3,0.0,120.0,40.5
2026-05-08 15:49:32.600000,5/8/2026,20260508_150507_897.txt,53.02,0.54,32.0,46,100.0,97.5,0,PRE-CHARGE,0,3.788,3.788,3.789,3.788,3.789,3.786,3.786,3.786,,,,,,,54.3,0.0,120.0,40.5
2026-05-08 14:49:32.600000,5/8/2026,20260508_141954_986.txt,53.02,0.54,32.0,46,100.0,97.5,0,PRE-CHARGE,0,3.788,3.788,3.789,3.788,3.789,3.786,3.786,3.786,,,,,,,54.3,0.0,120.0,40.5
2026-05-08 14:49:34.700000,5/8/2026,20260508_141954_986.txt,53.03,0.54,32.0,46,100.0,97.5,0,PRE-CHARGE,0,,,,,3.789,3.786,3.789,3.786,,,,,3.789,3.788,,,,
2026-05-08 15:49:34.700000,5/8/2026,20260508_150507_897.txt,53.03,0.54,32.0,46,100.0,97.5,0,PRE-CHARGE,0,,,,,3.789,3.786,3.789,3.786,,,,,3.789,3.788,,,,
2026-05-08 14:49:36.900000,5/8/2026,20260508_141954_986.txt,53.04,0.54,32.0,46,100.0,97.5,0,PRE-CHARGE,0,3.788,3.788,3.789,3.788,3.789,3.786,3.789,3.788,3.789,3.788,3.789,3.788,3.789,3.788,54.3,0.0,120.0,40.5
2026-05-08 15:49:36.900000,5/8/2026,20260508_150507_897.txt,53.04,0.54,32.0,46,100.0,97.5,0,PRE-CHARGE,0,3.788,3.788,3.789,3.788,3.789,3.786,3.789,3.788,3.789,3.788,3.789,3.788,3.789,3.788,54.3,0.0,120.0,40.5
2026-05-08 14:49:39.000000,5/8/2026,20260508_141954_986.txt,53.04,0.54,32.0,46,100.0,97.5,0,PRE-CHARGE,0,,,,,3.789,3.788,3.789,3.788,3.789,3.788,3.789,3.788,,,54.3,0.0,120.0,40.5
2026-05-08 15:49:39.000000,5/8/2026,20260508_150507_897.txt,53.04,0.54,32.0,46,100.0,97.5,0,PRE-CHARGE,0,,,,,3.789,3.788,3.789,3.788,3.789,3.788,3.789,3.788,,,54.3,0.0,120.0,40.5
2026-05-08 14:49:41.100000,5/8/2026,20260508_141954_986.txt,53.04,0.54,32.0,46,100.0,97.5,0,PRE-CHARGE,0,3.788,3.788,3.789,3.791,3.789,3.788,3.789,3.788,3.789,3.788,3.789,3.788,3.789,3.788,54.3,0.0,120.0,40.5
2026-05-08 15:49:41.100000,5/8/2026,20260508_150507_897.txt,53.04,0.54,32.0,46,100.0,97.5,0,PRE-CHARGE,0,3.788,3.788,3.789,3.791,3.789,3.788,3.789,3.788,3.789,3.788,3.789,3.788,3.789,3.788,54.3,0.0,120.0,40.5
2026-05-08 14:49:45.400000,5/8/2026,20260508_141954_986.txt,53.05,0.54,32.0,46,100.0,97.5,0,PRE-CHARGE,0,,,,,3.789,3.788,3.789,3.788,3.789,3.788,3.789,3.788,3.792,3.788,54.3,0.0,120.0,40.5
2026-05-08 15:49:45.400000,5/8/2026,20260508_150507_897.txt,53.05,0.54,32.0,46,100.0,97.5,0,PRE-CHARGE,0,,,,,3.789,3.788,3.789,3.788,3.789,3.788,3.789,3.788,3.792,3.788,54.3,0.0,120.0,40.5
2026-05-08 15:49:51.700000,5/8/2026,20260508_150507_897.txt,53.06,0.54,32.0,46,100.0,97.5,0,PRE-CHARGE,0,3.788,3.791,3.792,3.791,3.792,3.788,3.789,3.788,3.789,3.788,3.792,3.788,3.792,3.791,54.3,0.0,120.0,40.5
2026-05-08 14:49:51.700000,5/8/2026,20260508_141954_986.txt,53.06,0.54,32.0,46,100.0,97.5,0,PRE-CHARGE,0,3.788,3.791,3.792,3.791,3.792,3.788,3.789,3.788,3.789,3.788,3.792,3.788,3.792,3.791,54.3,0.0,120.0,40.5
2026-05-08 14:49:55.900000,5/8/2026,20260508_141954_986.txt,53.07,0.54,32.0,46,100.0,97.5,0,PRE-CHARGE,0,3.791,3.791,3.792,3.791,3.792,3.788,3.792,3.788,3.789,3.788,3.792,3.788,3.792,3.791,54.3,0.0,120.0,40.5
2026-05-08 15:49:55.900000,5/8/2026,20260508_150507_897.txt,53.07,0.54,32.0,46,100.0,97.5,0,PRE-CHARGE,0,3.791,3.791,3.792,3.791,3.792,3.788,3.792,3.788,3.789,3.788,3.792,3.788,3.792,3.791,54.3,0.0,120.0,40.5
2026-05-08 14:49:58.000000,5/8/2026,20260508_141954_986.txt,53.07,0.54,32.0,46,100.0,97.5,0,PRE-CHARGE,0,3.791,3.791,3.792,3.791,3.792,3.788,3.792,3.788,3.789,3.788,3.792,3.791,3.792,3.791,54.3,0.0,120.0,40.5
2026-05-08 15:49:58.000000,5/8/2026,20260508_150507_897.txt,53.07,0.54,32.0,46,100.0,97.5,0,PRE-CHARGE,0,3.791,3.791,3.792,3.791,3.792,3.788,3.792,3.788,3.789,3.788,3.792,3.791,3.792,3.791,54.3,0.0,120.0,40.5
2026-05-08 14:50:00.200000,5/8/2026,20260508_141954_986.txt,52.92,2.74,32.0,46,100.0,97.5,0,PRE-CHARGE,0,3.782,3.782,3.78,3.782,,,,,3.78,3.779,3.78,3.779,3.78,3.779,54.3,0.0,120.0,40.5
2026-05-08 15:50:00.200000,5/8/2026,20260508_150507_897.txt,52.92,2.74,32.0,46,100.0,97.5,0,PRE-CHARGE,0,3.782,3.782,3.78,3.782,,,,,3.78,3.779,3.78,3.779,3.78,3.779,54.3,0.0,120.0,40.5
2026-05-08 15:50:04.400000,5/8/2026,20260508_150507_897.txt,52.53,19.08,32.0,46,100.0,97.5,0,PRE-CHARGE,0,3.758,3.753,3.741,3.758,3.75,3.753,3.747,3.753,3.75,3.753,3.75,3.755,3.753,3.755,54.3,0.0,120.0,40.5
2026-05-08 14:50:04.400000,5/8/2026,20260508_141954_986.txt,52.53,19.08,32.0,46,100.0,97.5,0,PRE-CHARGE,0,3.758,3.753,3.741,3.758,3.75,3.753,3.747,3.753,3.75,3.753,3.75,3.755,3.753,3.755,54.3,0.0,120.0,40.5
2026-05-08 15:50:08.700000,5/8/2026,20260508_150507_897.txt,52.93,25.58,32.0,46,100.0,97.5,0,PRE-CHARGE,0,3.782,3.782,3.78,3.782,,,,,3.78,3.779,3.78,3.779,3.78,3.779,54.3,0.0,120.0,40.5
2026-05-08 14:50:08.700000,5/8/2026,20260508_145007_897.txt,52.93,25.58,32.0,46,100.0,97.5,0,PRE-CHARGE,0,3.782,3.782,3.78,3.782,,,,,3.78,3.779,3.78,3.779,3.78,3.779,54.3,0.0,120.0,40.5
2026-05-08 15:50:10.900000,5/8/2026,20260508_150507_897.txt,52.56,13.6,,46,100.0,97.5,0,PRE-CHARGE,0,3.758,3.755,3.743,3.761,3.753,3.755,3.75,3.755,3.762,3.761,3.759,3.761,3.762,3.761,54.3,0.0,120.0,40.5
2026-05-08 14:50:10.900000,5/8/2026,20260508_145007_897.txt,52.56,13.6,,46,100.0,97.5,0,PRE-CHARGE,0,3.758,3.755,3.743,3.761,3.753,3.755,3.75,3.755,3.762,3.761,3.759,3.761,3.762,3.761,54.3,0.0,120.0,40.5
2026-05-08 14:50:15.000000,5/8/2026,20260508_145007_897.txt,52.55,14.64,32.0,46,100.0,97.5,0,PRE-CHARGE,0,3.758,3.753,3.743,3.758,3.75,3.755,3.75,3.755,3.753,3.755,3.753,3.755,3.768,3.77,54.3,0.0,120.0,40.5
2026-05-08 15:50:15.000000,5/8/2026,20260508_150507_897.txt,52.55,14.64,32.0,46,100.0,97.5,0,PRE-CHARGE,0,3.758,3.753,3.743,3.758,3.75,3.755,3.75,3.755,3.753,3.755,3.753,3.755,3.768,3.77,54.3,0.0,120.0,40.5
2026-05-08 15:50:17.100000,5/8/2026,20260508_150507_897.txt,52.71,20.36,32.0,46,100.0,97.5,0,PRE-CHARGE,0,3.758,3.753,3.741,3.758,3.75,3.753,3.75,3.755,3.753,3.753,3.75,3.755,3.756,3.755,54.3,0.0,120.0,40.5
2026-05-08 14:50:17.100000,5/8/2026,20260508_145007_897.txt,52.71,20.36,32.0,46,100.0,97.5,0,PRE-CHARGE,0,3.758,3.753,3.741,3.758,3.75,3.753,3.75,3.755,3.753,3.753,3.75,3.755,3.756,3.755,54.3,0.0,120.0,40.5
2026-05-08 15:50:19.300000,5/8/2026,20260508_150507_897.txt,52.55,19.14,32.0,46,100.0,97.5,0,PRE-CHARGE,0,3.758,3.753,3.743,3.758,3.75,3.753,3.75,3.755,3.753,3.755,3.753,3.755,3.753,3.755,54.3,0.0,120.0,40.5
2026-05-08 14:50:19.300000,5/8/2026,20260508_145007_897.txt,52.55,19.14,32.0,46,100.0,97.5,0,PRE-CHARGE,0,3.758,3.753,3.743,3.758,3.75,3.753,3.75,3.755,3.753,3.755,3.753,3.755,3.753,3.755,54.3,0.0,120.0,40.5
2026-05-08 15:50:21.500000,5/8/2026,20260508_150507_897.txt,52.47,21.28,,46,100.0,97.5,0,PRE-CHARGE,0,3.761,3.755,3.747,3.758,,,,,3.756,3.755,3.753,3.755,3.756,3.758,,,,
2026-05-08 14:50:21.500000,5/8/2026,20260508_145007_897.txt,52.47,21.28,,46,100.0,97.5,0,PRE-CHARGE,0,3.761,3.755,3.747,3.758,,,,,3.756,3.755,3.753,3.755,3.756,3.758,,,,
2026-05-08 14:50:25.600000,5/8/2026,20260508_145007_897.txt,52.92,12.9,32.0,46,100.0,97.5,0,PRE-CHARGE,1,3.779,3.779,3.776,3.782,3.789,3.786,3.786,3.786,3.786,3.786,3.789,3.786,3.789,3.788,54.3,0.0,120.0,40.5
2026-05-08 15:50:25.600000,5/8/2026,20260508_150507_897.txt,52.92,12.9,32.0,46,100.0,97.5,0,PRE-CHARGE,1,3.779,3.779,3.776,3.782,3.789,3.786,3.786,3.786,3.786,3.786,3.789,3.786,3.789,3.788,54.3,0.0,120.0,40.5
2026-05-08 14:50:32.200000,5/8/2026,20260508_145007_897.txt,52.99,1.4,32.0,47,100.0,97.5,0,PRE-CHARGE,0,3.791,3.791,3.792,3.791,3.789,3.788,3.789,3.788,3.789,3.788,3.789,3.788,3.789,3.788,54.3,0.0,120.0,40.5
2026-05-08 15:50:32.200000,5/8/2026,20260508_150507_897.txt,52.99,1.4,32.0,47,100.0,97.5,0,PRE-CHARGE,0,3.791,3.791,3.792,3.791,3.789,3.788,3.789,3.788,3.789,3.788,3.789,3.788,3.789,3.788,54.3,0.0,120.0,40.5
2026-05-08 14:50:34.100000,5/8/2026,20260508_145007_897.txt,53.05,0.66,32.0,47,100.0,97.5,0,PRE-CHARGE,0,3.788,3.788,3.792,3.791,,,,,3.789,3.788,3.789,3.788,3.792,3.788,54.3,0.0,120.0,40.5
2026-05-08 15:50:34.100000,5/8/2026,20260508_150507_897.txt,53.05,0.66,32.0,47,100.0,97.5,0,PRE-CHARGE,0,3.788,3.788,3.792,3.791,,,,,3.789,3.788,3.789,3.788,3.792,3.788,54.3,0.0,120.0,40.5
2026-05-08 15:50:40.600000,5/8/2026,20260508_150507_897.txt,53.06,0.54,32.0,47,100.0,97.5,0,PRE-CHARGE,0,3.791,3.791,3.792,3.791,3.792,3.788,3.789,3.788,3.789,3.788,3.792,3.788,3.792,3.791,54.3,0.0,120.0,40.5
2026-05-08 14:50:40.600000,5/8/2026,20260508_145007_897.txt,53.06,0.54,32.0,47,100.0,97.5,0,PRE-CHARGE,0,3.791,3.791,3.792,3.791,3.792,3.788,3.789,3.788,3.789,3.788,3.792,3.788,3.792,3.791,54.3,0.0,120.0,40.5
2026-05-08 15:50:42.600000,5/8/2026,20260508_150507_897.txt,53.07,0.54,32.0,47,100.0,97.5,0,PRE-CHARGE,0,3.791,3.791,3.792,3.791,3.792,3.788,3.792,3.788,3.789,3.788,3.792,3.791,3.792,3.791,54.3,0.0,120.0,40.5
2026-05-08 14:50:42.600000,5/8/2026,20260508_145007_897.txt,53.07,0.54,32.0,47,100.0,97.5,0,PRE-CHARGE,0,3.791,3.791,3.792,3.791,3.792,3.788,3.792,3.788,3.789,3.788,3.792,3.791,3.792,3.791,54.3,0.0,120.0,40.5
2026-05-08 15:50:46.800000,5/8/2026,20260508_150507_897.txt,53.08,0.54,32.0,47,100.0,97.5,0,PRE-CHARGE,0,3.791,3.791,3.792,3.791,3.792,3.788,3.792,3.791,,,,,,,54.3,0.0,120.0,40.5
2026-05-08 14:50:46.800000,5/8/2026,20260508_145007_897.txt,53.08,0.54,32.0,47,100.0,97.5,0,PRE-CHARGE,0,3.791,3.791,3.792,3.791,3.792,3.788,3.792,3.791,,,,,,,54.3,0.0,120.0,40.5
2026-05-08 14:50:48.900000,5/8/2026,20260508_145007_897.txt,53.08,0.54,32.0,47,100.0,97.5,0,PRE-CHARGE,0,3.791,3.791,3.792,3.791,3.792,3.788,3.792,3.791,3.792,3.791,3.792,3.791,3.792,3.791,54.3,0.0,120.0,40.5
2026-05-08 15:50:48.900000,5/8/2026,20260508_150507_897.txt,53.08,0.54,32.0,47,100.0,97.5,0,PRE-CHARGE,0,3.791,3.791,3.792,3.791,3.792,3.788,3.792,3.791,3.792,3.791,3.792,3.791,3.792,3.791,54.3,0.0,120.0,40.5
2026-05-08 14:50:53.200000,5/8/2026,20260508_145007_897.txt,53.09,0.54,32.0,47,100.0,97.5,0,PRE-CHARGE,0,3.791,3.791,3.792,3.794,3.792,3.791,3.792,3.791,3.792,3.791,3.792,3.791,3.792,3.791,54.3,0.0,120.0,40.5
2026-05-08 15:50:53.200000,5/8/2026,20260508_150507_897.txt,53.09,0.54,32.0,47,100.0,97.5,0,PRE-CHARGE,0,3.791,3.791,3.792,3.794,3.792,3.791,3.792,3.791,3.792,3.791,3.792,3.791,3.792,3.791,54.3,0.0,120.0,40.5
2026-05-08 14:50:55.400000,5/8/2026,20260508_145007_897.txt,53.09,0.54,,47,100.0,97.5,0,PRE-CHARGE,0,3.791,3.791,3.792,3.794,3.792,3.791,3.792,3.791,3.792,3.791,3.792,3.791,,,54.3,0.0,120.0,40.5
2026-05-08 15:50:55.400000,5/8/2026,20260508_150507_897.txt,53.09,0.54,,47,100.0,97.5,0,PRE-CHARGE,0,3.791,3.791,3.792,3.794,3.792,3.791,3.792,3.791,3.792,3.791,3.792,3.791,,,54.3,0.0,120.0,40.5
2026-05-08 14:50:57.600000,5/8/2026,20260508_145007_897.txt,53.09,0.54,,47,100.0,97.5,0,PRE-CHARGE,0,,,,,3.792,3.791,3.792,3.791,,,,,3.792,3.791,54.3,0.0,120.0,40.5
2026-05-08 15:50:57.600000,5/8/2026,20260508_150507_897.txt,53.09,0.54,,47,100.0,97.5,0,PRE-CHARGE,0,,,,,3.792,3.791,3.792,3.791,,,,,3.792,3.791,54.3,0.0,120.0,40.5
2026-05-08 15:51:03.900000,5/8/2026,20260508_150507_897.txt,53.09,0.54,32.0,46,100.0,97.5,0,PRE-CHARGE,0,3.791,3.791,3.795,3.794,3.792,3.791,3.792,3.791,3.792,3.791,3.792,3.791,3.795,3.791,54.3,0.0,120.0,40.5
2026-05-08 14:51:03.900000,5/8/2026,20260508_145007_897.txt,53.09,0.54,32.0,46,100.0,97.5,0,PRE-CHARGE,0,3.791,3.791,3.795,3.794,3.792,3.791,3.792,3.791,3.792,3.791,3.792,3.791,3.795,3.791,54.3,0.0,120.0,40.5
2026-05-08 14:51:05.900000,5/8/2026,20260508_145007_897.txt,53.09,0.54,32.0,46,100.0,97.5,0,PRE-CHARGE,0,,,,,3.792,3.791,3.792,3.791,3.792,3.791,3.792,3.791,3.795,3.791,54.3,0.0,120.0,40.5
2026-05-08 15:51:05.900000,5/8/2026,20260508_150507_897.txt,53.09,0.54,32.0,46,100.0,97.5,0,PRE-CHARGE,0,,,,,3.792,3.791,3.792,3.791,3.792,3.791,3.792,3.791,3.795,3.791,54.3,0.0,120.0,40.5
2026-05-08 14:51:08.000000,5/8/2026,20260508_145007_897.txt,53.09,0.54,32.0,46,100.0,97.5,0,PRE-CHARGE,0,,,,,,,,,3.792,3.791,3.795,3.791,,,54.3,0.0,120.0,40.5
2026-05-08 15:51:08.000000,5/8/2026,20260508_150507_897.txt,53.09,0.54,32.0,46,100.0,97.5,0,PRE-CHARGE,0,,,,,,,,,3.792,3.791,3.795,3.791,,,54.3,0.0,120.0,40.5
2026-05-08 14:51:12.200000,5/8/2026,20260508_145007_897.txt,53.1,0.54,32.0,46,100.0,97.5,0,PRE-CHARGE,0,3.791,3.794,3.795,3.794,3.795,3.791,3.792,3.791,3.792,3.791,3.795,3.791,3.795,3.794,54.3,0.0,120.0,40.5
2026-05-08 15:51:12.200000,5/8/2026,20260508_150507_897.txt,53.1,0.54,32.0,46,100.0,97.5,0,PRE-CHARGE,0,3.791,3.794,3.795,3.794,3.795,3.791,3.792,3.791,3.792,3.791,3.795,3.791,3.795,3.794,54.3,0.0,120.0,40.5
2026-05-08 15:51:16.600000,5/8/2026,20260508_150507_897.txt,53.11,0.54,32.0,46,100.0,97.5,0,PRE-CHARGE,0,3.794,3.794,3.795,3.794,3.795,3.791,3.792,3.791,3.792,3.791,3.795,3.791,3.795,3.794,54.3,0.0,120.0,40.5
2026-05-08 14:51:16.600000,5/8/2026,20260508_145007_897.txt,53.11,0.54,32.0,46,100.0,97.5,0,PRE-CHARGE,0,3.794,3.794,3.795,3.794,3.795,3.791,3.792,3.791,3.792,3.791,3.795,3.791,3.795,3.794,54.3,0.0,120.0,40.5
2026-05-08 14:51:18.700000,5/8/2026,20260508_145007_897.txt,53.11,0.54,,46,100.0,97.5,0,PRE-CHARGE,0,3.794,3.794,3.795,3.794,3.795,3.791,3.792,3.791,3.792,3.791,3.795,3.791,3.795,3.794,54.3,0.0,120.0,40.5
2026-05-08 15:51:18.700000,5/8/2026,20260508_150507_897.txt,53.11,0.54,,46,100.0,97.5,0,PRE-CHARGE,0,3.794,3.794,3.795,3.794,3.795,3.791,3.792,3.791,3.792,3.791,3.795,3.791,3.795,3.794,54.3,0.0,120.0,40.5
2026-05-08 15:51:20.900000,5/8/2026,20260508_150507_897.txt,53.11,0.54,,46,100.0,97.5,0,PRE-CHARGE,0,3.794,3.794,3.795,3.794,3.795,3.791,3.795,3.791,,,,,3.795,3.794,,,,
2026-05-08 14:51:20.900000,5/8/2026,20260508_145007_897.txt,53.11,0.54,,46,100.0,97.5,0,PRE-CHARGE,0,3.794,3.794,3.795,3.794,3.795,3.791,3.795,3.791,,,,,3.795,3.794,,,,
2026-05-08 14:51:22.800000,5/8/2026,20260508_145007_897.txt,53.11,0.54,32.0,46,100.0,97.5,0,PRE-CHARGE,0,3.794,3.794,3.795,3.794,3.795,3.791,3.795,3.791,3.792,3.791,3.795,3.791,3.795,3.794,54.3,0.0,120.0,40.5
2026-05-08 15:51:22.800000,5/8/2026,20260508_150507_897.txt,53.11,0.54,32.0,46,100.0,97.5,0,PRE-CHARGE,0,3.794,3.794,3.795,3.794,3.795,3.791,3.795,3.791,3.792,3.791,3.795,3.791,3.795,3.794,54.3,0.0,120.0,40.5
2026-05-08 14:51:27.000000,5/8/2026,20260508_145007_897.txt,53.11,0.54,33.0,46,100.0,97.5,0,PRE-CHARGE,0,3.794,3.794,3.795,3.794,3.795,3.791,3.795,3.791,3.792,3.794,3.795,3.794,3.795,3.794,54.3,0.0,120.0,40.5
2026-05-08 15:51:27.000000,5/8/2026,20260508_150507_897.txt,53.11,0.54,33.0,46,100.0,97.5,0,PRE-CHARGE,0,3.794,3.794,3.795,3.794,3.795,3.791,3.795,3.791,3.792,3.794,3.795,3.794,3.795,3.794,54.3,0.0,120.0,40.5
2026-05-08 15:51:29.100000,5/8/2026,20260508_150507_897.txt,53.12,0.54,33.0,46,100.0,97.5,0,PRE-CHARGE,0,3.794,3.794,3.795,3.794,3.795,3.791,3.795,3.791,3.792,3.791,3.795,3.791,3.795,3.794,54.3,0.0,120.0,40.5
2026-05-08 14:51:29.100000,5/8/2026,20260508_145007_897.txt,53.12,0.54,33.0,46,100.0,97.5,0,PRE-CHARGE,0,3.794,3.794,3.795,3.794,3.795,3.791,3.795,3.791,3.792,3.791,3.795,3.791,3.795,3.794,54.3,0.0,120.0,40.5
2026-05-08 15:51:31.300000,5/8/2026,20260508_150507_897.txt,53.12,0.54,33.0,46,100.0,97.5,0,PRE-CHARGE,0,3.794,3.794,3.795,3.794,3.795,3.791,3.795,3.791,3.792,3.794,3.795,3.794,3.795,3.794,54.3,0.0,120.0,40.5
2026-05-08 14:51:31.300000,5/8/2026,20260508_145007_897.txt,53.12,0.54,33.0,46,100.0,97.5,0,PRE-CHARGE,0,3.794,3.794,3.795,3.794,3.795,3.791,3.795,3.791,3.792,3.794,3.795,3.794,3.795,3.794,54.3,0.0,120.0,40.5
2026-05-08 15:51:33.500000,5/8/2026,20260508_150507_897.txt,53.12,0.54,,46,100.0,97.5,0,PRE-CHARGE,0,3.794,3.794,3.795,3.794,3.795,3.791,3.795,3.794,3.792,3.794,3.795,3.794,3.795,3.794,54.3,0.0,120.0,40.5
2026-05-08 14:51:33.500000,5/8/2026,20260508_145007_897.txt,53.12,0.54,,46,100.0,97.5,0,PRE-CHARGE,0,3.794,3.794,3.795,3.794,3.795,3.791,3.795,3.794,3.792,3.794,3.795,3.794,3.795,3.794,54.3,0.0,120.0,40.5
2026-05-08 15:51:37.600000,5/8/2026,20260508_150507_897.txt,53.12,0.54,33.0,46,100.0,97.5,0,PRE-CHARGE,0,3.794,3.794,3.795,3.794,3.795,3.791,3.795,3.794,3.795,3.794,3.795,3.794,3.795,3.794,54.3,0.0,120.0,40.5
2026-05-08 14:51:37.600000,5/8/2026,20260508_145007_897.txt,53.12,0.54,33.0,46,100.0,97.5,0,PRE-CHARGE,0,3.794,3.794,3.795,3.794,3.795,3.791,3.795,3.794,3.795,3.794,3.795,3.794,3.795,3.794,54.3,0.0,120.0,40.5
2026-05-08 15:51:39.800000,5/8/2026,20260508_150507_897.txt,53.12,0.54,33.0,47,100.0,97.5,0,PRE-CHARGE,0,3.794,3.794,3.795,3.794,,,,,,,,,3.795,3.794,54.3,0.0,120.0,40.5
2026-05-08 14:51:39.800000,5/8/2026,20260508_145007_897.txt,53.12,0.54,33.0,47,100.0,97.5,0,PRE-CHARGE,0,3.794,3.794,3.795,3.794,,,,,,,,,3.795,3.794,54.3,0.0,120.0,40.5
2026-05-08 14:51:41.900000,5/8/2026,20260508_145007_897.txt,53.12,0.54,33.0,47,100.0,97.5,0,PRE-CHARGE,0,3.794,3.794,3.795,3.794,3.795,3.794,3.795,3.794,3.795,3.794,3.795,3.794,,,54.3,0.0,120.0,40.5
2026-05-08 15:51:41.900000,5/8/2026,20260508_150507_897.txt,53.12,0.54,33.0,47,100.0,97.5,0,PRE-CHARGE,0,3.794,3.794,3.795,3.794,3.795,3.794,3.795,3.794,3.795,3.794,3.795,3.794,,,54.3,0.0,120.0,40.5
2026-05-08 14:51:48.200000,5/8/2026,20260508_145007_897.txt,53.12,0.54,33.0,47,100.0,97.5,0,PRE-CHARGE,0,3.794,3.794,3.795,3.794,,,,,,,,,3.795,3.794,54.3,0.0,120.0,40.5
2026-05-08 15:51:48.200000,5/8/2026,20260508_150507_897.txt,53.12,0.54,33.0,47,100.0,97.5,0,PRE-CHARGE,0,3.794,3.794,3.795,3.794,,,,,,,,,3.795,3.794,54.3,0.0,120.0,40.5
2026-05-08 14:51:52.600000,5/8/2026,20260508_145007_897.txt,53.13,0.54,33.0,47,100.0,97.5,0,PRE-CHARGE,0,3.794,3.794,3.795,3.797,3.795,3.794,3.795,3.794,3.795,3.794,3.795,3.794,3.795,3.794,54.3,0.0,120.0,40.5
2026-05-08 15:51:52.600000,5/8/2026,20260508_150507_897.txt,53.13,0.54,33.0,47,100.0,97.5,0,PRE-CHARGE,0,3.794,3.794,3.795,3.797,3.795,3.794,3.795,3.794,3.795,3.794,3.795,3.794,3.795,3.794,54.3,0.0,120.0,40.5
2026-05-08 14:51:56.700000,5/8/2026,20260508_145007_897.txt,53.13,0.54,33.0,47,100.0,97.5,0,PRE-CHARGE,0,3.794,3.794,3.795,3.797,3.795,3.794,3.795,3.794,3.795,3.794,3.795,3.794,3.795,3.794,54.3,0.0,120.0,40.5
2026-05-08 15:51:56.700000,5/8/2026,20260508_150507_897.txt,53.13,0.54,33.0,47,100.0,97.5,0,PRE-CHARGE,0,3.794,3.794,3.795,3.797,3.795,3.794,3.795,3.794,3.795,3.794,3.795,3.794,3.795,3.794,54.3,0.0,120.0,40.5
2026-05-08 15:52:01.100000,5/8/2026,20260508_150507_897.txt,53.13,0.54,,47,100.0,97.5,0,PRE-CHARGE,0,3.794,3.794,3.795,3.797,3.795,3.794,3.795,3.794,3.795,3.794,3.795,3.794,3.795,3.794,54.3,0.0,120.0,40.5
2026-05-08 14:52:01.100000,5/8/2026,20260508_145007_897.txt,53.13,0.54,,47,100.0,97.5,0,PRE-CHARGE,0,3.794,3.794,3.795,3.797,3.795,3.794,3.795,3.794,3.795,3.794,3.795,3.794,3.795,3.794,54.3,0.0,120.0,40.5
2026-05-08 14:52:03.100000,5/8/2026,20260508_145007_897.txt,53.13,0.54,33.0,47,100.0,97.5,0,PRE-CHARGE,0,3.794,3.794,3.795,3.797,3.795,3.794,3.795,3.794,3.795,3.794,3.795,3.794,,,54.3,0.0,120.0,40.5
2026-05-08 15:52:03.100000,5/8/2026,20260508_150507_897.txt,53.13,0.54,33.0,47,100.0,97.5,0,PRE-CHARGE,0,3.794,3.794,3.795,3.797,3.795,3.794,3.795,3.794,3.795,3.794,3.795,3.794,,,54.3,0.0,120.0,40.5
2026-05-08 14:52:05.300000,5/8/2026,20260508_145007_897.txt,53.13,0.54,,47,100.0,97.5,0,PRE-CHARGE,0,3.794,3.794,3.795,3.797,,,,,,,,,3.795,3.794,54.3,0.0,120.0,40.5
2026-05-08 15:52:05.300000,5/8/2026,20260508_150507_897.txt,53.13,0.54,,47,100.0,97.5,0,PRE-CHARGE,0,3.794,3.794,3.795,3.797,,,,,,,,,3.795,3.794,54.3,0.0,120.0,40.5
2026-05-08 14:52:07.300000,5/8/2026,20260508_145007_897.txt,53.13,0.52,33.0,47,100.0,97.5,0,PRE-CHARGE,0,3.794,3.794,3.795,3.797,3.795,3.794,3.795,3.794,3.795,3.794,3.795,3.794,3.795,3.794,54.3,0.0,120.0,40.5
2026-05-08 15:52:07.300000,5/8/2026,20260508_150507_897.txt,53.13,0.52,33.0,47,100.0,97.5,0,PRE-CHARGE,0,3.794,3.794,3.795,3.797,3.795,3.794,3.795,3.794,3.795,3.794,3.795,3.794,3.795,3.794,54.3,0.0,120.0,40.5
2026-05-08 14:52:09.400000,5/8/2026,20260508_145007_897.txt,53.13,0.54,33.0,47,100.0,97.5,0,PRE-CHARGE,0,3.794,3.794,3.795,3.797,,,,,,,,,3.795,3.794,,,,
2026-05-08 15:52:09.400000,5/8/2026,20260508_150507_897.txt,53.13,0.54,33.0,47,100.0,97.5,0,PRE-CHARGE,0,3.794,3.794,3.795,3.797,,,,,,,,,3.795,3.794,,,,
2026-05-08 14:52:11.500000,5/8/2026,20260508_145007_897.txt,53.13,0.54,33.0,47,100.0,97.5,0,PRE-CHARGE,0,,,,,3.795,3.794,3.795,3.794,3.795,3.794,3.795,3.794,3.795,3.794,54.3,0.0,120.0,40.5
2026-05-08 15:52:11.500000,5/8/2026,20260508_150507_897.txt,53.13,0.54,33.0,47,100.0,97.5,0,PRE-CHARGE,0,,,,,3.795,3.794,3.795,3.794,3.795,3.794,3.795,3.794,3.795,3.794,54.3,0.0,120.0,40.5
2026-05-08 14:52:17.900000,5/8/2026,20260508_145007_897.txt,53.13,0.54,33.0,47,100.0,97.5,0,PRE-CHARGE,0,3.794,3.794,3.795,3.797,3.795,3.794,3.795,3.794,3.795,3.794,3.795,3.794,3.795,3.794,54.3,0.0,120.0,40.5
2026-05-08 15:52:17.900000,5/8/2026,20260508_150507_897.txt,53.13,0.54,33.0,47,100.0,97.5,0,PRE-CHARGE,0,3.794,3.794,3.795,3.797,3.795,3.794,3.795,3.794,3.795,3.794,3.795,3.794,3.795,3.794,54.3,0.0,120.0,40.5
2026-05-08 14:52:22.300000,5/8/2026,20260508_145007_897.txt,53.13,0.54,33.0,47,100.0,97.5,0,PRE-CHARGE,0,3.794,3.794,3.798,3.797,3.795,3.794,3.795,3.794,3.795,3.794,3.795,3.794,3.795,3.794,54.3,0.0,120.0,40.5
2026-05-08 15:52:22.300000,5/8/2026,20260508_150507_897.txt,53.13,0.54,33.0,47,100.0,97.5,0,PRE-CHARGE,0,3.794,3.794,3.798,3.797,3.795,3.794,3.795,3.794,3.795,3.794,3.795,3.794,3.795,3.794,54.3,0.0,120.0,40.5
2026-05-08 14:52:24.200000,5/8/2026,20260508_145007_897.txt,53.13,0.54,33.0,47,100.0,97.5,0,PRE-CHARGE,0,,,,,3.795,3.794,3.795,3.794,3.795,3.794,3.795,3.794,3.795,3.794,54.3,0.0,120.0,40.5
2026-05-08 15:52:24.200000,5/8/2026,20260508_150507_897.txt,53.13,0.54,33.0,47,100.0,97.5,0,PRE-CHARGE,0,,,,,3.795,3.794,3.795,3.794,3.795,3.794,3.795,3.794,3.795,3.794,54.3,0.0,120.0,40.5
2026-05-08 15:52:26.600000,5/8/2026,20260508_150507_897.txt,53.13,0.54,,47,100.0,97.5,0,PRE-CHARGE,0,3.794,3.794,3.798,3.797,,,,,3.795,3.794,3.795,3.794,3.795,3.794,54.3,0.0,120.0,40.5
2026-05-08 14:52:26.600000,5/8/2026,20260508_145007_897.txt,53.13,0.54,,47,100.0,97.5,0,PRE-CHARGE,0,3.794,3.794,3.798,3.797,,,,,3.795,3.794,3.795,3.794,3.795,3.794,54.3,0.0,120.0,40.5
2026-05-08 15:52:28.500000,5/8/2026,20260508_150507_897.txt,53.13,0.54,33.0,47,100.0,97.5,0,PRE-CHARGE,0,,,,,3.795,3.794,3.795,3.794,3.795,3.794,3.795,3.794,3.795,3.794,54.3,0.0,120.0,40.5
2026-05-08 14:52:28.500000,5/8/2026,20260508_145007_897.txt,53.13,0.54,33.0,47,100.0,97.5,0,PRE-CHARGE,0,,,,,3.795,3.794,3.795,3.794,3.795,3.794,3.795,3.794,3.795,3.794,54.3,0.0,120.0,40.5
2026-05-08 15:52:30.600000,5/8/2026,20260508_150507_897.txt,53.13,0.54,33.0,47,100.0,97.5,0,PRE-CHARGE,0,3.794,3.794,3.798,3.797,3.795,3.794,3.795,3.794,3.795,3.794,3.795,3.794,,,54.3,0.0,120.0,40.5
2026-05-08 14:52:30.600000,5/8/2026,20260508_145007_897.txt,53.13,0.54,33.0,47,100.0,97.5,0,PRE-CHARGE,0,3.794,3.794,3.798,3.797,3.795,3.794,3.795,3.794,3.795,3.794,3.795,3.794,,,54.3,0.0,120.0,40.5
2026-05-08 14:52:32.900000,5/8/2026,20260508_145007_897.txt,53.13,0.54,,47,100.0,97.5,0,PRE-CHARGE,0,3.794,3.794,3.798,3.797,3.795,3.794,3.795,3.794,3.795,3.794,3.795,3.794,3.795,3.794,54.3,0.0,120.0,40.5
2026-05-08 15:52:32.900000,5/8/2026,20260508_150507_897.txt,53.13,0.54,,47,100.0,97.5,0,PRE-CHARGE,0,3.794,3.794,3.798,3.797,3.795,3.794,3.795,3.794,3.795,3.794,3.795,3.794,3.795,3.794,54.3,0.0,120.0,40.5
2026-05-08 14:52:34.800000,5/8/2026,20260508_145007_897.txt,53.13,0.54,33.0,47,100.0,97.5,0,PRE-CHARGE,0,3.794,3.794,3.798,3.797,3.795,3.794,3.795,3.794,,,,,3.795,3.794,,,,
2026-05-08 15:52:34.800000,5/8/2026,20260508_150507_897.txt,53.13,0.54,33.0,47,100.0,97.5,0,PRE-CHARGE,0,3.794,3.794,3.798,3.797,3.795,3.794,3.795,3.794,,,,,3.795,3.794,,,,
2026-05-08 15:52:37.500000,5/8/2026,20260508_150507_897.txt,53.13,0.54,,46,100.0,97.5,0,PRE-CHARGE,0,,,,,3.795,3.794,3.795,3.794,,,,,3.795,3.794,,,,
2026-05-08 14:52:37.500000,5/8/2026,20260508_145007_897.txt,53.13,0.54,,46,100.0,97.5,0,PRE-CHARGE,0,,,,,3.795,3.794,3.795,3.794,,,,,3.795,3.794,,,,
2026-05-08 15:52:39.100000,5/8/2026,20260508_150507_897.txt,53.13,0.54,33.0,46,100.0,97.5,0,PRE-CHARGE,0,3.794,3.794,3.798,3.797,3.795,3.794,3.795,3.794,,,,,3.795,3.794,54.3,0.0,120.0,40.5
2026-05-08 14:52:39.100000,5/8/2026,20260508_145007_897.txt,53.13,0.54,33.0,46,100.0,97.5,0,PRE-CHARGE,0,3.794,3.794,3.798,3.797,3.795,3.794,3.795,3.794,,,,,3.795,3.794,54.3,0.0,120.0,40.5
2026-05-08 14:52:43.300000,5/8/2026,20260508_145007_897.txt,53.13,0.52,33.0,46,100.0,97.5,0,PRE-CHARGE,0,3.794,3.794,3.798,3.797,3.795,3.794,3.795,3.794,3.795,3.794,3.795,3.794,3.795,3.794,54.3,0.0,120.0,40.5
2026-05-08 15:52:43.300000,5/8/2026,20260508_150507_897.txt,53.13,0.52,33.0,46,100.0,97.5,0,PRE-CHARGE,0,3.794,3.794,3.798,3.797,3.795,3.794,3.795,3.794,3.795,3.794,3.795,3.794,3.795,3.794,54.3,0.0,120.0,40.5
2026-05-08 15:52:45.600000,5/8/2026,20260508_150507_897.txt,53.13,0.52,,46,100.0,97.5,0,PRE-CHARGE,0,,,,,3.795,3.794,3.795,3.794,3.795,3.794,3.795,3.794,3.798,3.794,54.3,0.0,120.0,40.5
2026-05-08 14:52:45.600000,5/8/2026,20260508_145007_897.txt,53.13,0.52,,46,100.0,97.5,0,PRE-CHARGE,0,,,,,3.795,3.794,3.795,3.794,3.795,3.794,3.795,3.794,3.798,3.794,54.3,0.0,120.0,40.5
2026-05-08 15:52:49.700000,5/8/2026,20260508_150507_897.txt,53.14,0.52,33.0,46,100.0,97.5,0,PRE-CHARGE,0,3.794,3.794,3.798,3.797,3.795,3.794,3.795,3.794,3.795,3.794,3.795,3.794,3.798,3.794,54.3,0.0,120.0,40.5
2026-05-08 14:52:49.700000,5/8/2026,20260508_145007_897.txt,53.14,0.52,33.0,46,100.0,97.5,0,PRE-CHARGE,0,3.794,3.794,3.798,3.797,3.795,3.794,3.795,3.794,3.795,3.794,3.795,3.794,3.798,3.794,54.3,0.0,120.0,40.5
2026-05-08 15:52:51.800000,5/8/2026,20260508_150507_897.txt,53.14,0.52,33.0,46,100.0,97.5,0,PRE-CHARGE,0,3.794,3.794,3.798,3.797,3.798,3.794,3.795,3.794,3.795,3.794,3.795,3.794,,,54.3,0.0,120.0,40.5
2026-05-08 14:52:51.800000,5/8/2026,20260508_145007_897.txt,53.14,0.52,33.0,46,100.0,97.5,0,PRE-CHARGE,0,3.794,3.794,3.798,3.797,3.798,3.794,3.795,3.794,3.795,3.794,3.795,3.794,,,54.3,0.0,120.0,40.5
2026-05-08 15:52:56.100000,5/8/2026,20260508_150507_897.txt,53.14,0.52,33.0,46,100.0,97.5,0,PRE-CHARGE,0,3.794,3.794,3.798,3.797,3.798,3.794,3.795,3.794,3.795,3.794,3.795,3.794,3.798,3.794,,,,
2026-05-08 14:52:56.100000,5/8/2026,20260508_145007_897.txt,53.14,0.52,33.0,46,100.0,97.5,0,PRE-CHARGE,0,3.794,3.794,3.798,3.797,3.798,3.794,3.795,3.794,3.795,3.794,3.795,3.794,3.798,3.794,,,,
2026-05-08 15:52:58.300000,5/8/2026,20260508_150507_897.txt,53.14,0.52,,46,100.0,97.5,0,PRE-CHARGE,0,3.794,3.797,3.798,3.797,3.795,3.794,3.795,3.794,,,,,3.798,3.794,,,,
2026-05-08 14:52:58.300000,5/8/2026,20260508_145007_897.txt,53.14,0.52,,46,100.0,97.5,0,PRE-CHARGE,0,3.794,3.797,3.798,3.797,3.795,3.794,3.795,3.794,,,,,3.798,3.794,,,,
2026-05-08 14:53:02.500000,5/8/2026,20260508_145007_897.txt,53.14,0.52,33.0,46,100.0,97.5,0,PRE-CHARGE,0,3.794,3.797,3.798,3.797,3.798,3.794,3.795,3.794,3.795,3.794,3.795,3.794,3.798,3.794,54.3,0.0,120.0,40.5
2026-05-08 15:53:02.500000,5/8/2026,20260508_150507_897.txt,53.14,0.52,33.0,46,100.0,97.5,0,PRE-CHARGE,0,3.794,3.797,3.798,3.797,3.798,3.794,3.795,3.794,3.795,3.794,3.795,3.794,3.798,3.794,54.3,0.0,120.0,40.5
2026-05-08 15:53:08.900000,5/8/2026,20260508_150507_897.txt,53.14,0.52,33.0,46,100.0,97.5,0,PRE-CHARGE,0,3.794,3.797,3.798,3.797,3.798,3.794,3.795,3.794,3.795,3.794,3.798,3.794,3.798,3.794,54.3,0.0,120.0,40.5
2026-05-08 14:53:08.900000,5/8/2026,20260508_145007_897.txt,53.14,0.52,33.0,46,100.0,97.5,0,PRE-CHARGE,0,3.794,3.797,3.798,3.797,3.798,3.794,3.795,3.794,3.795,3.794,3.798,3.794,3.798,3.794,54.3,0.0,120.0,40.5
2026-05-08 15:53:15.100000,5/8/2026,20260508_150507_897.txt,53.14,0.52,33.0,46,100.0,97.5,0,PRE-CHARGE,0,3.794,3.797,3.798,3.797,3.798,3.794,3.795,3.794,3.795,3.794,3.798,3.794,3.798,3.794,54.3,0.0,120.0,40.5
2026-05-08 14:53:15.100000,5/8/2026,20260508_145007_897.txt,53.14,0.52,33.0,46,100.0,97.5,0,PRE-CHARGE,0,3.794,3.797,3.798,3.797,3.798,3.794,3.795,3.794,3.795,3.794,3.798,3.794,3.798,3.794,54.3,0.0,120.0,40.5
2026-05-08 15:53:17.200000,5/8/2026,20260508_150507_897.txt,53.14,0.52,33.0,46,100.0,97.5,0,PRE-CHARGE,0,3.794,3.794,3.798,3.797,3.798,3.794,3.795,3.794,3.795,3.794,3.798,3.794,3.798,3.794,,,,
2026-05-08 14:53:17.200000,5/8/2026,20260508_145007_897.txt,53.14,0.52,33.0,46,100.0,97.5,0,PRE-CHARGE,0,3.794,3.794,3.798,3.797,3.798,3.794,3.795,3.794,3.795,3.794,3.798,3.794,3.798,3.794,,,,
2026-05-08 14:53:23.500000,5/8/2026,20260508_145007_897.txt,53.14,0.52,33.0,46,100.0,97.5,0,PRE-CHARGE,0,3.794,3.797,3.798,3.797,3.798,3.794,3.795,3.794,3.795,3.794,3.798,3.794,3.798,3.794,54.3,0.0,120.0,40.5
2026-05-08 15:53:23.500000,5/8/2026,20260508_150507_897.txt,53.14,0.52,33.0,46,100.0,97.5,0,PRE-CHARGE,0,3.794,3.797,3.798,3.797,3.798,3.794,3.795,3.794,3.795,3.794,3.798,3.794,3.798,3.794,54.3,0.0,120.0,40.5
2026-05-08 15:53:25.700000,5/8/2026,20260508_150507_897.txt,53.14,0.52,33.0,46,100.0,97.5,0,PRE-CHARGE,0,3.794,3.797,3.798,3.797,3.798,3.794,3.795,3.794,3.795,3.794,3.798,3.794,3.798,3.794,54.3,0.0,120.0,40.5
2026-05-08 14:53:25.700000,5/8/2026,20260508_145007_897.txt,53.14,0.52,33.0,46,100.0,97.5,0,PRE-CHARGE,0,3.794,3.797,3.798,3.797,3.798,3.794,3.795,3.794,3.795,3.794,3.798,3.794,3.798,3.794,54.3,0.0,120.0,40.5
2026-05-08 15:53:27.800000,5/8/2026,20260508_150507_897.txt,53.14,0.52,33.0,46,100.0,97.5,0,PRE-CHARGE,0,3.794,3.797,3.798,3.797,3.798,3.794,3.795,3.794,3.795,3.794,3.798,3.794,3.798,3.797,54.3,0.0,120.0,40.5
2026-05-08 14:53:27.800000,5/8/2026,20260508_145007_897.txt,53.14,0.52,33.0,46,100.0,97.5,0,PRE-CHARGE,0,3.794,3.797,3.798,3.797,3.798,3.794,3.795,3.794,3.795,3.794,3.798,3.794,3.798,3.797,54.3,0.0,120.0,40.5
2026-05-08 15:53:29.900000,5/8/2026,20260508_150507_897.txt,53.14,0.52,33.0,46,100.0,97.5,0,PRE-CHARGE,0,3.794,3.797,3.798,3.797,3.798,3.794,3.795,3.794,3.795,3.794,3.798,3.794,3.798,3.794,54.3,0.0,120.0,40.5
2026-05-08 14:53:29.900000,5/8/2026,20260508_145007_897.txt,53.14,0.52,33.0,46,100.0,97.5,0,PRE-CHARGE,0,3.794,3.797,3.798,3.797,3.798,3.794,3.795,3.794,3.795,3.794,3.798,3.794,3.798,3.794,54.3,0.0,120.0,40.5
2026-05-08 15:53:32.000000,5/8/2026,20260508_150507_897.txt,53.15,0.52,33.0,46,100.0,97.5,0,PRE-CHARGE,0,3.794,3.797,3.798,3.797,3.798,3.794,3.795,3.794,3.795,3.794,3.798,3.794,3.798,3.797,54.3,0.0,120.0,40.5
2026-05-08 14:53:32.000000,5/8/2026,20260508_145007_897.txt,53.15,0.52,33.0,46,100.0,97.5,0,PRE-CHARGE,0,3.794,3.797,3.798,3.797,3.798,3.794,3.795,3.794,3.795,3.794,3.798,3.794,3.798,3.797,54.3,0.0,120.0,40.5
2026-05-08 15:53:36.300000,5/8/2026,20260508_150507_897.txt,53.15,0.52,33.0,46,100.0,97.5,0,PRE-CHARGE,0,,,,,3.798,3.794,3.795,3.794,3.795,3.794,3.798,3.794,3.798,3.794,54.3,0.0,120.0,40.5
2026-05-08 14:53:36.300000,5/8/2026,20260508_145007_897.txt,53.15,0.52,33.0,46,100.0,97.5,0,PRE-CHARGE,0,,,,,3.798,3.794,3.795,3.794,3.795,3.794,3.798,3.794,3.798,3.794,54.3,0.0,120.0,40.5
2026-05-08 14:53:38.400000,5/8/2026,20260508_145007_897.txt,53.15,0.52,33.0,46,100.0,97.5,0,PRE-CHARGE,0,3.794,3.797,3.798,3.797,3.798,3.794,3.795,3.794,3.795,3.794,3.798,3.794,3.798,3.797,54.3,0.0,120.0,40.5
2026-05-08 15:53:38.400000,5/8/2026,20260508_150507_897.txt,53.15,0.52,33.0,46,100.0,97.5,0,PRE-CHARGE,0,3.794,3.797,3.798,3.797,3.798,3.794,3.795,3.794,3.795,3.794,3.798,3.794,3.798,3.797,54.3,0.0,120.0,40.5
2026-05-08 14:53:40.500000,5/8/2026,20260508_145007_897.txt,53.15,0.52,33.0,46,100.0,97.5,0,PRE-CHARGE,0,3.794,3.797,3.798,3.797,3.798,3.794,3.795,3.794,3.795,3.794,3.798,3.794,3.798,3.797,54.3,0.0,120.0,40.5
2026-05-08 15:53:40.500000,5/8/2026,20260508_150507_897.txt,53.15,0.52,33.0,46,100.0,97.5,0,PRE-CHARGE,0,3.794,3.797,3.798,3.797,3.798,3.794,3.795,3.794,3.795,3.794,3.798,3.794,3.798,3.797,54.3,0.0,120.0,40.5
2026-05-08 14:53:42.800000,5/8/2026,20260508_145007_897.txt,53.15,0.52,,46,100.0,97.5,0,PRE-CHARGE,0,,,,,3.798,3.794,3.795,3.794,3.795,3.794,3.798,3.794,,,54.3,0.0,120.0,40.5
2026-05-08 15:53:42.800000,5/8/2026,20260508_150507_897.txt,53.15,0.52,,46,100.0,97.5,0,PRE-CHARGE,0,,,,,3.798,3.794,3.795,3.794,3.795,3.794,3.798,3.794,,,54.3,0.0,120.0,40.5
2026-05-08 14:53:44.800000,5/8/2026,20260508_145007_897.txt,53.15,0.52,33.0,46,100.0,97.5,0,PRE-CHARGE,0,3.797,3.797,3.798,3.797,3.798,3.794,3.795,3.794,3.795,3.794,3.798,3.794,,,54.3,0.0,120.0,40.5
2026-05-08 15:53:44.800000,5/8/2026,20260508_150507_897.txt,53.15,0.52,33.0,46,100.0,97.5,0,PRE-CHARGE,0,3.797,3.797,3.798,3.797,3.798,3.794,3.795,3.794,3.795,3.794,3.798,3.794,,,54.3,0.0,120.0,40.5
2026-05-08 14:53:51.100000,5/8/2026,20260508_145007_897.txt,53.15,0.52,33.0,46,100.0,97.5,0,PRE-CHARGE,0,3.794,3.797,3.798,3.797,3.798,3.794,3.795,3.794,3.795,3.794,3.798,3.794,3.798,3.797,54.3,0.0,120.0,40.5
2026-05-08 15:53:51.100000,5/8/2026,20260508_150507_897.txt,53.15,0.52,33.0,46,100.0,97.5,0,PRE-CHARGE,0,3.794,3.797,3.798,3.797,3.798,3.794,3.795,3.794,3.795,3.794,3.798,3.794,3.798,3.797,54.3,0.0,120.0,40.5
2026-05-08 15:53:53.300000,5/8/2026,20260508_150507_897.txt,53.15,0.52,33.0,46,100.0,97.5,0,PRE-CHARGE,0,3.797,3.797,3.798,3.797,3.798,3.794,3.798,3.794,3.795,3.794,3.798,3.794,3.798,3.797,,,,
2026-05-08 14:53:53.300000,5/8/2026,20260508_145007_897.txt,53.15,0.52,33.0,46,100.0,97.5,0,PRE-CHARGE,0,3.797,3.797,3.798,3.797,3.798,3.794,3.798,3.794,3.795,3.794,3.798,3.794,3.798,3.797,,,,
2026-05-08 14:53:57.500000,5/8/2026,20260508_145007_897.txt,53.15,0.52,33.0,46,100.0,97.5,0,PRE-CHARGE,0,3.794,3.797,3.798,3.797,3.798,3.794,3.795,3.794,3.795,3.794,3.798,3.794,,,54.3,0.0,120.0,40.5
2026-05-08 15:53:57.500000,5/8/2026,20260508_150507_897.txt,53.15,0.52,33.0,46,100.0,97.5,0,PRE-CHARGE,0,3.794,3.797,3.798,3.797,3.798,3.794,3.795,3.794,3.795,3.794,3.798,3.794,,,54.3,0.0,120.0,40.5
2026-05-08 14:54:01.700000,5/8/2026,20260508_145007_897.txt,53.15,0.52,33.0,46,100.0,97.5,0,PRE-CHARGE,0,3.797,3.797,3.798,3.797,3.798,3.794,3.798,3.794,3.795,3.794,3.798,3.794,3.798,3.797,54.3,0.0,120.0,40.5
2026-05-08 15:54:01.700000,5/8/2026,20260508_150507_897.txt,53.15,0.52,33.0,46,100.0,97.5,0,PRE-CHARGE,0,3.797,3.797,3.798,3.797,3.798,3.794,3.798,3.794,3.795,3.794,3.798,3.794,3.798,3.797,54.3,0.0,120.0,40.5
2026-05-08 15:54:05.900000,5/8/2026,20260508_150507_897.txt,53.15,0.52,33.0,47,100.0,97.5,0,PRE-CHARGE,0,3.794,3.797,3.798,3.797,3.798,3.794,3.795,3.794,3.795,3.794,3.798,3.794,3.798,3.797,54.3,0.0,120.0,40.5
2026-05-08 14:54:05.900000,5/8/2026,20260508_145007_897.txt,53.15,0.52,33.0,47,100.0,97.5,0,PRE-CHARGE,0,3.794,3.797,3.798,3.797,3.798,3.794,3.795,3.794,3.795,3.794,3.798,3.794,3.798,3.797,54.3,0.0,120.0,40.5
2026-05-08 15:54:08.100000,5/8/2026,20260508_150507_897.txt,53.15,0.52,33.0,47,100.0,97.5,0,PRE-CHARGE,0,3.794,3.797,3.798,3.797,3.798,3.794,3.798,3.794,3.795,3.794,3.798,3.794,3.798,3.797,54.3,0.0,120.0,40.5
2026-05-08 14:54:08.100000,5/8/2026,20260508_145007_897.txt,53.15,0.52,33.0,47,100.0,97.5,0,PRE-CHARGE,0,3.794,3.797,3.798,3.797,3.798,3.794,3.798,3.794,3.795,3.794,3.798,3.794,3.798,3.797,54.3,0.0,120.0,40.5
2026-05-08 15:54:10.200000,5/8/2026,20260508_150507_897.txt,53.15,0.54,33.0,47,100.0,97.5,0,PRE-CHARGE,0,,,,,3.798,3.794,3.798,3.794,3.795,3.794,3.798,3.794,3.798,3.797,54.3,0.0,120.0,40.5
2026-05-08 14:54:10.200000,5/8/2026,20260508_145007_897.txt,53.15,0.54,33.0,47,100.0,97.5,0,PRE-CHARGE,0,,,,,3.798,3.794,3.798,3.794,3.795,3.794,3.798,3.794,3.798,3.797,54.3,0.0,120.0,40.5
2026-05-08 15:54:14.400000,5/8/2026,20260508_150507_897.txt,53.15,0.52,33.0,47,100.0,97.5,0,PRE-CHARGE,0,3.797,3.797,3.798,3.797,3.798,3.794,3.798,3.794,3.795,3.794,3.798,3.794,3.798,3.797,,,,
2026-05-08 14:54:14.400000,5/8/2026,20260508_145007_897.txt,53.15,0.52,33.0,47,100.0,97.5,0,PRE-CHARGE,0,3.797,3.797,3.798,3.797,3.798,3.794,3.798,3.794,3.795,3.794,3.798,3.794,3.798,3.797,,,,
2026-05-08 15:54:16.600000,5/8/2026,20260508_150507_897.txt,53.15,0.52,33.0,47,100.0,97.5,0,PRE-CHARGE,0,,,,,3.798,3.794,3.798,3.794,3.795,3.794,3.798,3.794,3.798,3.797,54.3,0.0,120.0,40.5
2026-05-08 14:54:16.600000,5/8/2026,20260508_145007_897.txt,53.15,0.52,33.0,47,100.0,97.5,0,PRE-CHARGE,0,,,,,3.798,3.794,3.798,3.794,3.795,3.794,3.798,3.794,3.798,3.797,54.3,0.0,120.0,40.5
2026-05-08 15:54:18.600000,5/8/2026,20260508_150507_897.txt,53.15,0.52,33.0,47,100.0,97.5,0,PRE-CHARGE,0,3.797,3.797,3.798,3.797,,,,,,,,,3.798,3.797,54.3,0.0,120.0,40.5
2026-05-08 14:54:18.600000,5/8/2026,20260508_145007_897.txt,53.15,0.52,33.0,47,100.0,97.5,0,PRE-CHARGE,0,3.797,3.797,3.798,3.797,,,,,,,,,3.798,3.797,54.3,0.0,120.0,40.5
2026-05-08 14:54:21.000000,5/8/2026,20260508_145007_897.txt,53.15,0.52,,47,100.0,97.5,0,PRE-CHARGE,0,3.794,3.797,3.798,3.797,3.798,3.794,3.798,3.794,3.795,3.794,3.798,3.794,3.798,3.797,,,,
2026-05-08 15:54:21.000000,5/8/2026,20260508_150507_897.txt,53.15,0.52,,47,100.0,97.5,0,PRE-CHARGE,0,3.794,3.797,3.798,3.797,3.798,3.794,3.798,3.794,3.795,3.794,3.798,3.794,3.798,3.797,,,,
2026-05-08 14:54:25.000000,5/8/2026,20260508_145007_897.txt,53.15,0.52,33.0,47,100.0,97.5,0,PRE-CHARGE,0,3.797,3.797,3.798,3.797,3.798,3.794,3.798,3.794,3.795,3.794,3.798,3.794,3.798,3.797,54.3,0.0,120.0,40.5
2026-05-08 15:54:25.000000,5/8/2026,20260508_150507_897.txt,53.15,0.52,33.0,47,100.0,97.5,0,PRE-CHARGE,0,3.797,3.797,3.798,3.797,3.798,3.794,3.798,3.794,3.795,3.794,3.798,3.794,3.798,3.797,54.3,0.0,120.0,40.5
2026-05-08 14:54:27.100000,5/8/2026,20260508_145007_897.txt,53.15,0.52,33.0,47,100.0,97.5,0,PRE-CHARGE,0,3.797,3.797,3.798,3.797,3.798,3.794,3.798,3.794,3.795,3.794,3.798,3.794,3.798,3.797,54.3,0.0,120.0,40.5
2026-05-08 15:54:27.100000,5/8/2026,20260508_150507_897.txt,53.15,0.52,33.0,47,100.0,97.5,0,PRE-CHARGE,0,3.797,3.797,3.798,3.797,3.798,3.794,3.798,3.794,3.795,3.794,3.798,3.794,3.798,3.797,54.3,0.0,120.0,40.5
2026-05-08 14:54:31.400000,5/8/2026,20260508_145007_897.txt,53.15,0.52,33.0,47,100.0,97.5,0,PRE-CHARGE,0,3.797,3.797,3.798,3.797,3.798,3.794,3.798,3.794,3.795,3.794,3.798,3.794,3.798,3.797,54.3,0.0,120.0,40.5
2026-05-08 15:54:31.400000,5/8/2026,20260508_150507_897.txt,53.15,0.52,33.0,47,100.0,97.5,0,PRE-CHARGE,0,3.797,3.797,3.798,3.797,3.798,3.794,3.798,3.794,3.795,3.794,3.798,3.794,3.798,3.797,54.3,0.0,120.0,40.5
2026-05-08 14:54:33.500000,5/8/2026,20260508_145007_897.txt,53.15,0.54,33.0,47,100.0,97.5,0,PRE-CHARGE,0,3.797,3.797,3.798,3.797,3.798,3.794,3.798,3.794,3.795,3.794,3.798,3.794,3.798,3.797,54.3,0.0,120.0,40.5
2026-05-08 15:54:33.500000,5/8/2026,20260508_150507_897.txt,53.15,0.54,33.0,47,100.0,97.5,0,PRE-CHARGE,0,3.797,3.797,3.798,3.797,3.798,3.794,3.798,3.794,3.795,3.794,3.798,3.794,3.798,3.797,54.3,0.0,120.0,40.5
2026-05-08 15:54:42.000000,5/8/2026,20260508_150507_897.txt,53.15,0.52,33.0,47,100.0,97.5,0,PRE-CHARGE,0,3.797,3.797,3.798,3.797,3.798,3.794,3.798,3.794,3.795,3.794,3.798,3.794,3.798,3.797,54.3,0.0,120.0,40.5
2026-05-08 14:54:42.000000,5/8/2026,20260508_145007_897.txt,53.15,0.52,33.0,47,100.0,97.5,0,PRE-CHARGE,0,3.797,3.797,3.798,3.797,3.798,3.794,3.798,3.794,3.795,3.794,3.798,3.794,3.798,3.797,54.3,0.0,120.0,40.5
2026-05-08 15:54:46.200000,5/8/2026,20260508_150507_897.txt,53.15,0.54,33.0,47,100.0,97.5,0,PRE-CHARGE,0,3.797,3.797,3.798,3.797,3.798,3.794,3.798,3.794,3.795,3.794,3.798,3.794,3.798,3.797,54.3,0.0,120.0,40.5
2026-05-08 14:54:46.200000,5/8/2026,20260508_145007_897.txt,53.15,0.54,33.0,47,100.0,97.5,0,PRE-CHARGE,0,3.797,3.797,3.798,3.797,3.798,3.794,3.798,3.794,3.795,3.794,3.798,3.794,3.798,3.797,54.3,0.0,120.0,40.5
2026-05-08 14:54:50.500000,5/8/2026,20260508_145007_897.txt,53.15,0.52,33.0,47,100.0,97.5,0,PRE-CHARGE,0,3.797,3.797,3.798,3.797,3.798,3.794,3.798,3.794,3.795,3.794,3.798,3.794,3.798,3.797,54.3,0.0,120.0,40.5
2026-05-08 15:54:50.500000,5/8/2026,20260508_150507_897.txt,53.15,0.52,33.0,47,100.0,97.5,0,PRE-CHARGE,0,3.797,3.797,3.798,3.797,3.798,3.794,3.798,3.794,3.795,3.794,3.798,3.794,3.798,3.797,54.3,0.0,120.0,40.5
2026-05-08 15:54:54.700000,5/8/2026,20260508_150507_897.txt,53.15,0.52,33.0,47,100.0,97.5,0,PRE-CHARGE,0,3.797,3.797,3.798,3.797,3.798,3.794,3.798,3.794,3.795,3.794,3.798,3.794,3.798,3.797,54.3,0.0,120.0,40.5
2026-05-08 14:54:54.700000,5/8/2026,20260508_145007_897.txt,53.15,0.52,33.0,47,100.0,97.5,0,PRE-CHARGE,0,3.797,3.797,3.798,3.797,3.798,3.794,3.798,3.794,3.795,3.794,3.798,3.794,3.798,3.797,54.3,0.0,120.0,40.5
2026-05-08 15:54:58.900000,5/8/2026,20260508_150507_897.txt,53.15,0.52,33.0,46,100.0,97.5,0,PRE-CHARGE,0,3.797,3.797,3.798,3.797,3.798,3.794,3.798,3.794,3.795,3.794,3.798,3.794,3.798,3.797,54.3,0.0,120.0,40.5
2026-05-08 14:54:58.900000,5/8/2026,20260508_145007_897.txt,53.15,0.52,33.0,46,100.0,97.5,0,PRE-CHARGE,0,3.797,3.797,3.798,3.797,3.798,3.794,3.798,3.794,3.795,3.794,3.798,3.794,3.798,3.797,54.3,0.0,120.0,40.5
2026-05-08 15:55:05.300000,5/8/2026,20260508_150507_897.txt,53.15,0.52,33.0,46,100.0,97.5,0,PRE-CHARGE,0,3.797,3.797,3.798,3.797,3.798,3.794,3.798,3.794,3.795,3.794,3.798,3.794,3.798,3.797,54.3,0.0,120.0,40.5
2026-05-08 14:55:05.300000,5/8/2026,20260508_145007_897.txt,53.15,0.52,33.0,46,100.0,97.5,0,PRE-CHARGE,0,3.797,3.797,3.798,3.797,3.798,3.794,3.798,3.794,3.795,3.794,3.798,3.794,3.798,3.797,54.3,0.0,120.0,40.5
2026-05-08 15:55:07.400000,5/8/2026,20260508_150507_897.txt,53.15,0.52,33.0,46,100.0,97.5,0,PRE-CHARGE,0,,,,,3.798,3.794,3.798,3.794,3.795,3.794,3.798,3.794,3.798,3.797,,,,
2026-05-08 14:55:07.400000,5/8/2026,20260508_145007_897.txt,53.15,0.52,33.0,46,100.0,97.5,0,PRE-CHARGE,0,,,,,3.798,3.794,3.798,3.794,3.795,3.794,3.798,3.794,3.798,3.797,,,,
2026-05-08 15:55:09.500000,5/8/2026,20260508_150507_897.txt,53.15,0.52,33.0,46,100.0,97.5,0,PRE-CHARGE,0,3.797,3.797,3.798,3.797,3.798,3.794,3.798,3.794,3.795,3.794,3.798,3.794,3.798,3.797,54.3,0.0,120.0,40.5
2026-05-08 14:55:09.500000,5/8/2026,20260508_145007_897.txt,53.15,0.52,33.0,46,100.0,97.5,0,PRE-CHARGE,0,3.797,3.797,3.798,3.797,3.798,3.794,3.798,3.794,3.795,3.794,3.798,3.794,3.798,3.797,54.3,0.0,120.0,40.5
2026-05-08 15:55:13.800000,5/8/2026,20260508_150507_897.txt,53.15,0.52,33.0,46,100.0,97.5,0,PRE-CHARGE,0,3.797,3.797,3.798,3.797,3.798,3.794,3.798,3.794,3.795,3.794,3.798,3.794,3.798,3.797,54.3,0.0,120.0,40.5
2026-05-08 14:55:13.800000,5/8/2026,20260508_145007_897.txt,53.15,0.52,33.0,46,100.0,97.5,0,PRE-CHARGE,0,3.797,3.797,3.798,3.797,3.798,3.794,3.798,3.794,3.795,3.794,3.798,3.794,3.798,3.797,54.3,0.0,120.0,40.5
2026-05-08 14:55:15.800000,5/8/2026,20260508_145007_897.txt,53.15,0.52,33.0,46,100.0,97.5,0,PRE-CHARGE,0,3.797,3.797,3.798,3.797,3.798,3.794,3.798,3.794,3.795,3.794,3.798,3.794,3.798,3.797,54.3,0.0,120.0,40.5
2026-05-08 15:55:15.800000,5/8/2026,20260508_150507_897.txt,53.15,0.52,33.0,46,100.0,97.5,0,PRE-CHARGE,0,3.797,3.797,3.798,3.797,3.798,3.794,3.798,3.794,3.795,3.794,3.798,3.794,3.798,3.797,54.3,0.0,120.0,40.5
2026-05-08 15:55:20.100000,5/8/2026,20260508_150507_897.txt,53.15,0.52,33.0,46,100.0,97.5,0,PRE-CHARGE,0,3.797,3.797,3.798,3.797,3.798,3.794,3.798,3.794,3.795,3.794,3.798,3.794,3.798,3.797,54.3,0.0,120.0,40.5
2026-05-08 14:55:20.100000,5/8/2026,20260508_145007_897.txt,53.15,0.52,33.0,46,100.0,97.5,0,PRE-CHARGE,0,3.797,3.797,3.798,3.797,3.798,3.794,3.798,3.794,3.795,3.794,3.798,3.794,3.798,3.797,54.3,0.0,120.0,40.5
2026-05-08 15:55:22.200000,5/8/2026,20260508_150507_897.txt,53.15,0.52,33.0,46,100.0,97.5,0,PRE-CHARGE,0,3.797,3.797,3.798,3.797,3.798,3.794,3.798,3.794,3.795,3.794,3.798,3.794,3.798,3.797,54.3,0.0,120.0,40.5
2026-05-08 14:55:22.200000,5/8/2026,20260508_145007_897.txt,53.15,0.52,33.0,46,100.0,97.5,0,PRE-CHARGE,0,3.797,3.797,3.798,3.797,3.798,3.794,3.798,3.794,3.795,3.794,3.798,3.794,3.798,3.797,54.3,0.0,120.0,40.5
2026-05-08 14:55:28.700000,5/8/2026,20260508_145007_897.txt,53.15,0.52,33.0,46,100.0,97.5,0,PRE-CHARGE,0,3.797,3.797,3.798,3.797,3.798,3.794,3.798,3.794,3.795,3.794,3.798,3.794,3.798,3.797,54.3,0.0,120.0,40.5
2026-05-08 15:55:28.700000,5/8/2026,20260508_150507_897.txt,53.15,0.52,33.0,46,100.0,97.5,0,PRE-CHARGE,0,3.797,3.797,3.798,3.797,3.798,3.794,3.798,3.794,3.795,3.794,3.798,3.794,3.798,3.797,54.3,0.0,120.0,40.5
2026-05-08 15:55:32.800000,5/8/2026,20260508_150507_897.txt,53.15,0.52,33.0,46,100.0,97.5,0,PRE-CHARGE,0,3.797,3.797,3.798,3.797,3.798,3.794,3.798,3.794,3.795,3.794,3.798,3.794,3.798,3.797,54.3,0.0,120.0,40.5
2026-05-08 14:55:32.800000,5/8/2026,20260508_145007_897.txt,53.15,0.52,33.0,46,100.0,97.5,0,PRE-CHARGE,0,3.797,3.797,3.798,3.797,3.798,3.794,3.798,3.794,3.795,3.794,3.798,3.794,3.798,3.797,54.3,0.0,120.0,40.5
2026-05-08 14:55:37.000000,5/8/2026,20260508_145007_897.txt,53.15,0.52,33.0,46,100.0,97.5,0,PRE-CHARGE,0,3.797,3.797,3.798,3.797,3.798,3.794,3.798,3.794,3.795,3.794,3.798,3.794,,,54.3,0.0,120.0,40.5
2026-05-08 15:55:37.000000,5/8/2026,20260508_150507_897.txt,53.15,0.52,33.0,46,100.0,97.5,0,PRE-CHARGE,0,3.797,3.797,3.798,3.797,3.798,3.794,3.798,3.794,3.795,3.794,3.798,3.794,,,54.3,0.0,120.0,40.5
2026-05-08 14:55:39.200000,5/8/2026,20260508_145007_897.txt,53.15,0.52,33.0,46,100.0,97.5,0,PRE-CHARGE,0,,,,,,,,,3.795,3.794,3.798,3.794,3.798,3.797,,,,
2026-05-08 15:55:39.200000,5/8/2026,20260508_150507_897.txt,53.15,0.52,33.0,46,100.0,97.5,0,PRE-CHARGE,0,,,,,,,,,3.795,3.794,3.798,3.794,3.798,3.797,,,,
2026-05-08 15:55:41.300000,5/8/2026,20260508_150507_897.txt,53.15,0.52,33.0,46,100.0,97.5,0,PRE-CHARGE,0,3.794,3.797,3.798,3.797,3.798,3.794,3.798,3.797,3.795,3.794,3.798,3.794,3.798,3.797,54.3,0.0,120.0,40.5
2026-05-08 14:55:41.300000,5/8/2026,20260508_145007_897.txt,53.15,0.52,33.0,46,100.0,97.5,0,PRE-CHARGE,0,3.794,3.797,3.798,3.797,3.798,3.794,3.798,3.797,3.795,3.794,3.798,3.794,3.798,3.797,54.3,0.0,120.0,40.5
2026-05-08 15:55:43.400000,5/8/2026,20260508_150507_897.txt,53.15,0.52,33.0,46,100.0,97.5,0,PRE-CHARGE,0,3.797,3.797,3.798,3.797,3.798,3.794,3.798,3.797,3.795,3.794,3.798,3.794,3.798,3.797,,,,
2026-05-08 14:55:43.400000,5/8/2026,20260508_145007_897.txt,53.15,0.52,33.0,46,100.0,97.5,0,PRE-CHARGE,0,3.797,3.797,3.798,3.797,3.798,3.794,3.798,3.797,3.795,3.794,3.798,3.794,3.798,3.797,,,,
2026-05-08 14:55:45.500000,5/8/2026,20260508_145007_897.txt,53.15,0.52,33.0,47,100.0,97.5,0,PRE-CHARGE,0,3.797,3.797,3.798,3.797,3.798,3.794,3.798,3.794,3.795,3.794,3.798,3.794,3.798,3.797,54.3,0.0,120.0,40.5
2026-05-08 15:55:45.500000,5/8/2026,20260508_150507_897.txt,53.15,0.52,33.0,47,100.0,97.5,0,PRE-CHARGE,0,3.797,3.797,3.798,3.797,3.798,3.794,3.798,3.794,3.795,3.794,3.798,3.794,3.798,3.797,54.3,0.0,120.0,40.5
2026-05-08 14:55:49.700000,5/8/2026,20260508_145007_897.txt,53.15,0.52,33.0,47,100.0,97.5,0,PRE-CHARGE,0,3.797,3.797,3.798,3.797,3.798,3.794,3.798,3.794,3.795,3.794,3.798,3.794,3.798,3.797,54.3,0.0,120.0,40.5
2026-05-08 15:55:49.700000,5/8/2026,20260508_150507_897.txt,53.15,0.52,33.0,47,100.0,97.5,0,PRE-CHARGE,0,3.797,3.797,3.798,3.797,3.798,3.794,3.798,3.794,3.795,3.794,3.798,3.794,3.798,3.797,54.3,0.0,120.0,40.5
2026-05-08 14:55:51.900000,5/8/2026,20260508_145007_897.txt,53.15,0.52,33.0,47,100.0,97.5,0,PRE-CHARGE,0,3.797,3.797,3.798,3.797,3.798,3.794,3.798,3.794,3.795,3.797,3.798,3.794,3.798,3.797,54.3,0.0,120.0,40.5
2026-05-08 15:55:51.900000,5/8/2026,20260508_150507_897.txt,53.15,0.52,33.0,47,100.0,97.5,0,PRE-CHARGE,0,3.797,3.797,3.798,3.797,3.798,3.794,3.798,3.794,3.795,3.797,3.798,3.794,3.798,3.797,54.3,0.0,120.0,40.5
2026-05-08 14:55:54.000000,5/8/2026,20260508_145007_897.txt,53.15,0.52,33.0,47,100.0,97.5,0,PRE-CHARGE,0,3.797,3.797,3.798,3.797,3.798,3.794,3.798,3.794,3.795,3.794,3.798,3.794,3.798,3.797,,,,
2026-05-08 15:55:54.000000,5/8/2026,20260508_150507_897.txt,53.15,0.52,33.0,47,100.0,97.5,0,PRE-CHARGE,0,3.797,3.797,3.798,3.797,3.798,3.794,3.798,3.794,3.795,3.794,3.798,3.794,3.798,3.797,,,,
2026-05-08 15:55:56.100000,5/8/2026,20260508_150507_897.txt,53.15,0.52,33.0,47,100.0,97.5,0,PRE-CHARGE,0,3.797,3.797,3.798,3.797,3.798,3.794,3.798,3.794,,,,,3.798,3.797,54.3,0.0,120.0,40.5
2026-05-08 14:55:56.100000,5/8/2026,20260508_145007_897.txt,53.15,0.52,33.0,47,100.0,97.5,0,PRE-CHARGE,0,3.797,3.797,3.798,3.797,3.798,3.794,3.798,3.794,,,,,3.798,3.797,54.3,0.0,120.0,40.5
2026-05-08 15:55:58.200000,5/8/2026,20260508_150507_897.txt,53.15,0.52,33.0,47,100.0,97.5,0,PRE-CHARGE,0,3.797,3.797,3.798,3.797,3.798,3.794,3.798,3.794,3.795,3.797,3.798,3.794,3.798,3.797,54.3,0.0,120.0,40.5
2026-05-08 14:55:58.200000,5/8/2026,20260508_145007_897.txt,53.15,0.52,33.0,47,100.0,97.5,0,PRE-CHARGE,0,3.797,3.797,3.798,3.797,3.798,3.794,3.798,3.794,3.795,3.797,3.798,3.794,3.798,3.797,54.3,0.0,120.0,40.5
2026-05-08 15:56:00.300000,5/8/2026,20260508_150507_897.txt,53.15,0.52,33.0,47,100.0,97.5,0,PRE-CHARGE,0,3.797,3.797,3.798,3.797,,,,,3.795,3.794,3.798,3.797,3.798,3.797,54.3,0.0,120.0,40.5
2026-05-08 14:56:00.300000,5/8/2026,20260508_145007_897.txt,53.15,0.52,33.0,47,100.0,97.5,0,PRE-CHARGE,0,3.797,3.797,3.798,3.797,,,,,3.795,3.794,3.798,3.797,3.798,3.797,54.3,0.0,120.0,40.5
2026-05-08 15:56:02.500000,5/8/2026,20260508_150507_897.txt,53.16,0.52,33.0,47,100.0,97.5,0,PRE-CHARGE,0,3.797,3.797,3.798,3.797,3.798,3.794,3.798,3.794,3.795,3.797,3.798,3.797,3.798,3.797,54.3,0.0,120.0,40.5
2026-05-08 14:56:02.500000,5/8/2026,20260508_145007_897.txt,53.16,0.52,33.0,47,100.0,97.5,0,PRE-CHARGE,0,3.797,3.797,3.798,3.797,3.798,3.794,3.798,3.794,3.795,3.797,3.798,3.797,3.798,3.797,54.3,0.0,120.0,40.5
2026-05-08 14:56:04.600000,5/8/2026,20260508_145007_897.txt,53.16,0.52,33.0,47,100.0,97.5,0,PRE-CHARGE,0,3.797,3.797,3.798,3.797,,,,,3.795,3.794,3.798,3.797,3.798,3.797,54.3,0.0,120.0,40.5
2026-05-08 15:56:04.600000,5/8/2026,20260508_150507_897.txt,53.16,0.52,33.0,47,100.0,97.5,0,PRE-CHARGE,0,3.797,3.797,3.798,3.797,,,,,3.795,3.794,3.798,3.797,3.798,3.797,54.3,0.0,120.0,40.5
2026-05-08 14:56:06.700000,5/8/2026,20260508_145007_897.txt,53.16,0.52,33.0,47,100.0,97.5,0,PRE-CHARGE,0,3.797,3.797,3.798,3.797,3.798,3.794,3.798,3.797,3.795,3.797,3.798,3.797,,,54.3,0.0,120.0,40.5
2026-05-08 15:56:06.700000,5/8/2026,20260508_150507_897.txt,53.16,0.52,33.0,47,100.0,97.5,0,PRE-CHARGE,0,3.797,3.797,3.798,3.797,3.798,3.794,3.798,3.797,3.795,3.797,3.798,3.797,,,54.3,0.0,120.0,40.5
2026-05-08 14:56:08.800000,5/8/2026,20260508_145007_897.txt,53.16,0.52,33.0,47,100.0,97.5,0,PRE-CHARGE,0,3.797,3.797,3.798,3.797,3.798,3.794,3.798,3.797,3.795,3.794,3.798,3.797,3.798,3.797,54.3,0.0,120.0,40.5
2026-05-08 15:56:08.800000,5/8/2026,20260508_150507_897.txt,53.16,0.52,33.0,47,100.0,97.5,0,PRE-CHARGE,0,3.797,3.797,3.798,3.797,3.798,3.794,3.798,3.797,3.795,3.794,3.798,3.797,3.798,3.797,54.3,0.0,120.0,40.5
2026-05-08 15:56:11.000000,5/8/2026,20260508_150507_897.txt,53.16,0.52,33.0,47,100.0,97.5,0,PRE-CHARGE,0,3.797,3.797,3.798,3.797,3.798,3.794,3.798,3.797,3.795,3.794,3.798,3.797,3.798,3.797,54.3,0.0,120.0,40.5
2026-05-08 14:56:11.000000,5/8/2026,20260508_145007_897.txt,53.16,0.52,33.0,47,100.0,97.5,0,PRE-CHARGE,0,3.797,3.797,3.798,3.797,3.798,3.794,3.798,3.797,3.795,3.794,3.798,3.797,3.798,3.797,54.3,0.0,120.0,40.5
2026-05-08 15:56:13.100000,5/8/2026,20260508_150507_897.txt,53.15,0.52,33.0,47,100.0,97.5,0,PRE-CHARGE,0,3.797,3.797,3.798,3.797,,,,,3.795,3.797,3.798,3.797,3.798,3.797,54.3,0.0,120.0,40.5
2026-05-08 14:56:13.100000,5/8/2026,20260508_145007_897.txt,53.15,0.52,33.0,47,100.0,97.5,0,PRE-CHARGE,0,3.797,3.797,3.798,3.797,,,,,3.795,3.797,3.798,3.797,3.798,3.797,54.3,0.0,120.0,40.5
2026-05-08 14:56:15.100000,5/8/2026,20260508_145007_897.txt,53.16,0.52,33.0,47,100.0,97.5,0,PRE-CHARGE,0,3.797,3.797,3.798,3.797,3.798,3.794,3.798,3.797,3.795,3.797,3.798,3.797,,,54.3,0.0,120.0,40.5
2026-05-08 15:56:15.100000,5/8/2026,20260508_150507_897.txt,53.16,0.52,33.0,47,100.0,97.5,0,PRE-CHARGE,0,3.797,3.797,3.798,3.797,3.798,3.794,3.798,3.797,3.795,3.797,3.798,3.797,,,54.3,0.0,120.0,40.5
2026-05-08 15:56:21.500000,5/8/2026,20260508_150507_897.txt,53.16,0.52,33.0,47,100.0,97.5,0,PRE-CHARGE,0,3.797,3.797,3.798,3.797,3.798,3.794,3.798,3.797,3.795,3.797,3.798,3.797,3.798,3.797,54.3,0.0,120.0,40.5
2026-05-08 14:56:21.500000,5/8/2026,20260508_145007_897.txt,53.16,0.52,33.0,47,100.0,97.5,0,PRE-CHARGE,0,3.797,3.797,3.798,3.797,3.798,3.794,3.798,3.797,3.795,3.797,3.798,3.797,3.798,3.797,54.3,0.0,120.0,40.5
2026-05-08 14:56:23.600000,5/8/2026,20260508_145007_897.txt,53.16,0.52,33.0,47,100.0,97.5,0,PRE-CHARGE,0,,,,,,,,,,,,,3.798,3.797,54.3,0.0,120.0,40.5
2026-05-08 15:56:23.600000,5/8/2026,20260508_150507_897.txt,53.16,0.52,33.0,47,100.0,97.5,0,PRE-CHARGE,0,,,,,,,,,,,,,3.798,3.797,54.3,0.0,120.0,40.5
2026-05-08 14:56:25.800000,5/8/2026,20260508_145007_897.txt,53.15,0.52,33.0,47,100.0,97.5,0,PRE-CHARGE,0,3.797,3.797,3.798,3.797,3.798,3.794,3.798,3.794,3.795,3.794,3.798,3.797,3.798,3.797,,,,
2026-05-08 15:56:25.800000,5/8/2026,20260508_150507_897.txt,53.15,0.52,33.0,47,100.0,97.5,0,PRE-CHARGE,0,3.797,3.797,3.798,3.797,3.798,3.794,3.798,3.794,3.795,3.794,3.798,3.797,3.798,3.797,,,,
2026-05-08 15:56:27.900000,5/8/2026,20260508_150507_897.txt,53.16,0.52,33.0,47,100.0,97.5,0,PRE-CHARGE,0,,,,,3.798,3.794,3.798,3.794,,,,,,,54.3,0.0,120.0,40.5
2026-05-08 14:56:27.900000,5/8/2026,20260508_145007_897.txt,53.16,0.52,33.0,47,100.0,97.5,0,PRE-CHARGE,0,,,,,3.798,3.794,3.798,3.794,,,,,,,54.3,0.0,120.0,40.5
2026-05-08 15:56:30.000000,5/8/2026,20260508_150507_897.txt,53.16,0.52,33.0,47,100.0,97.5,0,PRE-CHARGE,0,3.797,3.797,3.798,3.797,3.798,3.794,3.798,3.797,3.795,3.797,3.798,3.794,3.798,3.797,54.3,0.0,120.0,40.5
2026-05-08 14:56:30.000000,5/8/2026,20260508_145007_897.txt,53.16,0.52,33.0,47,100.0,97.5,0,PRE-CHARGE,0,3.797,3.797,3.798,3.797,3.798,3.794,3.798,3.797,3.795,3.797,3.798,3.794,3.798,3.797,54.3,0.0,120.0,40.5
2026-05-08 15:56:32.100000,5/8/2026,20260508_150507_897.txt,53.16,0.52,33.0,47,100.0,97.5,0,PRE-CHARGE,0,3.797,3.797,3.798,3.797,3.798,3.794,3.798,3.794,3.795,3.797,3.798,3.797,,,54.3,0.0,120.0,40.5
2026-05-08 14:56:32.100000,5/8/2026,20260508_145007_897.txt,53.16,0.52,33.0,47,100.0,97.5,0,PRE-CHARGE,0,3.797,3.797,3.798,3.797,3.798,3.794,3.798,3.794,3.795,3.797,3.798,3.797,,,54.3,0.0,120.0,40.5
2026-05-08 14:56:34.200000,5/8/2026,20260508_145007_897.txt,53.16,0.52,33.0,47,100.0,97.5,0,PRE-CHARGE,0,3.797,3.797,3.798,3.797,3.798,3.794,3.798,3.797,3.795,3.797,3.798,3.797,,,54.3,0.0,120.0,40.5
2026-05-08 15:56:34.200000,5/8/2026,20260508_150507_897.txt,53.16,0.52,33.0,47,100.0,97.5,0,PRE-CHARGE,0,3.797,3.797,3.798,3.797,3.798,3.794,3.798,3.797,3.795,3.797,3.798,3.797,,,54.3,0.0,120.0,40.5
2026-05-08 14:56:42.700000,5/8/2026,20260508_145007_897.txt,53.16,0.52,33.0,47,100.0,97.5,0,PRE-CHARGE,0,3.797,3.797,3.798,3.797,3.798,3.794,3.798,3.797,3.795,3.797,3.798,3.797,3.798,3.797,54.3,0.0,120.0,40.5
2026-05-08 15:56:42.700000,5/8/2026,20260508_150507_897.txt,53.16,0.52,33.0,47,100.0,97.5,0,PRE-CHARGE,0,3.797,3.797,3.798,3.797,3.798,3.794,3.798,3.797,3.795,3.797,3.798,3.797,3.798,3.797,54.3,0.0,120.0,40.5
2026-05-08 15:56:44.900000,5/8/2026,20260508_150507_897.txt,53.16,0.52,33.0,47,100.0,97.5,0,PRE-CHARGE,0,3.797,3.797,3.798,3.797,3.798,3.794,3.798,3.797,3.795,3.797,3.798,3.794,3.798,3.797,54.3,0.0,120.0,40.5
2026-05-08 14:56:44.900000,5/8/2026,20260508_145007_897.txt,53.16,0.52,33.0,47,100.0,97.5,0,PRE-CHARGE,0,3.797,3.797,3.798,3.797,3.798,3.794,3.798,3.797,3.795,3.797,3.798,3.794,3.798,3.797,54.3,0.0,120.0,40.5
2026-05-08 15:56:49.100000,5/8/2026,20260508_150507_897.txt,53.16,0.52,33.0,46,100.0,97.5,0,PRE-CHARGE,0,3.797,3.797,3.798,3.797,3.798,3.794,3.798,3.794,3.795,3.797,3.798,3.797,3.798,3.797,54.3,0.0,120.0,40.5
2026-05-08 14:56:49.100000,5/8/2026,20260508_145007_897.txt,53.16,0.52,33.0,46,100.0,97.5,0,PRE-CHARGE,0,3.797,3.797,3.798,3.797,3.798,3.794,3.798,3.794,3.795,3.797,3.798,3.797,3.798,3.797,54.3,0.0,120.0,40.5
2026-05-08 14:56:51.200000,5/8/2026,20260508_145007_897.txt,53.16,0.52,33.0,46,100.0,97.5,0,PRE-CHARGE,0,,,,,3.798,3.794,3.798,3.797,3.795,3.797,3.798,3.797,3.798,3.797,,,,
2026-05-08 15:56:51.200000,5/8/2026,20260508_150507_897.txt,53.16,0.52,33.0,46,100.0,97.5,0,PRE-CHARGE,0,,,,,3.798,3.794,3.798,3.797,3.795,3.797,3.798,3.797,3.798,3.797,,,,
2026-05-08 15:56:55.400000,5/8/2026,20260508_150507_897.txt,53.16,0.52,33.0,46,100.0,97.5,0,PRE-CHARGE,0,3.797,3.797,3.798,3.797,3.798,3.794,3.798,3.797,3.795,3.797,3.798,3.797,3.798,3.797,54.3,0.0,120.0,40.5
2026-05-08 14:56:55.400000,5/8/2026,20260508_145007_897.txt,53.16,0.52,33.0,46,100.0,97.5,0,PRE-CHARGE,0,3.797,3.797,3.798,3.797,3.798,3.794,3.798,3.797,3.795,3.797,3.798,3.797,3.798,3.797,54.3,0.0,120.0,40.5
2026-05-08 15:56:57.500000,5/8/2026,20260508_150507_897.txt,53.16,0.52,33.0,46,100.0,97.5,0,PRE-CHARGE,0,3.797,3.797,3.798,3.797,,,,,3.795,3.794,3.798,3.794,3.798,3.797,54.3,0.0,120.0,40.5
2026-05-08 14:56:57.500000,5/8/2026,20260508_145007_897.txt,53.16,0.52,33.0,46,100.0,97.5,0,PRE-CHARGE,0,3.797,3.797,3.798,3.797,,,,,3.795,3.794,3.798,3.794,3.798,3.797,54.3,0.0,120.0,40.5
2026-05-08 15:57:03.900000,5/8/2026,20260508_150507_897.txt,53.15,0.52,33.0,46,100.0,97.5,0,PRE-CHARGE,0,3.797,3.797,3.798,3.797,3.798,3.794,3.798,3.794,3.795,3.797,3.798,3.794,3.798,3.797,54.3,0.0,120.0,40.5
2026-05-08 14:57:03.900000,5/8/2026,20260508_145007_897.txt,53.15,0.52,33.0,46,100.0,97.5,0,PRE-CHARGE,0,3.797,3.797,3.798,3.797,3.798,3.794,3.798,3.794,3.795,3.797,3.798,3.794,3.798,3.797,54.3,0.0,120.0,40.5
2026-05-08 14:57:08.200000,5/8/2026,20260508_145007_897.txt,53.16,0.52,32.0,46,100.0,97.5,0,PRE-CHARGE,0,3.797,3.797,3.798,3.797,3.798,3.794,3.798,3.797,3.795,3.797,3.798,3.794,,,54.3,0.0,120.0,40.5
2026-05-08 15:57:08.200000,5/8/2026,20260508_150507_897.txt,53.16,0.52,32.0,46,100.0,97.5,0,PRE-CHARGE,0,3.797,3.797,3.798,3.797,3.798,3.794,3.798,3.797,3.795,3.797,3.798,3.794,,,54.3,0.0,120.0,40.5
2026-05-08 15:57:14.500000,5/8/2026,20260508_150507_897.txt,53.16,0.52,32.0,46,100.0,97.5,0,PRE-CHARGE,0,3.797,3.797,3.798,3.797,3.798,3.794,3.798,3.797,3.795,3.797,3.798,3.797,3.798,3.797,54.3,0.0,120.0,40.5
2026-05-08 14:57:14.500000,5/8/2026,20260508_145007_897.txt,53.16,0.52,32.0,46,100.0,97.5,0,PRE-CHARGE,0,3.797,3.797,3.798,3.797,3.798,3.794,3.798,3.797,3.795,3.797,3.798,3.797,3.798,3.797,54.3,0.0,120.0,40.5
2026-05-08 14:57:16.600000,5/8/2026,20260508_145007_897.txt,53.16,0.52,32.0,46,100.0,97.5,0,PRE-CHARGE,0,3.797,3.797,3.798,3.797,3.798,3.794,3.798,3.797,3.795,3.797,3.798,3.794,3.798,3.797,54.3,0.0,120.0,40.5
2026-05-08 15:57:16.600000,5/8/2026,20260508_150507_897.txt,53.16,0.52,32.0,46,100.0,97.5,0,PRE-CHARGE,0,3.797,3.797,3.798,3.797,3.798,3.794,3.798,3.797,3.795,3.797,3.798,3.794,3.798,3.797,54.3,0.0,120.0,40.5
2026-05-08 14:57:18.700000,5/8/2026,20260508_145007_897.txt,53.16,0.52,32.0,46,100.0,97.5,0,PRE-CHARGE,0,3.797,3.797,3.798,3.797,3.798,3.794,3.798,3.797,3.795,3.797,3.798,3.797,3.798,3.797,54.3,0.0,120.0,40.5
2026-05-08 15:57:18.700000,5/8/2026,20260508_150507_897.txt,53.16,0.52,32.0,46,100.0,97.5,0,PRE-CHARGE,0,3.797,3.797,3.798,3.797,3.798,3.794,3.798,3.797,3.795,3.797,3.798,3.797,3.798,3.797,54.3,0.0,120.0,40.5
2026-05-08 14:57:20.800000,5/8/2026,20260508_145007_897.txt,53.16,0.52,32.0,46,100.0,97.5,0,PRE-CHARGE,0,3.797,3.797,3.798,3.797,3.798,3.794,3.798,3.797,3.795,3.794,3.798,3.797,3.798,3.797,54.3,0.0,120.0,40.5
2026-05-08 15:57:20.800000,5/8/2026,20260508_150507_897.txt,53.16,0.52,32.0,46,100.0,97.5,0,PRE-CHARGE,0,3.797,3.797,3.798,3.797,3.798,3.794,3.798,3.797,3.795,3.794,3.798,3.797,3.798,3.797,54.3,0.0,120.0,40.5
2026-05-08 15:57:23.000000,5/8/2026,20260508_150507_897.txt,53.16,0.52,32.0,46,100.0,97.5,0,PRE-CHARGE,0,3.797,3.797,3.798,3.797,3.798,3.794,3.798,3.797,3.795,3.797,3.798,3.794,3.798,3.797,54.3,0.0,120.0,40.5
2026-05-08 14:57:23.000000,5/8/2026,20260508_145007_897.txt,53.16,0.52,32.0,46,100.0,97.5,0,PRE-CHARGE,0,3.797,3.797,3.798,3.797,3.798,3.794,3.798,3.797,3.795,3.797,3.798,3.794,3.798,3.797,54.3,0.0,120.0,40.5
2026-05-08 15:57:27.200000,5/8/2026,20260508_150507_897.txt,53.13,0.56,32.0,46,100.0,97.5,0,PRE-CHARGE,0,3.797,3.797,3.798,3.797,3.795,3.794,3.795,3.794,3.795,3.794,3.795,3.794,3.795,3.794,54.3,0.0,120.0,40.5
2026-05-08 14:57:27.200000,5/8/2026,20260508_145007_897.txt,53.13,0.56,32.0,46,100.0,97.5,0,PRE-CHARGE,0,3.797,3.797,3.798,3.797,3.795,3.794,3.795,3.794,3.795,3.794,3.795,3.794,3.795,3.794,54.3,0.0,120.0,40.5
2026-05-08 15:57:31.400000,5/8/2026,20260508_150507_897.txt,52.81,13.96,32.0,46,100.0,97.5,0,PRE-CHARGE,0,3.794,3.797,3.798,3.797,3.798,3.794,3.795,3.794,3.795,3.794,3.798,3.794,3.798,3.794,54.3,0.0,120.0,40.5
2026-05-08 14:57:31.400000,5/8/2026,20260508_145007_897.txt,52.81,13.96,32.0,46,100.0,97.5,0,PRE-CHARGE,0,3.794,3.797,3.798,3.797,3.798,3.794,3.795,3.794,3.795,3.794,3.798,3.794,3.798,3.794,54.3,0.0,120.0,40.5
2026-05-08 15:57:33.600000,5/8/2026,20260508_150507_897.txt,53.01,1.62,32.0,46,100.0,97.5,0,PRE-CHARGE,0,3.788,3.788,3.786,3.788,3.786,3.786,3.786,3.786,,,,,3.78,3.779,,,,
2026-05-08 14:57:33.600000,5/8/2026,20260508_145007_897.txt,53.01,1.62,32.0,46,100.0,97.5,0,PRE-CHARGE,0,3.788,3.788,3.786,3.788,3.786,3.786,3.786,3.786,,,,,3.78,3.779,,,,
2026-05-08 15:57:35.800000,5/8/2026,20260508_150507_897.txt,52.9,8.54,,46,100.0,97.5,0,PRE-CHARGE,0,3.776,3.773,3.768,3.779,3.774,3.773,3.771,3.776,3.774,3.773,3.774,3.773,3.774,3.776,54.3,0.0,120.0,40.5
2026-05-08 14:57:35.800000,5/8/2026,20260508_145007_897.txt,52.9,8.54,,46,100.0,97.5,0,PRE-CHARGE,0,3.776,3.773,3.768,3.779,3.774,3.773,3.771,3.776,3.774,3.773,3.774,3.773,3.774,3.776,54.3,0.0,120.0,40.5
2026-05-08 15:57:40.200000,5/8/2026,20260508_150507_897.txt,53.13,0.52,,46,100.0,97.5,0,PRE-CHARGE,0,3.794,3.794,3.798,3.797,3.795,3.794,3.795,3.794,,,,,3.795,3.794,54.3,0.0,120.0,40.5
2026-05-08 14:57:40.200000,5/8/2026,20260508_145007_897.txt,53.13,0.52,,46,100.0,97.5,0,PRE-CHARGE,0,3.794,3.794,3.798,3.797,3.795,3.794,3.795,3.794,,,,,3.795,3.794,54.3,0.0,120.0,40.5
2026-05-08 15:57:44.100000,5/8/2026,20260508_150507_897.txt,53.14,0.52,32.0,46,100.0,97.5,0,PRE-CHARGE,0,,,,,3.795,3.794,3.795,3.794,3.78,3.782,3.78,3.782,3.782,3.782,54.3,0.0,120.0,40.5
2026-05-08 14:57:44.100000,5/8/2026,20260508_145007_897.txt,53.14,0.52,32.0,46,100.0,97.5,0,PRE-CHARGE,0,,,,,3.795,3.794,3.795,3.794,3.78,3.782,3.78,3.782,3.782,3.782,54.3,0.0,120.0,40.5
2026-05-08 15:57:48.400000,5/8/2026,20260508_150507_897.txt,52.58,17.5,32.0,46,100.0,97.5,0,PRE-CHARGE,0,3.761,3.755,3.743,3.761,3.771,3.773,3.771,3.773,3.753,3.755,3.747,3.755,3.753,3.755,54.3,0.0,120.0,40.5
2026-05-08 14:57:48.400000,5/8/2026,20260508_145007_897.txt,52.58,17.5,32.0,46,100.0,97.5,0,PRE-CHARGE,0,3.761,3.755,3.743,3.761,3.771,3.773,3.771,3.773,3.753,3.755,3.747,3.755,3.753,3.755,54.3,0.0,120.0,40.5
2026-05-08 14:57:52.800000,5/8/2026,20260508_145007_897.txt,53.12,0.52,32.0,47,100.0,97.5,0,PRE-CHARGE,0,3.794,3.794,3.795,3.794,3.795,3.794,3.795,3.794,3.795,3.794,3.795,3.794,3.795,3.794,54.3,0.0,120.0,40.5
2026-05-08 15:57:52.800000,5/8/2026,20260508_150507_897.txt,53.12,0.52,32.0,47,100.0,97.5,0,PRE-CHARGE,0,3.794,3.794,3.795,3.794,3.795,3.794,3.795,3.794,3.795,3.794,3.795,3.794,3.795,3.794,54.3,0.0,120.0,40.5
2026-05-08 15:57:54.700000,5/8/2026,20260508_150507_897.txt,53.12,0.52,32.0,47,100.0,97.5,0,PRE-CHARGE,0,3.794,3.794,3.795,3.797,,,,,3.795,3.794,3.795,3.794,3.795,3.794,54.3,0.0,120.0,40.5
2026-05-08 14:57:54.700000,5/8/2026,20260508_145007_897.txt,53.12,0.52,32.0,47,100.0,97.5,0,PRE-CHARGE,0,3.794,3.794,3.795,3.797,,,,,3.795,3.794,3.795,3.794,3.795,3.794,54.3,0.0,120.0,40.5
2026-05-08 15:57:57.200000,5/8/2026,20260508_150507_897.txt,53.13,2.9,,47,100.0,97.5,0,PRE-CHARGE,0,3.794,3.794,3.795,3.797,3.795,3.794,3.795,3.794,3.795,3.794,3.795,3.794,3.795,3.794,54.3,0.0,120.0,40.5
2026-05-08 14:57:57.200000,5/8/2026,20260508_145007_897.txt,53.13,2.9,,47,100.0,97.5,0,PRE-CHARGE,0,3.794,3.794,3.795,3.797,3.795,3.794,3.795,3.794,3.795,3.794,3.795,3.794,3.795,3.794,54.3,0.0,120.0,40.5
2026-05-08 14:57:59.100000,5/8/2026,20260508_145007_897.txt,53.13,9.88,,47,100.0,97.5,0,PRE-CHARGE,0,,,,,,,,,3.768,3.77,3.768,3.77,3.768,3.77,54.3,0.0,120.0,40.5
2026-05-08 15:57:59.100000,5/8/2026,20260508_150507_897.txt,53.13,9.88,,47,100.0,97.5,0,PRE-CHARGE,0,,,,,,,,,3.768,3.77,3.768,3.77,3.768,3.77,54.3,0.0,120.0,40.5
2026-05-08 15:58:01.100000,5/8/2026,20260508_150507_897.txt,52.67,16.8,32.0,47,100.0,97.5,0,PRE-CHARGE,0,3.767,3.761,3.753,3.767,3.759,3.761,3.759,3.764,,,,,3.762,3.764,54.3,0.0,120.0,40.5
2026-05-08 14:58:01.100000,5/8/2026,20260508_145007_897.txt,52.67,16.8,32.0,47,100.0,97.5,0,PRE-CHARGE,0,3.767,3.761,3.753,3.767,3.759,3.761,3.759,3.764,,,,,3.762,3.764,54.3,0.0,120.0,40.5
2026-05-08 14:58:07.500000,5/8/2026,20260508_145007_897.txt,52.49,25.54,32.0,47,100.0,97.5,0,PRE-CHARGE,0,3.753,3.746,3.732,3.755,3.743,3.75,3.743,3.753,3.747,3.75,3.743,3.75,3.771,3.77,54.3,0.0,120.0,40.5
2026-05-08 15:58:07.500000,5/8/2026,20260508_150507_897.txt,52.49,25.54,32.0,47,100.0,97.5,0,PRE-CHARGE,0,3.753,3.746,3.732,3.755,3.743,3.75,3.743,3.753,3.747,3.75,3.743,3.75,3.771,3.77,54.3,0.0,120.0,40.5
2026-05-08 15:58:09.500000,5/8/2026,20260508_150507_897.txt,52.76,9.54,32.0,47,100.0,97.5,0,PRE-CHARGE,0,3.758,3.75,3.741,3.758,3.747,3.753,3.747,3.755,3.75,3.755,3.747,3.755,3.753,3.755,54.3,0.0,120.0,40.5
2026-05-08 14:58:09.500000,5/8/2026,20260508_145007_897.txt,52.76,9.54,32.0,47,100.0,97.5,0,PRE-CHARGE,0,3.758,3.75,3.741,3.758,3.747,3.753,3.747,3.755,3.75,3.755,3.747,3.755,3.753,3.755,54.3,0.0,120.0,40.5
2026-05-08 14:58:11.700000,5/8/2026,20260508_145007_897.txt,52.58,22.14,32.0,47,100.0,97.5,0,PRE-CHARGE,0,3.761,3.755,3.743,3.761,3.753,3.758,3.753,3.758,3.756,3.758,3.753,3.758,3.759,3.761,54.3,0.0,120.0,40.5
2026-05-08 15:58:11.700000,5/8/2026,20260508_150507_897.txt,52.58,22.14,32.0,47,100.0,97.5,0,PRE-CHARGE,0,3.761,3.755,3.743,3.761,3.753,3.758,3.753,3.758,3.756,3.758,3.753,3.758,3.759,3.761,54.3,0.0,120.0,40.5
2026-05-08 14:58:13.800000,5/8/2026,20260508_145007_897.txt,52.62,18.98,32.0,47,100.0,97.5,0,PRE-CHARGE,0,3.77,3.767,3.759,3.77,3.765,3.767,3.765,3.767,,,,,3.768,3.767,54.3,0.0,120.0,40.5
2026-05-08 15:58:13.800000,5/8/2026,20260508_150507_897.txt,52.62,18.98,32.0,47,100.0,97.5,0,PRE-CHARGE,0,3.77,3.767,3.759,3.77,3.765,3.767,3.765,3.767,,,,,3.768,3.767,54.3,0.0,120.0,40.5
2026-05-08 14:58:15.900000,5/8/2026,20260508_145007_897.txt,53.05,4.48,32.0,47,100.0,97.5,0,PRE-CHARGE,0,3.788,3.791,3.792,3.791,3.789,3.788,3.789,3.788,3.789,3.788,3.789,3.788,3.792,3.788,54.3,0.0,120.0,40.5
2026-05-08 15:58:15.900000,5/8/2026,20260508_150507_897.txt,53.05,4.48,32.0,47,100.0,97.5,0,PRE-CHARGE,0,3.788,3.791,3.792,3.791,3.789,3.788,3.789,3.788,3.789,3.788,3.789,3.788,3.792,3.788,54.3,0.0,120.0,40.5
2026-05-08 14:58:20.200000,5/8/2026,20260508_145007_897.txt,51.91,39.94,32.0,46,100.0,97.5,0,PRE-CHARGE,0,3.72,3.704,3.684,3.72,3.702,3.71,3.699,3.713,3.708,3.713,3.699,3.713,,,54.3,0.0,120.0,40.5
2026-05-08 15:58:20.200000,5/8/2026,20260508_150507_897.txt,51.91,39.94,32.0,46,100.0,97.5,0,PRE-CHARGE,0,3.72,3.704,3.684,3.72,3.702,3.71,3.699,3.713,3.708,3.713,3.699,3.713,,,54.3,0.0,120.0,40.5
2026-05-08 15:58:22.300000,5/8/2026,20260508_150507_897.txt,52.01,46.32,32.0,46,100.0,97.5,0,PRE-CHARGE,0,3.722,3.707,3.687,3.722,3.78,3.779,3.776,3.779,3.78,3.779,3.78,3.779,3.78,3.779,54.3,0.0,120.0,40.5
2026-05-08 14:58:22.300000,5/8/2026,20260508_145007_897.txt,52.01,46.32,32.0,46,100.0,97.5,0,PRE-CHARGE,0,3.722,3.707,3.687,3.722,3.78,3.779,3.776,3.779,3.78,3.779,3.78,3.779,3.78,3.779,54.3,0.0,120.0,40.5
2026-05-08 14:58:24.400000,5/8/2026,20260508_145007_897.txt,52.79,5.12,32.0,46,100.0,97.5,0,PRE-CHARGE,0,,,,,3.771,3.77,3.768,3.77,3.771,3.77,3.768,3.77,3.771,3.773,54.3,0.0,120.0,40.5
2026-05-08 15:58:24.400000,5/8/2026,20260508_150507_897.txt,52.79,5.12,32.0,46,100.0,97.5,0,PRE-CHARGE,0,,,,,3.771,3.77,3.768,3.77,3.771,3.77,3.768,3.77,3.771,3.773,54.3,0.0,120.0,40.5
2026-05-08 15:58:26.500000,5/8/2026,20260508_150507_897.txt,52.53,15.72,32.0,46,100.0,97.5,0,PRE-CHARGE,0,3.758,3.753,3.741,3.758,,,,,3.75,3.755,3.75,3.755,3.753,3.755,54.3,0.0,120.0,40.5
2026-05-08 14:58:26.500000,5/8/2026,20260508_145007_897.txt,52.53,15.72,32.0,46,100.0,97.5,0,PRE-CHARGE,0,3.758,3.753,3.741,3.758,,,,,3.75,3.755,3.75,3.755,3.753,3.755,54.3,0.0,120.0,40.5
2026-05-08 14:58:28.600000,5/8/2026,20260508_145007_897.txt,52.52,21.56,32.0,46,100.0,97.5,0,PRE-CHARGE,0,3.791,3.794,3.795,3.794,3.795,3.791,3.795,3.794,3.795,3.794,3.795,3.794,3.795,3.794,54.3,0.0,120.0,40.5
2026-05-08 15:58:28.600000,5/8/2026,20260508_150507_897.txt,52.52,21.56,32.0,46,100.0,97.5,0,PRE-CHARGE,0,3.791,3.794,3.795,3.794,3.795,3.791,3.795,3.794,3.795,3.794,3.795,3.794,3.795,3.794,54.3,0.0,120.0,40.5
2026-05-08 15:58:32.900000,5/8/2026,20260508_150507_897.txt,52.59,16.26,32.0,46,100.0,97.5,0,PRE-CHARGE,0,3.791,3.794,3.798,3.794,3.795,3.791,3.792,3.791,3.792,3.791,3.792,3.788,3.792,3.788,54.3,0.0,120.0,40.5
2026-05-08 14:58:32.900000,5/8/2026,20260508_145007_897.txt,52.59,16.26,32.0,46,100.0,97.5,0,PRE-CHARGE,0,3.791,3.794,3.798,3.794,3.795,3.791,3.792,3.791,3.792,3.791,3.792,3.788,3.792,3.788,54.3,0.0,120.0,40.5
2026-05-08 15:58:35.000000,5/8/2026,20260508_150507_897.txt,52.51,13.3,32.0,46,100.0,97.5,0,PRE-CHARGE,0,3.758,3.75,3.738,3.758,,,,,3.75,3.753,3.747,3.753,3.753,3.753,54.3,0.0,120.0,40.5
2026-05-08 14:58:35.000000,5/8/2026,20260508_145007_897.txt,52.51,13.3,32.0,46,100.0,97.5,0,PRE-CHARGE,0,3.758,3.75,3.738,3.758,,,,,3.75,3.753,3.747,3.753,3.753,3.753,54.3,0.0,120.0,40.5
2026-05-08 15:58:37.300000,5/8/2026,20260508_150507_897.txt,52.44,22.84,,46,100.0,97.5,0,PRE-CHARGE,0,3.746,3.737,3.723,3.743,3.735,3.737,3.732,3.74,3.738,3.74,3.732,3.743,3.738,3.743,54.3,0.0,120.0,40.5
2026-05-08 14:58:37.300000,5/8/2026,20260508_145007_897.txt,52.44,22.84,,46,100.0,97.5,0,PRE-CHARGE,0,3.746,3.737,3.723,3.743,3.735,3.737,3.732,3.74,3.738,3.74,3.732,3.743,3.738,3.743,54.3,0.0,120.0,40.5
2026-05-08 14:58:39.300000,5/8/2026,20260508_145007_897.txt,52.27,29.02,32.0,46,100.0,97.5,0,PRE-CHARGE,0,3.743,3.731,3.717,3.74,3.729,3.734,3.729,3.737,3.732,3.737,3.729,3.737,3.735,3.737,54.3,0.0,120.0,40.5
2026-05-08 15:58:39.300000,5/8/2026,20260508_150507_897.txt,52.27,29.02,32.0,46,100.0,97.5,0,PRE-CHARGE,0,3.743,3.731,3.717,3.74,3.729,3.734,3.729,3.737,3.732,3.737,3.729,3.737,3.735,3.737,54.3,0.0,120.0,40.5
2026-05-08 15:58:41.300000,5/8/2026,20260508_150507_897.txt,52.27,30.18,32.0,46,100.0,97.5,0,PRE-CHARGE,0,3.74,3.731,3.717,3.74,3.726,3.728,3.723,3.731,,,,,3.729,3.731,54.3,0.0,120.0,40.5
2026-05-08 14:58:41.300000,5/8/2026,20260508_145007_897.txt,52.27,30.18,32.0,46,100.0,97.5,0,PRE-CHARGE,0,3.74,3.731,3.717,3.74,3.726,3.728,3.723,3.731,,,,,3.729,3.731,54.3,0.0,120.0,40.5
2026-05-08 14:58:43.500000,5/8/2026,20260508_145007_897.txt,52.11,34.4,32.0,46,100.0,97.5,0,PRE-CHARGE,0,3.731,3.72,3.702,3.731,3.717,3.725,3.714,3.725,3.723,3.725,3.717,3.728,3.723,3.725,54.3,0.0,120.0,40.5
2026-05-08 15:58:43.500000,5/8/2026,20260508_150507_897.txt,52.11,34.4,32.0,46,100.0,97.5,0,PRE-CHARGE,0,3.731,3.72,3.702,3.731,3.717,3.725,3.714,3.725,3.723,3.725,3.717,3.728,3.723,3.725,54.3,0.0,120.0,40.5
2026-05-08 14:58:45.600000,5/8/2026,20260508_145007_897.txt,52.03,37.2,32.0,46,100.0,97.5,0,PRE-CHARGE,0,3.725,3.717,3.696,3.725,3.71,3.72,3.708,3.72,3.708,3.713,3.699,3.713,3.71,3.713,54.3,0.0,120.0,40.5
2026-05-08 15:58:45.600000,5/8/2026,20260508_150507_897.txt,52.03,37.2,32.0,46,100.0,97.5,0,PRE-CHARGE,0,3.725,3.717,3.696,3.725,3.71,3.72,3.708,3.72,3.708,3.713,3.699,3.713,3.71,3.713,54.3,0.0,120.0,40.5
2026-05-08 15:58:47.700000,5/8/2026,20260508_150507_897.txt,51.91,40.58,32.0,46,100.0,97.5,0,PRE-CHARGE,0,3.662,3.635,3.588,3.653,3.624,3.641,3.621,3.644,3.636,3.641,3.618,3.644,3.633,3.644,54.3,0.0,120.0,40.5
2026-05-08 14:58:47.700000,5/8/2026,20260508_145007_897.txt,51.91,40.58,32.0,46,100.0,97.5,0,PRE-CHARGE,0,3.662,3.635,3.588,3.653,3.624,3.641,3.621,3.644,3.636,3.641,3.618,3.644,3.633,3.644,54.3,0.0,120.0,40.5
2026-05-08 14:58:49.800000,5/8/2026,20260508_145007_897.txt,49.68,113.48,32.0,46,100.0,97.5,0,PRE-CHARGE,0,3.584,3.542,3.477,3.578,3.531,3.557,3.525,3.566,3.552,3.563,3.525,3.566,3.687,3.701,54.3,0.0,120.0,40.5
2026-05-08 15:58:49.800000,5/8/2026,20260508_150507_897.txt,49.68,113.48,32.0,46,100.0,97.5,0,PRE-CHARGE,0,3.584,3.542,3.477,3.578,3.531,3.557,3.525,3.566,3.552,3.563,3.525,3.566,3.687,3.701,54.3,0.0,120.0,40.5
2026-05-08 14:58:52.100000,5/8/2026,20260508_145007_897.txt,51.16,141.54,,46,100.0,97.5,0,PRE-CHARGE,0,3.74,3.734,3.726,3.743,,,,,3.738,3.74,3.735,3.74,3.743,3.743,54.3,0.0,120.0,40.5
2026-05-08 15:58:52.100000,5/8/2026,20260508_150507_897.txt,51.16,141.54,,46,100.0,97.5,0,PRE-CHARGE,0,3.74,3.734,3.726,3.743,,,,,3.738,3.74,3.735,3.74,3.743,3.743,54.3,0.0,120.0,40.5
2026-05-08 14:58:54.100000,5/8/2026,20260508_145007_897.txt,53.49,-5.22,32.0,46,100.0,97.5,0,PRE-CHARGE,1,3.815,3.824,3.834,3.819,3.825,3.815,3.825,3.815,3.819,3.815,3.825,3.815,3.822,3.819,54.3,0.0,120.0,40.5
2026-05-08 15:58:54.100000,5/8/2026,20260508_150507_897.txt,53.49,-5.22,32.0,46,100.0,97.5,0,PRE-CHARGE,1,3.815,3.824,3.834,3.819,3.825,3.815,3.825,3.815,3.819,3.815,3.825,3.815,3.822,3.819,54.3,0.0,120.0,40.5
2026-05-08 14:58:56.200000,5/8/2026,20260508_145007_897.txt,53.27,-12.64,32.0,46,100.0,97.5,0,PRE-CHARGE,1,3.761,3.758,3.75,3.761,3.756,3.758,3.756,3.758,,,,,3.762,3.761,54.3,0.0,120.0,40.5
2026-05-08 15:58:56.200000,5/8/2026,20260508_150507_897.txt,53.27,-12.64,32.0,46,100.0,97.5,0,PRE-CHARGE,1,3.761,3.758,3.75,3.761,3.756,3.758,3.756,3.758,,,,,3.762,3.761,54.3,0.0,120.0,40.5
2026-05-08 15:58:58.400000,5/8/2026,20260508_150507_897.txt,52.38,16.8,32.0,46,100.0,97.5,0,PRE-CHARGE,0,3.75,3.74,3.729,3.746,3.738,3.743,3.738,3.743,3.741,3.743,3.738,3.743,3.743,3.746,54.3,0.0,120.0,40.5
2026-05-08 14:58:58.400000,5/8/2026,20260508_145007_897.txt,52.38,16.8,32.0,46,100.0,97.5,0,PRE-CHARGE,0,3.75,3.74,3.729,3.746,3.738,3.743,3.738,3.743,3.741,3.743,3.738,3.743,3.743,3.746,54.3,0.0,120.0,40.5
2026-05-08 14:59:00.400000,5/8/2026,20260508_145007_897.txt,52.47,13.08,32.0,46,100.0,97.5,0,PRE-CHARGE,0,3.755,3.75,3.738,3.753,3.735,3.74,3.735,3.743,3.741,3.743,3.738,3.743,3.741,3.743,54.3,0.0,120.0,40.5
2026-05-08 15:59:00.400000,5/8/2026,20260508_150507_897.txt,52.47,13.08,32.0,46,100.0,97.5,0,PRE-CHARGE,0,3.755,3.75,3.738,3.753,3.735,3.74,3.735,3.743,3.741,3.743,3.738,3.743,3.741,3.743,54.3,0.0,120.0,40.5
2026-05-08 14:59:04.800000,5/8/2026,20260508_145007_897.txt,51.96,42.84,32.0,46,100.0,97.5,0,PRE-CHARGE,0,3.722,3.71,3.687,3.722,3.704,3.713,3.704,3.717,3.714,3.713,3.704,3.717,3.71,3.717,54.3,0.0,120.0,40.5
2026-05-08 15:59:04.800000,5/8/2026,20260508_150507_897.txt,51.96,42.84,32.0,46,100.0,97.5,0,PRE-CHARGE,0,3.722,3.71,3.687,3.722,3.704,3.713,3.704,3.717,3.714,3.713,3.704,3.717,3.71,3.717,54.3,0.0,120.0,40.5
2026-05-08 15:59:06.800000,5/8/2026,20260508_150507_897.txt,51.96,36.2,32.0,46,100.0,97.5,0,PRE-CHARGE,0,3.77,3.77,3.765,3.77,3.768,3.767,3.768,3.77,,,,,3.771,3.77,54.3,0.0,120.0,40.5
2026-05-08 14:59:06.800000,5/8/2026,20260508_145007_897.txt,51.96,36.2,32.0,46,100.0,97.5,0,PRE-CHARGE,0,3.77,3.77,3.765,3.77,3.768,3.767,3.768,3.77,,,,,3.771,3.77,54.3,0.0,120.0,40.5
2026-05-08 15:59:08.900000,5/8/2026,20260508_150507_897.txt,52.87,11.0,32.0,46,100.0,97.5,0,PRE-CHARGE,0,3.776,3.776,3.776,3.776,3.776,3.773,3.776,3.776,3.776,3.776,3.776,3.776,3.762,3.761,54.3,0.0,120.0,40.5
2026-05-08 14:59:08.900000,5/8/2026,20260508_145007_897.txt,52.87,11.0,32.0,46,100.0,97.5,0,PRE-CHARGE,0,3.776,3.776,3.776,3.776,3.776,3.773,3.776,3.776,3.776,3.776,3.776,3.776,3.762,3.761,54.3,0.0,120.0,40.5
2026-05-08 15:59:11.000000,5/8/2026,20260508_150507_897.txt,52.61,8.24,32.0,46,100.0,97.5,0,PRE-CHARGE,0,3.773,3.773,3.771,3.773,3.771,3.77,3.771,3.773,3.771,3.773,3.771,3.773,3.774,3.773,,,,
2026-05-08 14:59:11.000000,5/8/2026,20260508_145007_897.txt,52.61,8.24,32.0,46,100.0,97.5,0,PRE-CHARGE,0,3.773,3.773,3.771,3.773,3.771,3.77,3.771,3.773,3.771,3.773,3.771,3.773,3.774,3.773,,,,
2026-05-08 14:59:13.200000,5/8/2026,20260508_145007_897.txt,52.46,8.86,32.0,46,100.0,97.5,0,PRE-CHARGE,0,3.753,3.746,3.735,3.753,3.743,3.746,3.743,3.75,3.747,3.75,3.743,3.75,3.75,3.75,,,,
2026-05-08 15:59:13.200000,5/8/2026,20260508_150507_897.txt,52.46,8.86,32.0,46,100.0,97.5,0,PRE-CHARGE,0,3.753,3.746,3.735,3.753,3.743,3.746,3.743,3.75,3.747,3.75,3.743,3.75,3.75,3.75,,,,
2026-05-08 15:59:15.300000,5/8/2026,20260508_150507_897.txt,52.43,20.1,32.0,46,100.0,97.5,0,PRE-CHARGE,0,,,,,,,,,3.768,3.77,3.768,3.77,,,,,,
2026-05-08 14:59:15.300000,5/8/2026,20260508_145007_897.txt,52.43,20.1,32.0,46,100.0,97.5,0,PRE-CHARGE,0,,,,,,,,,3.768,3.77,3.768,3.77,,,,,,
2026-05-08 14:59:17.400000,5/8/2026,20260508_145007_897.txt,52.42,12.08,32.0,46,100.0,97.5,0,PRE-CHARGE,0,3.75,3.743,3.732,3.75,3.741,3.743,3.741,3.746,3.743,3.746,3.741,3.746,3.747,3.746,54.3,0.0,120.0,40.5
2026-05-08 15:59:17.400000,5/8/2026,20260508_150507_897.txt,52.42,12.08,32.0,46,100.0,97.5,0,PRE-CHARGE,0,3.75,3.743,3.732,3.75,3.741,3.743,3.741,3.746,3.743,3.746,3.741,3.746,3.747,3.746,54.3,0.0,120.0,40.5
2026-05-08 14:59:19.500000,5/8/2026,20260508_145007_897.txt,52.55,19.98,32.0,46,100.0,97.5,0,PRE-CHARGE,0,3.758,3.755,3.747,3.758,3.789,3.786,3.789,3.788,3.789,3.786,3.789,3.786,3.789,3.788,,,,
2026-05-08 15:59:19.500000,5/8/2026,20260508_150507_897.txt,52.55,19.98,32.0,46,100.0,97.5,0,PRE-CHARGE,0,3.758,3.755,3.747,3.758,3.789,3.786,3.789,3.788,3.789,3.786,3.789,3.786,3.789,3.788,,,,
2026-05-08 15:59:23.800000,5/8/2026,20260508_150507_897.txt,52.46,10.52,32.0,46,100.0,97.5,0,PRE-CHARGE,0,3.753,3.746,3.738,3.753,3.743,3.746,3.743,3.75,3.738,3.737,3.732,3.74,3.738,3.74,54.3,0.0,120.0,40.5
2026-05-08 14:59:23.800000,5/8/2026,20260508_145007_897.txt,52.46,10.52,32.0,46,100.0,97.5,0,PRE-CHARGE,0,3.753,3.746,3.738,3.753,3.743,3.746,3.743,3.75,3.738,3.737,3.732,3.74,3.738,3.74,54.3,0.0,120.0,40.5
2026-05-08 14:59:25.800000,5/8/2026,20260508_145007_897.txt,52.32,22.52,32.0,46,100.0,97.5,0,PRE-CHARGE,0,3.737,3.728,3.714,3.737,3.726,3.731,3.723,3.734,3.732,3.731,3.726,3.734,3.732,3.734,54.3,0.0,120.0,40.5
2026-05-08 15:59:25.800000,5/8/2026,20260508_150507_897.txt,52.32,22.52,32.0,46,100.0,97.5,0,PRE-CHARGE,0,3.737,3.728,3.714,3.737,3.726,3.731,3.723,3.734,3.732,3.731,3.726,3.734,3.732,3.734,54.3,0.0,120.0,40.5
2026-05-08 14:59:28.000000,5/8/2026,20260508_145007_897.txt,52.92,21.42,32.0,46,100.0,97.5,0,PRE-CHARGE,0,3.779,3.779,3.78,3.782,3.78,3.779,3.78,3.779,3.78,3.779,3.78,3.779,3.753,3.755,54.3,0.0,120.0,40.5
2026-05-08 15:59:28.000000,5/8/2026,20260508_150507_897.txt,52.92,21.42,32.0,46,100.0,97.5,0,PRE-CHARGE,0,3.779,3.779,3.78,3.782,3.78,3.779,3.78,3.779,3.78,3.779,3.78,3.779,3.753,3.755,54.3,0.0,120.0,40.5
2026-05-08 14:59:30.100000,5/8/2026,20260508_145007_897.txt,52.54,9.14,32.0,46,100.0,97.5,0,PRE-CHARGE,0,3.773,3.77,3.768,3.773,3.771,3.77,3.768,3.77,3.771,3.77,3.771,3.77,3.771,3.77,54.3,0.0,120.0,40.5
2026-05-08 15:59:30.100000,5/8/2026,20260508_150507_897.txt,52.54,9.14,32.0,46,100.0,97.5,0,PRE-CHARGE,0,3.773,3.77,3.768,3.773,3.771,3.77,3.768,3.77,3.771,3.77,3.771,3.77,3.771,3.77,54.3,0.0,120.0,40.5
2026-05-08 15:59:32.200000,5/8/2026,20260508_150507_897.txt,52.7,7.98,32.0,46,100.0,97.5,0,PRE-CHARGE,0,3.767,3.764,3.762,3.767,3.762,3.764,3.762,3.764,3.765,3.764,3.762,3.764,3.765,3.764,54.3,0.0,120.0,40.5
2026-05-08 14:59:32.200000,5/8/2026,20260508_145007_897.txt,52.7,7.98,32.0,46,100.0,97.5,0,PRE-CHARGE,0,3.767,3.764,3.762,3.767,3.762,3.764,3.762,3.764,3.765,3.764,3.762,3.764,3.765,3.764,54.3,0.0,120.0,40.5
2026-05-08 15:59:34.300000,5/8/2026,20260508_150507_897.txt,52.49,12.9,32.0,46,100.0,97.5,0,PRE-CHARGE,0,3.737,3.731,3.717,3.74,3.729,3.734,3.729,3.737,3.738,3.737,3.735,3.74,3.741,3.743,54.3,0.0,120.0,40.5
2026-05-08 14:59:34.300000,5/8/2026,20260508_145007_897.txt,52.49,12.9,32.0,46,100.0,97.5,0,PRE-CHARGE,0,3.737,3.731,3.717,3.74,3.729,3.734,3.729,3.737,3.738,3.737,3.735,3.74,3.741,3.743,54.3,0.0,120.0,40.5
2026-05-08 15:59:36.500000,5/8/2026,20260508_150507_897.txt,53.06,-1.8,32.0,46,100.0,97.5,0,PRE-CHARGE,1,3.788,3.791,3.795,3.791,3.792,3.788,3.792,3.788,3.789,3.788,3.792,3.788,3.789,3.788,54.3,0.0,120.0,40.5
2026-05-08 14:59:36.500000,5/8/2026,20260508_145007_897.txt,53.06,-1.8,32.0,46,100.0,97.5,0,PRE-CHARGE,1,3.788,3.791,3.795,3.791,3.792,3.788,3.792,3.788,3.789,3.788,3.792,3.788,3.789,3.788,54.3,0.0,120.0,40.5
2026-05-08 14:59:38.600000,5/8/2026,20260508_145007_897.txt,52.96,-0.1,32.0,46,100.0,97.5,0,PRE-CHARGE,0,,,,,,,,,3.771,3.773,3.771,3.773,3.774,3.773,54.3,0.0,120.0,40.5
2026-05-08 15:59:38.600000,5/8/2026,20260508_150507_897.txt,52.96,-0.1,32.0,46,100.0,97.5,0,PRE-CHARGE,0,,,,,,,,,3.771,3.773,3.771,3.773,3.774,3.773,54.3,0.0,120.0,40.5
2026-05-08 15:59:40.700000,5/8/2026,20260508_150507_897.txt,52.65,8.62,32.0,46,100.0,97.5,0,PRE-CHARGE,0,3.764,3.761,3.756,3.764,3.759,3.761,3.759,3.761,3.759,3.761,3.759,3.761,,,54.3,0.0,120.0,40.5
2026-05-08 14:59:40.700000,5/8/2026,20260508_145007_897.txt,52.65,8.62,32.0,46,100.0,97.5,0,PRE-CHARGE,0,3.764,3.761,3.756,3.764,3.759,3.761,3.759,3.761,3.759,3.761,3.759,3.761,,,54.3,0.0,120.0,40.5
2026-05-08 14:59:42.800000,5/8/2026,20260508_145007_897.txt,52.54,15.34,32.0,46,100.0,97.5,0,PRE-CHARGE,0,3.758,3.753,3.743,3.758,3.75,3.753,3.75,3.753,3.782,3.782,3.782,3.782,3.782,3.782,54.3,0.0,120.0,40.5
2026-05-08 15:59:42.800000,5/8/2026,20260508_150507_897.txt,52.54,15.34,32.0,46,100.0,97.5,0,PRE-CHARGE,0,3.758,3.753,3.743,3.758,3.75,3.753,3.75,3.753,3.782,3.782,3.782,3.782,3.782,3.782,54.3,0.0,120.0,40.5
2026-05-08 15:59:44.900000,5/8/2026,20260508_150507_897.txt,52.96,11.16,32.0,46,100.0,97.5,0,PRE-CHARGE,0,3.782,3.782,3.782,3.782,3.782,3.779,3.78,3.779,3.78,3.779,3.78,3.779,3.782,3.782,54.3,0.0,120.0,40.5
2026-05-08 14:59:44.900000,5/8/2026,20260508_145007_897.txt,52.96,11.16,32.0,46,100.0,97.5,0,PRE-CHARGE,0,3.782,3.782,3.782,3.782,3.782,3.779,3.78,3.779,3.78,3.779,3.78,3.779,3.782,3.782,54.3,0.0,120.0,40.5
2026-05-08 15:59:47.100000,5/8/2026,20260508_150507_897.txt,52.8,5.3,32.0,46,100.0,97.5,0,PRE-CHARGE,0,3.773,3.77,3.768,3.773,3.771,3.77,3.771,3.77,,,,,3.759,3.758,,,,
2026-05-08 14:59:47.100000,5/8/2026,20260508_145007_897.txt,52.8,5.3,32.0,46,100.0,97.5,0,PRE-CHARGE,0,3.773,3.77,3.768,3.773,3.771,3.77,3.771,3.77,,,,,3.759,3.758,,,,
2026-05-08 15:59:51.300000,5/8/2026,20260508_150507_897.txt,52.97,0.9,32.0,45,100.0,97.5,0,PRE-CHARGE,0,3.782,3.782,3.78,3.782,3.78,3.779,3.78,3.779,3.782,3.782,3.782,3.782,3.782,3.782,54.3,0.0,120.0,40.5
2026-05-08 14:59:51.300000,5/8/2026,20260508_145007_897.txt,52.97,0.9,32.0,45,100.0,97.5,0,PRE-CHARGE,0,3.782,3.782,3.78,3.782,3.78,3.779,3.78,3.779,3.782,3.782,3.782,3.782,3.782,3.782,54.3,0.0,120.0,40.5
2026-05-08 15:59:53.400000,5/8/2026,20260508_150507_897.txt,52.89,1.36,32.0,45,100.0,97.5,0,PRE-CHARGE,0,,,,,3.762,3.764,3.762,3.764,,,,,3.765,3.764,54.3,0.0,120.0,40.5
2026-05-08 14:59:53.400000,5/8/2026,20260508_145007_897.txt,52.89,1.36,32.0,45,100.0,97.5,0,PRE-CHARGE,0,,,,,3.762,3.764,3.762,3.764,,,,,3.765,3.764,54.3,0.0,120.0,40.5
2026-05-08 14:59:57.600000,5/8/2026,20260508_145007_897.txt,52.82,2.16,32.0,45,100.0,97.5,0,PRE-CHARGE,0,3.773,3.773,3.771,3.776,3.75,3.753,3.75,3.755,3.753,3.755,3.75,3.755,3.756,3.755,54.3,0.0,120.0,40.5
2026-05-08 15:59:57.600000,5/8/2026,20260508_150507_897.txt,52.82,2.16,32.0,45,100.0,97.5,0,PRE-CHARGE,0,3.773,3.773,3.771,3.776,3.75,3.753,3.75,3.755,3.753,3.755,3.75,3.755,3.756,3.755,54.3,0.0,120.0,40.5
2026-05-08 14:59:59.800000,5/8/2026,20260508_145007_897.txt,52.49,19.56,32.0,45,100.0,97.5,0,PRE-CHARGE,0,3.776,3.776,3.774,3.776,3.774,3.773,3.774,3.773,3.782,3.782,3.786,3.782,3.786,3.786,54.3,0.0,120.0,40.5
2026-05-08 15:59:59.800000,5/8/2026,20260508_150507_897.txt,52.49,19.56,32.0,45,100.0,97.5,0,PRE-CHARGE,0,3.776,3.776,3.774,3.776,3.774,3.773,3.774,3.773,3.782,3.782,3.786,3.782,3.786,3.786,54.3,0.0,120.0,40.5
2026-05-08 14:00:04.000000,5/8/2026,20260508_145007_897.txt,52.98,1.12,32.0,45,100.0,97.5,0,PRE-CHARGE,0,3.786,3.786,3.786,3.786,3.786,3.782,3.786,3.782,3.782,3.782,3.786,3.782,3.786,3.786,54.3,0.0,120.0,40.5
2026-05-08 15:00:04.000000,5/8/2026,20260508_150507_897.txt,52.98,1.12,32.0,45,100.0,97.5,0,PRE-CHARGE,0,3.786,3.786,3.786,3.786,3.786,3.782,3.786,3.782,3.782,3.782,3.786,3.782,3.786,3.786,54.3,0.0,120.0,40.5
2026-05-08 14:00:06.100000,5/8/2026,20260508_145007_897.txt,52.99,0.52,31.0,45,100.0,97.5,0,PRE-CHARGE,0,3.786,3.786,3.786,3.786,,,,,3.786,3.786,3.786,3.786,3.786,3.786,54.3,0.0,120.0,40.5
2026-05-08 15:00:06.100000,5/8/2026,20260508_150507_897.txt,52.99,0.52,31.0,45,100.0,97.5,0,PRE-CHARGE,0,3.786,3.786,3.786,3.786,,,,,3.786,3.786,3.786,3.786,3.786,3.786,54.3,0.0,120.0,40.5
2026-05-08 14:00:14.600000,5/8/2026,20260508_145007_897.txt,52.76,13.64,31.0,45,100.0,97.5,0,PRE-CHARGE,0,3.767,3.764,3.759,3.77,3.753,3.755,3.753,3.755,3.768,3.77,3.771,3.773,3.774,3.773,54.3,0.0,120.0,40.5
2026-05-08 15:00:14.600000,5/8/2026,20260508_150507_897.txt,52.76,13.64,31.0,45,100.0,97.5,0,PRE-CHARGE,0,3.767,3.764,3.759,3.77,3.753,3.755,3.753,3.755,3.768,3.77,3.771,3.773,3.774,3.773,54.3,0.0,120.0,40.5
2026-05-08 15:00:16.900000,5/8/2026,20260508_150507_897.txt,52.69,6.6,,45,100.0,97.5,0,PRE-CHARGE,0,3.767,3.764,3.759,3.767,3.782,3.782,3.782,3.782,3.78,3.782,3.782,3.782,3.782,3.782,54.3,0.0,120.0,40.5
2026-05-08 14:00:16.900000,5/8/2026,20260508_145007_897.txt,52.69,6.6,,45,100.0,97.5,0,PRE-CHARGE,0,3.767,3.764,3.759,3.767,3.782,3.782,3.782,3.782,3.78,3.782,3.782,3.782,3.782,3.782,54.3,0.0,120.0,40.5
2026-05-08 15:00:18.900000,5/8/2026,20260508_150507_897.txt,52.98,8.96,31.0,45,100.0,97.5,0,PRE-CHARGE,0,,,,,,,,,3.782,3.782,3.786,3.786,,,,,,
2026-05-08 14:00:18.900000,5/8/2026,20260508_145007_897.txt,52.98,8.96,31.0,45,100.0,97.5,0,PRE-CHARGE,0,,,,,,,,,3.782,3.782,3.786,3.786,,,,,,
2026-05-08 14:00:21.000000,5/8/2026,20260508_145007_897.txt,52.88,2.28,31.0,45,100.0,97.5,0,PRE-CHARGE,0,,,,,3.776,3.776,3.776,3.776,,,,,3.786,3.786,54.3,0.0,120.0,40.5
2026-05-08 15:00:21.000000,5/8/2026,20260508_150507_897.txt,52.88,2.28,31.0,45,100.0,97.5,0,PRE-CHARGE,0,,,,,3.776,3.776,3.776,3.776,,,,,3.786,3.786,54.3,0.0,120.0,40.5
2026-05-08 15:00:23.100000,5/8/2026,20260508_150507_897.txt,53.0,1.54,31.0,45,100.0,97.5,0,PRE-CHARGE,0,3.786,3.786,3.786,3.788,3.786,3.786,3.786,3.786,3.786,3.786,3.786,3.786,3.786,3.786,54.3,0.0,120.0,40.5
2026-05-08 14:00:23.100000,5/8/2026,20260508_145007_897.txt,53.0,1.54,31.0,45,100.0,97.5,0,PRE-CHARGE,0,3.786,3.786,3.786,3.788,3.786,3.786,3.786,3.786,3.786,3.786,3.786,3.786,3.786,3.786,54.3,0.0,120.0,40.5
2026-05-08 15:00:25.200000,5/8/2026,20260508_150507_897.txt,53.0,0.52,31.0,45,100.0,97.5,0,PRE-CHARGE,0,3.786,3.786,3.786,3.788,3.786,3.786,3.786,3.786,3.786,3.786,3.786,3.786,3.786,3.786,54.3,0.0,120.0,40.5
2026-05-08 14:00:25.200000,5/8/2026,20260508_145007_897.txt,53.0,0.52,31.0,45,100.0,97.5,0,PRE-CHARGE,0,3.786,3.786,3.786,3.788,3.786,3.786,3.786,3.786,3.786,3.786,3.786,3.786,3.786,3.786,54.3,0.0,120.0,40.5
2026-05-08 15:00:27.300000,5/8/2026,20260508_150507_897.txt,53.0,0.52,31.0,45,100.0,97.5,0,PRE-CHARGE,0,3.786,3.788,3.789,3.788,3.786,3.786,3.786,3.786,3.786,3.786,3.786,3.786,3.789,3.786,,,,
2026-05-08 14:00:27.300000,5/8/2026,20260508_145007_897.txt,53.0,0.52,31.0,45,100.0,97.5,0,PRE-CHARGE,0,3.786,3.788,3.789,3.788,3.786,3.786,3.786,3.786,3.786,3.786,3.786,3.786,3.789,3.786,,,,
2026-05-08 15:00:29.600000,5/8/2026,20260508_150507_897.txt,53.01,0.52,,45,100.0,97.5,0,PRE-CHARGE,0,3.786,3.788,3.789,3.788,3.786,3.786,3.786,3.786,3.786,3.786,3.786,3.786,3.789,3.786,54.3,0.0,120.0,40.5
2026-05-08 14:00:29.600000,5/8/2026,20260508_145007_897.txt,53.01,0.52,,45,100.0,97.5,0,PRE-CHARGE,0,3.786,3.788,3.789,3.788,3.786,3.786,3.786,3.786,3.786,3.786,3.786,3.786,3.789,3.786,54.3,0.0,120.0,40.5
2026-05-08 14:00:31.500000,5/8/2026,20260508_145007_897.txt,53.01,0.52,31.0,45,100.0,97.5,0,PRE-CHARGE,0,3.788,3.788,3.789,3.788,,,,,3.786,3.786,3.789,3.786,3.789,3.786,54.3,0.0,120.0,40.5
2026-05-08 15:00:31.500000,5/8/2026,20260508_150507_897.txt,53.01,0.52,31.0,45,100.0,97.5,0,PRE-CHARGE,0,3.788,3.788,3.789,3.788,,,,,3.786,3.786,3.789,3.786,3.789,3.786,54.3,0.0,120.0,40.5
2026-05-08 15:00:33.700000,5/8/2026,20260508_150507_897.txt,53.02,0.52,31.0,45,100.0,97.5,0,PRE-CHARGE,0,3.788,3.788,3.789,3.788,,,,,3.786,3.786,3.789,3.786,3.789,3.786,54.3,0.0,120.0,40.5
2026-05-08 14:00:33.700000,5/8/2026,20260508_145007_897.txt,53.02,0.52,31.0,45,100.0,97.5,0,PRE-CHARGE,0,3.788,3.788,3.789,3.788,,,,,3.786,3.786,3.789,3.786,3.789,3.786,54.3,0.0,120.0,40.5
2026-05-08 15:00:35.800000,5/8/2026,20260508_150507_897.txt,53.02,0.52,31.0,45,100.0,97.5,0,PRE-CHARGE,0,3.788,3.788,3.789,3.788,3.789,3.786,3.789,3.786,,,,,3.789,3.788,54.3,0.0,120.0,40.5
2026-05-08 14:00:35.800000,5/8/2026,20260508_145007_897.txt,53.02,0.52,31.0,45,100.0,97.5,0,PRE-CHARGE,0,3.788,3.788,3.789,3.788,3.789,3.786,3.789,3.786,,,,,3.789,3.788,54.3,0.0,120.0,40.5
2026-05-08 15:00:37.900000,5/8/2026,20260508_150507_897.txt,53.03,0.52,31.0,45,100.0,97.5,0,PRE-CHARGE,0,3.788,3.788,3.789,3.788,3.789,3.786,3.789,3.786,3.786,3.786,3.789,3.786,3.789,3.788,,,,
2026-05-08 14:00:37.900000,5/8/2026,20260508_145007_897.txt,53.03,0.52,31.0,45,100.0,97.5,0,PRE-CHARGE,0,3.788,3.788,3.789,3.788,3.789,3.786,3.789,3.786,3.786,3.786,3.789,3.786,3.789,3.788,,,,
2026-05-08 15:00:42.100000,5/8/2026,20260508_150507_897.txt,53.03,0.52,31.0,45,100.0,97.5,0,PRE-CHARGE,0,3.788,3.788,3.789,3.788,3.789,3.786,3.789,3.788,3.786,3.788,3.789,3.788,3.789,3.788,54.3,0.0,120.0,40.5
2026-05-08 14:00:42.100000,5/8/2026,20260508_145007_897.txt,53.03,0.52,31.0,45,100.0,97.5,0,PRE-CHARGE,0,3.788,3.788,3.789,3.788,3.789,3.786,3.789,3.788,3.786,3.788,3.789,3.788,3.789,3.788,54.3,0.0,120.0,40.5
2026-05-08 15:00:46.400000,5/8/2026,20260508_150507_897.txt,53.03,0.52,31.0,45,100.0,97.5,0,PRE-CHARGE,0,3.788,3.788,3.789,3.788,3.789,3.786,3.789,3.788,,,,,3.789,3.788,54.3,0.0,120.0,40.5
2026-05-08 14:00:46.400000,5/8/2026,20260508_145007_897.txt,53.03,0.52,31.0,45,100.0,97.5,0,PRE-CHARGE,0,3.788,3.788,3.789,3.788,3.789,3.786,3.789,3.788,,,,,3.789,3.788,54.3,0.0,120.0,40.5
2026-05-08 15:00:50.600000,5/8/2026,20260508_150507_897.txt,53.04,0.52,31.0,46,100.0,97.5,0,PRE-CHARGE,0,3.788,3.788,3.789,3.788,3.789,3.788,3.789,3.788,3.789,3.788,3.789,3.788,3.789,3.788,54.3,0.0,120.0,40.5
2026-05-08 14:00:50.600000,5/8/2026,20260508_145007_897.txt,53.04,0.52,31.0,46,100.0,97.5,0,PRE-CHARGE,0,3.788,3.788,3.789,3.788,3.789,3.788,3.789,3.788,3.789,3.788,3.789,3.788,3.789,3.788,54.3,0.0,120.0,40.5
2026-05-08 14:00:54.900000,5/8/2026,20260508_145007_897.txt,53.04,0.52,31.0,46,100.0,97.5,0,PRE-CHARGE,0,3.788,3.788,3.789,3.788,3.789,3.788,3.789,3.788,3.789,3.788,3.789,3.788,3.789,3.788,54.3,0.0,120.0,40.5
2026-05-08 15:00:54.900000,5/8/2026,20260508_150507_897.txt,53.04,0.52,31.0,46,100.0,97.5,0,PRE-CHARGE,0,3.788,3.788,3.789,3.788,3.789,3.788,3.789,3.788,3.789,3.788,3.789,3.788,3.789,3.788,54.3,0.0,120.0,40.5
2026-05-08 14:00:59.200000,5/8/2026,20260508_145007_897.txt,53.04,0.52,,46,100.0,97.5,0,PRE-CHARGE,0,3.788,3.788,3.789,3.788,3.789,3.788,3.789,3.788,3.789,3.788,3.789,3.788,3.789,3.788,,,,
2026-05-08 15:00:59.200000,5/8/2026,20260508_150507_897.txt,53.04,0.52,,46,100.0,97.5,0,PRE-CHARGE,0,3.788,3.788,3.789,3.788,3.789,3.788,3.789,3.788,3.789,3.788,3.789,3.788,3.789,3.788,,,,
2026-05-08 14:01:05.400000,5/8/2026,20260508_145007_897.txt,53.04,0.52,31.0,46,100.0,97.5,0,PRE-CHARGE,0,3.788,3.788,3.789,3.791,3.789,3.788,3.789,3.788,3.789,3.788,3.789,3.788,3.789,3.788,,,,
2026-05-08 15:01:05.400000,5/8/2026,20260508_150507_897.txt,53.04,0.52,31.0,46,100.0,97.5,0,PRE-CHARGE,0,3.788,3.788,3.789,3.791,3.789,3.788,3.789,3.788,3.789,3.788,3.789,3.788,3.789,3.788,,,,
2026-05-08 14:01:09.700000,5/8/2026,20260508_145007_897.txt,53.04,0.52,31.0,46,100.0,97.5,0,PRE-CHARGE,0,3.788,3.788,3.792,3.791,3.789,3.788,3.789,3.788,3.789,3.788,3.789,3.788,3.789,3.788,54.3,0.0,120.0,40.5
2026-05-08 15:01:09.700000,5/8/2026,20260508_150507_897.txt,53.04,0.52,31.0,46,100.0,97.5,0,PRE-CHARGE,0,3.788,3.788,3.792,3.791,3.789,3.788,3.789,3.788,3.789,3.788,3.789,3.788,3.789,3.788,54.3,0.0,120.0,40.5
2026-05-08 14:01:20.500000,5/8/2026,20260508_145007_897.txt,53.05,0.52,31.0,46,100.0,97.5,0,PRE-CHARGE,0,3.788,3.788,3.792,3.791,3.789,3.788,3.789,3.788,3.789,3.788,3.789,3.788,3.789,3.788,54.3,0.0,120.0,40.5
2026-05-08 15:01:20.500000,5/8/2026,20260508_150507_897.txt,53.05,0.52,31.0,46,100.0,97.5,0,PRE-CHARGE,0,3.788,3.788,3.792,3.791,3.789,3.788,3.789,3.788,3.789,3.788,3.789,3.788,3.789,3.788,54.3,0.0,120.0,40.5
2026-05-08 15:01:24.500000,5/8/2026,20260508_150507_897.txt,53.05,0.52,31.0,46,100.0,97.5,0,PRE-CHARGE,0,3.788,3.791,3.792,3.791,3.792,3.788,3.789,3.788,3.789,3.788,3.789,3.788,3.792,3.788,54.3,0.0,120.0,40.5
2026-05-08 14:01:24.500000,5/8/2026,20260508_145007_897.txt,53.05,0.52,31.0,46,100.0,97.5,0,PRE-CHARGE,0,3.788,3.791,3.792,3.791,3.792,3.788,3.789,3.788,3.789,3.788,3.789,3.788,3.792,3.788,54.3,0.0,120.0,40.5
2026-05-08 15:01:26.700000,5/8/2026,20260508_150507_897.txt,53.06,0.52,31.0,46,100.0,97.5,0,PRE-CHARGE,0,3.788,3.791,3.792,3.791,,,,,,,,,3.792,3.788,54.3,0.0,120.0,40.5
2026-05-08 14:01:26.700000,5/8/2026,20260508_145007_897.txt,53.06,0.52,31.0,46,100.0,97.5,0,PRE-CHARGE,0,3.788,3.791,3.792,3.791,,,,,,,,,3.792,3.788,54.3,0.0,120.0,40.5
2026-05-08 14:01:28.700000,5/8/2026,20260508_145007_897.txt,53.06,0.52,31.0,46,100.0,97.5,0,PRE-CHARGE,0,3.788,3.791,3.792,3.791,3.792,3.788,3.789,3.788,3.789,3.788,3.789,3.788,3.792,3.788,54.3,0.0,120.0,40.5
2026-05-08 15:01:28.700000,5/8/2026,20260508_150507_897.txt,53.06,0.52,31.0,46,100.0,97.5,0,PRE-CHARGE,0,3.788,3.791,3.792,3.791,3.792,3.788,3.789,3.788,3.789,3.788,3.789,3.788,3.792,3.788,54.3,0.0,120.0,40.5
2026-05-08 15:01:30.900000,5/8/2026,20260508_150507_897.txt,53.06,0.52,31.0,46,100.0,97.5,0,PRE-CHARGE,0,3.788,3.791,3.792,3.791,3.792,3.788,3.789,3.788,3.789,3.788,3.792,3.788,3.792,3.788,54.3,0.0,120.0,40.5
2026-05-08 14:01:30.900000,5/8/2026,20260508_145007_897.txt,53.06,0.52,31.0,46,100.0,97.5,0,PRE-CHARGE,0,3.788,3.791,3.792,3.791,3.792,3.788,3.789,3.788,3.789,3.788,3.792,3.788,3.792,3.788,54.3,0.0,120.0,40.5
2026-05-08 15:01:33.000000,5/8/2026,20260508_150507_897.txt,53.06,0.52,31.0,46,100.0,97.5,0,PRE-CHARGE,0,3.788,3.791,3.792,3.791,3.792,3.788,3.789,3.788,,,,,3.792,3.788,54.3,0.0,120.0,40.5
2026-05-08 14:01:33.000000,5/8/2026,20260508_145007_897.txt,53.06,0.52,31.0,46,100.0,97.5,0,PRE-CHARGE,0,3.788,3.791,3.792,3.791,3.792,3.788,3.789,3.788,,,,,3.792,3.788,54.3,0.0,120.0,40.5
2026-05-08 14:01:37.200000,5/8/2026,20260508_145007_897.txt,53.06,0.52,31.0,46,100.0,97.5,0,PRE-CHARGE,0,3.788,3.791,3.792,3.791,3.792,3.788,3.789,3.788,3.789,3.788,3.792,3.788,3.792,3.788,54.3,0.0,120.0,40.5
2026-05-08 15:01:37.200000,5/8/2026,20260508_150507_897.txt,53.06,0.52,31.0,46,100.0,97.5,0,PRE-CHARGE,0,3.788,3.791,3.792,3.791,3.792,3.788,3.789,3.788,3.789,3.788,3.792,3.788,3.792,3.788,54.3,0.0,120.0,40.5
2026-05-08 14:01:39.300000,5/8/2026,20260508_145007_897.txt,53.06,0.52,31.0,46,100.0,97.5,0,PRE-CHARGE,0,3.788,3.791,3.792,3.791,,,,,3.789,3.788,3.792,3.788,,,54.3,0.0,120.0,40.5
2026-05-08 15:01:39.300000,5/8/2026,20260508_150507_897.txt,53.06,0.52,31.0,46,100.0,97.5,0,PRE-CHARGE,0,3.788,3.791,3.792,3.791,,,,,3.789,3.788,3.792,3.788,,,54.3,0.0,120.0,40.5
2026-05-08 15:01:43.700000,5/8/2026,20260508_150507_897.txt,53.06,0.52,,46,100.0,97.5,0,PRE-CHARGE,0,,,,,3.792,3.788,3.792,3.788,3.789,3.788,3.792,3.788,3.792,3.791,54.3,0.0,120.0,40.5
2026-05-08 14:01:43.700000,5/8/2026,20260508_145007_897.txt,53.06,0.52,,46,100.0,97.5,0,PRE-CHARGE,0,,,,,3.792,3.788,3.792,3.788,3.789,3.788,3.792,3.788,3.792,3.791,54.3,0.0,120.0,40.5
2026-05-08 15:01:45.700000,5/8/2026,20260508_150507_897.txt,53.06,0.52,31.0,46,100.0,97.5,0,PRE-CHARGE,0,3.788,3.791,3.792,3.791,,,,,3.789,3.788,3.792,3.788,3.792,3.791,54.3,0.0,120.0,40.5
2026-05-08 14:01:45.700000,5/8/2026,20260508_145007_897.txt,53.06,0.52,31.0,46,100.0,97.5,0,PRE-CHARGE,0,3.788,3.791,3.792,3.791,,,,,3.789,3.788,3.792,3.788,3.792,3.791,54.3,0.0,120.0,40.5
2026-05-08 14:01:48.000000,5/8/2026,20260508_145007_897.txt,53.06,0.52,,46,100.0,97.5,0,PRE-CHARGE,0,3.791,3.791,3.792,3.791,3.792,3.788,3.792,3.788,3.789,3.788,3.792,3.788,3.792,3.791,54.3,0.0,120.0,40.5
2026-05-08 15:01:48.000000,5/8/2026,20260508_150507_897.txt,53.06,0.52,,46,100.0,97.5,0,PRE-CHARGE,0,3.791,3.791,3.792,3.791,3.792,3.788,3.792,3.788,3.789,3.788,3.792,3.788,3.792,3.791,54.3,0.0,120.0,40.5
2026-05-08 15:01:50.000000,5/8/2026,20260508_150507_897.txt,53.06,0.52,31.0,46,100.0,97.5,0,PRE-CHARGE,0,,,,,3.792,3.788,3.789,3.788,3.789,3.788,3.792,3.788,3.792,3.791,54.3,0.0,120.0,40.5
2026-05-08 14:01:50.000000,5/8/2026,20260508_145007_897.txt,53.06,0.52,31.0,46,100.0,97.5,0,PRE-CHARGE,0,,,,,3.792,3.788,3.789,3.788,3.789,3.788,3.792,3.788,3.792,3.791,54.3,0.0,120.0,40.5
2026-05-08 15:01:54.400000,5/8/2026,20260508_150507_897.txt,53.07,0.52,31.0,46,100.0,97.5,0,PRE-CHARGE,0,3.791,3.791,3.792,3.791,3.792,3.788,3.792,3.788,3.789,3.788,3.792,3.788,3.792,3.791,54.3,0.0,120.0,40.5
2026-05-08 14:01:54.400000,5/8/2026,20260508_145007_897.txt,53.07,0.52,31.0,46,100.0,97.5,0,PRE-CHARGE,0,3.791,3.791,3.792,3.791,3.792,3.788,3.792,3.788,3.789,3.788,3.792,3.788,3.792,3.791,54.3,0.0,120.0,40.5
2026-05-08 15:01:56.300000,5/8/2026,20260508_150507_897.txt,53.07,0.52,31.0,46,100.0,97.5,0,PRE-CHARGE,0,3.791,3.791,3.792,3.791,3.792,3.788,3.792,3.788,,,,,3.792,3.791,54.3,0.0,120.0,40.5
2026-05-08 14:01:56.300000,5/8/2026,20260508_145007_897.txt,53.07,0.52,31.0,46,100.0,97.5,0,PRE-CHARGE,0,3.791,3.791,3.792,3.791,3.792,3.788,3.792,3.788,,,,,3.792,3.791,54.3,0.0,120.0,40.5
2026-05-08 15:02:00.500000,5/8/2026,20260508_150507_897.txt,53.07,0.52,31.0,47,100.0,97.5,0,PRE-CHARGE,0,3.791,3.791,3.792,3.791,3.792,3.788,3.792,3.788,3.789,3.788,3.792,3.788,3.792,3.791,54.3,0.0,120.0,40.5
2026-05-08 14:02:00.500000,5/8/2026,20260508_145007_897.txt,53.07,0.52,31.0,47,100.0,97.5,0,PRE-CHARGE,0,3.791,3.791,3.792,3.791,3.792,3.788,3.792,3.788,3.789,3.788,3.792,3.788,3.792,3.791,54.3,0.0,120.0,40.5
2026-05-08 15:02:02.600000,5/8/2026,20260508_150507_897.txt,53.07,0.52,31.0,47,100.0,97.5,0,PRE-CHARGE,0,3.791,3.791,3.792,3.791,3.792,3.788,3.792,3.788,3.789,3.788,3.792,3.788,3.792,3.791,54.3,0.0,120.0,40.5
2026-05-08 14:02:02.600000,5/8/2026,20260508_145007_897.txt,53.07,0.52,31.0,47,100.0,97.5,0,PRE-CHARGE,0,3.791,3.791,3.792,3.791,3.792,3.788,3.792,3.788,3.789,3.788,3.792,3.788,3.792,3.791,54.3,0.0,120.0,40.5
2026-05-08 15:02:04.800000,5/8/2026,20260508_150507_897.txt,53.07,0.52,31.0,47,100.0,97.5,0,PRE-CHARGE,0,,,,,3.792,3.788,3.792,3.788,3.789,3.788,3.792,3.788,3.792,3.791,54.3,0.0,120.0,40.5
2026-05-08 14:02:04.800000,5/8/2026,20260508_145007_897.txt,53.07,0.52,31.0,47,100.0,97.5,0,PRE-CHARGE,0,,,,,3.792,3.788,3.792,3.788,3.789,3.788,3.792,3.788,3.792,3.791,54.3,0.0,120.0,40.5
2026-05-08 15:02:09.300000,5/8/2026,20260508_150507_897.txt,53.07,0.52,31.0,47,100.0,97.5,0,PRE-CHARGE,0,3.791,3.791,3.792,3.791,3.792,3.788,3.792,3.788,3.789,3.788,3.792,3.791,3.792,3.791,54.3,0.0,120.0,40.5
2026-05-08 14:02:09.300000,5/8/2026,20260508_145007_897.txt,53.07,0.52,31.0,47,100.0,97.5,0,PRE-CHARGE,0,3.791,3.791,3.792,3.791,3.792,3.788,3.792,3.788,3.789,3.788,3.792,3.791,3.792,3.791,54.3,0.0,120.0,40.5
2026-05-08 15:02:11.100000,5/8/2026,20260508_150507_897.txt,53.07,0.52,31.0,47,100.0,97.5,0,PRE-CHARGE,0,3.791,3.791,3.792,3.791,3.792,3.788,3.792,3.788,3.789,3.791,3.792,3.791,3.792,3.791,54.3,0.0,120.0,40.5
2026-05-08 14:02:11.100000,5/8/2026,20260508_145007_897.txt,53.07,0.52,31.0,47,100.0,97.5,0,PRE-CHARGE,0,3.791,3.791,3.792,3.791,3.792,3.788,3.792,3.788,3.789,3.791,3.792,3.791,3.792,3.791,54.3,0.0,120.0,40.5
2026-05-08 14:02:13.300000,5/8/2026,20260508_145007_897.txt,53.08,0.52,31.0,47,100.0,97.5,0,PRE-CHARGE,0,3.791,3.791,3.792,3.791,3.792,3.788,3.792,3.791,3.789,3.791,3.792,3.791,3.792,3.791,54.3,0.0,120.0,40.5
2026-05-08 15:02:13.300000,5/8/2026,20260508_150507_897.txt,53.08,0.52,31.0,47,100.0,97.5,0,PRE-CHARGE,0,3.791,3.791,3.792,3.791,3.792,3.788,3.792,3.791,3.789,3.791,3.792,3.791,3.792,3.791,54.3,0.0,120.0,40.5
2026-05-08 14:02:19.800000,5/8/2026,20260508_145007_897.txt,53.08,0.52,,47,100.0,97.5,0,PRE-CHARGE,0,3.791,3.791,3.792,3.791,3.792,3.788,3.792,3.791,3.789,3.791,3.792,3.791,3.792,3.791,54.3,0.0,120.0,40.5
2026-05-08 15:02:19.800000,5/8/2026,20260508_150507_897.txt,53.08,0.52,,47,100.0,97.5,0,PRE-CHARGE,0,3.791,3.791,3.792,3.791,3.792,3.788,3.792,3.791,3.789,3.791,3.792,3.791,3.792,3.791,54.3,0.0,120.0,40.5
2026-05-08 15:02:21.700000,5/8/2026,20260508_150507_897.txt,53.08,0.52,31.0,47,100.0,97.5,0,PRE-CHARGE,0,3.791,3.791,3.792,3.791,3.792,3.788,3.792,3.791,3.789,3.791,3.792,3.791,3.792,3.791,,,,
2026-05-08 14:02:21.700000,5/8/2026,20260508_145007_897.txt,53.08,0.52,31.0,47,100.0,97.5,0,PRE-CHARGE,0,3.791,3.791,3.792,3.791,3.792,3.788,3.792,3.791,3.789,3.791,3.792,3.791,3.792,3.791,,,,
2026-05-08 15:02:25.900000,5/8/2026,20260508_150507_897.txt,53.08,0.52,31.0,47,100.0,97.5,0,PRE-CHARGE,0,3.791,3.791,3.792,3.791,3.792,3.788,3.792,3.791,3.789,3.791,3.792,3.791,3.792,3.791,54.3,0.0,120.0,40.5
2026-05-08 14:02:25.900000,5/8/2026,20260508_145007_897.txt,53.08,0.52,31.0,47,100.0,97.5,0,PRE-CHARGE,0,3.791,3.791,3.792,3.791,3.792,3.788,3.792,3.791,3.789,3.791,3.792,3.791,3.792,3.791,54.3,0.0,120.0,40.5
2026-05-08 15:02:30.300000,5/8/2026,20260508_150507_897.txt,53.08,0.52,31.0,47,100.0,97.5,0,PRE-CHARGE,0,3.791,3.791,3.792,3.791,3.792,3.791,3.792,3.791,3.789,3.791,3.792,3.791,3.792,3.791,54.3,0.0,120.0,40.5
2026-05-08 14:02:30.300000,5/8/2026,20260508_145007_897.txt,53.08,0.52,31.0,47,100.0,97.5,0,PRE-CHARGE,0,3.791,3.791,3.792,3.791,3.792,3.791,3.792,3.791,3.789,3.791,3.792,3.791,3.792,3.791,54.3,0.0,120.0,40.5
2026-05-08 14:02:36.700000,5/8/2026,20260508_145007_897.txt,53.08,0.52,31.0,47,100.0,97.5,0,PRE-CHARGE,0,3.791,3.791,3.792,3.791,3.792,3.788,3.792,3.791,3.792,3.791,3.792,3.791,3.792,3.791,54.3,0.0,120.0,40.5
2026-05-08 15:02:36.700000,5/8/2026,20260508_150507_897.txt,53.08,0.52,31.0,47,100.0,97.5,0,PRE-CHARGE,0,3.791,3.791,3.792,3.791,3.792,3.788,3.792,3.791,3.792,3.791,3.792,3.791,3.792,3.791,54.3,0.0,120.0,40.5
2026-05-08 15:02:39.000000,5/8/2026,20260508_150507_897.txt,53.08,0.52,,47,100.0,97.5,0,PRE-CHARGE,0,3.791,3.791,3.792,3.791,3.792,3.791,3.792,3.791,3.792,3.791,3.792,3.791,3.792,3.791,54.3,0.0,120.0,40.5
2026-05-08 14:02:39.000000,5/8/2026,20260508_145007_897.txt,53.08,0.52,,47,100.0,97.5,0,PRE-CHARGE,0,3.791,3.791,3.792,3.791,3.792,3.791,3.792,3.791,3.792,3.791,3.792,3.791,3.792,3.791,54.3,0.0,120.0,40.5
2026-05-08 14:02:40.800000,5/8/2026,20260508_145007_897.txt,53.08,0.52,31.0,47,100.0,97.5,0,PRE-CHARGE,0,,,,,3.792,3.791,3.792,3.791,3.792,3.791,3.792,3.791,3.792,3.791,54.3,0.0,120.0,40.5
2026-05-08 15:02:40.800000,5/8/2026,20260508_150507_897.txt,53.08,0.52,31.0,47,100.0,97.5,0,PRE-CHARGE,0,,,,,3.792,3.791,3.792,3.791,3.792,3.791,3.792,3.791,3.792,3.791,54.3,0.0,120.0,40.5
2026-05-08 15:02:45.000000,5/8/2026,20260508_150507_897.txt,53.08,0.52,31.0,47,100.0,97.5,0,PRE-CHARGE,0,3.791,3.791,3.792,3.791,3.792,3.791,3.792,3.791,3.792,3.791,3.792,3.791,3.792,3.791,54.3,0.0,120.0,40.5
2026-05-08 14:02:45.000000,5/8/2026,20260508_145007_897.txt,53.08,0.52,31.0,47,100.0,97.5,0,PRE-CHARGE,0,3.791,3.791,3.792,3.791,3.792,3.791,3.792,3.791,3.792,3.791,3.792,3.791,3.792,3.791,54.3,0.0,120.0,40.5
2026-05-08 15:02:47.200000,5/8/2026,20260508_150507_897.txt,53.08,0.52,31.0,47,100.0,97.5,0,PRE-CHARGE,0,3.791,3.791,3.792,3.791,3.792,3.791,3.792,3.791,,,,,3.792,3.791,54.3,0.0,120.0,40.5
2026-05-08 14:02:47.200000,5/8/2026,20260508_145007_897.txt,53.08,0.52,31.0,47,100.0,97.5,0,PRE-CHARGE,0,3.791,3.791,3.792,3.791,3.792,3.791,3.792,3.791,,,,,3.792,3.791,54.3,0.0,120.0,40.5
2026-05-08 15:02:49.200000,5/8/2026,20260508_150507_897.txt,53.08,0.52,31.0,47,100.0,97.5,0,PRE-CHARGE,0,3.791,3.791,3.792,3.791,3.792,3.791,3.792,3.791,3.792,3.791,3.792,3.791,3.792,3.791,54.3,0.0,120.0,40.5
2026-05-08 14:02:49.200000,5/8/2026,20260508_145007_897.txt,53.08,0.52,31.0,47,100.0,97.5,0,PRE-CHARGE,0,3.791,3.791,3.792,3.791,3.792,3.791,3.792,3.791,3.792,3.791,3.792,3.791,3.792,3.791,54.3,0.0,120.0,40.5
2026-05-08 15:02:51.600000,5/8/2026,20260508_150507_897.txt,53.08,0.52,,47,100.0,97.5,0,PRE-CHARGE,0,3.791,3.791,3.792,3.791,3.792,3.791,3.792,3.791,3.792,3.791,3.792,3.791,3.792,3.791,54.3,0.0,120.0,40.5
2026-05-08 14:02:51.600000,5/8/2026,20260508_145007_897.txt,53.08,0.52,,47,100.0,97.5,0,PRE-CHARGE,0,3.791,3.791,3.792,3.791,3.792,3.791,3.792,3.791,3.792,3.791,3.792,3.791,3.792,3.791,54.3,0.0,120.0,40.5
2026-05-08 14:02:53.500000,5/8/2026,20260508_145007_897.txt,53.08,0.52,31.0,47,100.0,97.5,0,PRE-CHARGE,0,3.791,3.791,3.792,3.791,,,,,3.792,3.791,3.792,3.791,3.792,3.791,54.3,0.0,120.0,40.5
2026-05-08 15:02:53.500000,5/8/2026,20260508_150507_897.txt,53.08,0.52,31.0,47,100.0,97.5,0,PRE-CHARGE,0,3.791,3.791,3.792,3.791,,,,,3.792,3.791,3.792,3.791,3.792,3.791,54.3,0.0,120.0,40.5
2026-05-08 14:02:55.600000,5/8/2026,20260508_145007_897.txt,53.08,0.52,31.0,47,100.0,97.5,0,PRE-CHARGE,0,,,,,3.792,3.791,3.792,3.791,3.792,3.791,3.792,3.791,,,54.3,0.0,120.0,40.5
2026-05-08 15:02:55.600000,5/8/2026,20260508_150507_897.txt,53.08,0.52,31.0,47,100.0,97.5,0,PRE-CHARGE,0,,,,,3.792,3.791,3.792,3.791,3.792,3.791,3.792,3.791,,,54.3,0.0,120.0,40.5
2026-05-08 15:03:02.000000,5/8/2026,20260508_150507_897.txt,53.08,0.52,31.0,47,100.0,97.5,0,PRE-CHARGE,0,3.791,3.791,3.792,3.791,3.792,3.791,3.792,3.791,3.792,3.791,3.792,3.791,3.792,3.791,54.3,0.0,120.0,40.5
2026-05-08 14:03:02.000000,5/8/2026,20260508_145007_897.txt,53.08,0.52,31.0,47,100.0,97.5,0,PRE-CHARGE,0,3.791,3.791,3.792,3.791,3.792,3.791,3.792,3.791,3.792,3.791,3.792,3.791,3.792,3.791,54.3,0.0,120.0,40.5
2026-05-08 15:03:04.100000,5/8/2026,20260508_150507_897.txt,53.08,0.52,31.0,47,100.0,97.5,0,PRE-CHARGE,0,3.791,3.791,3.792,3.791,3.792,3.791,3.792,3.791,3.792,3.791,3.792,3.791,,,54.3,0.0,120.0,40.5
2026-05-08 14:03:04.100000,5/8/2026,20260508_145007_897.txt,53.08,0.52,31.0,47,100.0,97.5,0,PRE-CHARGE,0,3.791,3.791,3.792,3.791,3.792,3.791,3.792,3.791,3.792,3.791,3.792,3.791,,,54.3,0.0,120.0,40.5
2026-05-08 15:03:06.200000,5/8/2026,20260508_150507_897.txt,53.09,0.52,31.0,47,100.0,97.5,0,PRE-CHARGE,0,3.791,3.791,3.792,3.794,3.792,3.791,3.792,3.791,3.792,3.791,3.792,3.791,3.792,3.791,54.3,0.0,120.0,40.5
2026-05-08 14:03:06.200000,5/8/2026,20260508_145007_897.txt,53.09,0.52,31.0,47,100.0,97.5,0,PRE-CHARGE,0,3.791,3.791,3.792,3.794,3.792,3.791,3.792,3.791,3.792,3.791,3.792,3.791,3.792,3.791,54.3,0.0,120.0,40.5
2026-05-08 15:03:08.300000,5/8/2026,20260508_150507_897.txt,53.09,0.52,31.0,47,100.0,97.5,0,PRE-CHARGE,0,3.791,3.791,3.792,3.794,3.792,3.791,3.792,3.791,3.792,3.791,3.792,3.791,3.792,3.791,54.3,0.0,120.0,40.5
2026-05-08 14:03:08.300000,5/8/2026,20260508_145007_897.txt,53.09,0.52,31.0,47,100.0,97.5,0,PRE-CHARGE,0,3.791,3.791,3.792,3.794,3.792,3.791,3.792,3.791,3.792,3.791,3.792,3.791,3.792,3.791,54.3,0.0,120.0,40.5
2026-05-08 14:03:10.500000,5/8/2026,20260508_145007_897.txt,53.08,0.52,31.0,47,100.0,97.5,0,PRE-CHARGE,0,3.791,3.791,3.792,3.791,3.792,3.791,3.792,3.791,3.792,3.791,3.792,3.791,3.792,3.791,54.3,0.0,120.0,40.5
2026-05-08 15:03:10.500000,5/8/2026,20260508_150507_897.txt,53.08,0.52,31.0,47,100.0,97.5,0,PRE-CHARGE,0,3.791,3.791,3.792,3.791,3.792,3.791,3.792,3.791,3.792,3.791,3.792,3.791,3.792,3.791,54.3,0.0,120.0,40.5
2026-05-08 15:03:14.700000,5/8/2026,20260508_150507_897.txt,53.09,0.52,31.0,47,100.0,97.5,0,PRE-CHARGE,0,3.791,3.791,3.792,3.791,3.792,3.791,3.792,3.791,3.792,3.791,3.792,3.791,3.792,3.791,54.3,0.0,120.0,40.5
2026-05-08 14:03:14.700000,5/8/2026,20260508_145007_897.txt,53.09,0.52,31.0,47,100.0,97.5,0,PRE-CHARGE,0,3.791,3.791,3.792,3.791,3.792,3.791,3.792,3.791,3.792,3.791,3.792,3.791,3.792,3.791,54.3,0.0,120.0,40.5
2026-05-08 14:03:23.100000,5/8/2026,20260508_145007_897.txt,53.09,0.52,31.0,46,100.0,97.5,0,PRE-CHARGE,0,3.791,3.791,3.792,3.794,3.792,3.791,3.792,3.791,3.792,3.791,3.792,3.791,3.792,3.791,54.3,0.0,120.0,40.5
2026-05-08 15:03:23.100000,5/8/2026,20260508_150507_897.txt,53.09,0.52,31.0,46,100.0,97.5,0,PRE-CHARGE,0,3.791,3.791,3.792,3.794,3.792,3.791,3.792,3.791,3.792,3.791,3.792,3.791,3.792,3.791,54.3,0.0,120.0,40.5
2026-05-08 15:03:31.600000,5/8/2026,20260508_150507_897.txt,53.08,0.52,31.0,46,100.0,97.5,0,PRE-CHARGE,0,3.791,3.791,3.792,3.794,3.792,3.791,3.792,3.791,3.792,3.791,3.792,3.791,3.792,3.791,54.3,0.0,120.0,40.5
2026-05-08 14:03:31.600000,5/8/2026,20260508_145007_897.txt,53.08,0.52,31.0,46,100.0,97.5,0,PRE-CHARGE,0,3.791,3.791,3.792,3.794,3.792,3.791,3.792,3.791,3.792,3.791,3.792,3.791,3.792,3.791,54.3,0.0,120.0,40.5
2026-05-08 15:03:35.900000,5/8/2026,20260508_150507_897.txt,53.09,0.52,31.0,46,100.0,97.5,0,PRE-CHARGE,0,,,,,3.792,3.791,3.792,3.791,3.792,3.791,3.792,3.791,3.792,3.791,54.3,0.0,120.0,40.5
2026-05-08 14:03:35.900000,5/8/2026,20260508_145007_897.txt,53.09,0.52,31.0,46,100.0,97.5,0,PRE-CHARGE,0,,,,,3.792,3.791,3.792,3.791,3.792,3.791,3.792,3.791,3.792,3.791,54.3,0.0,120.0,40.5
2026-05-08 15:03:38.000000,5/8/2026,20260508_150507_897.txt,53.08,0.52,31.0,46,100.0,97.5,0,PRE-CHARGE,0,3.791,3.791,3.792,3.794,3.792,3.791,3.792,3.791,3.792,3.791,3.792,3.791,3.792,3.791,54.3,0.0,120.0,40.5
2026-05-08 14:03:38.000000,5/8/2026,20260508_145007_897.txt,53.08,0.52,31.0,46,100.0,97.5,0,PRE-CHARGE,0,3.791,3.791,3.792,3.794,3.792,3.791,3.792,3.791,3.792,3.791,3.792,3.791,3.792,3.791,54.3,0.0,120.0,40.5
2026-05-08 15:03:40.100000,5/8/2026,20260508_150507_897.txt,53.09,0.52,31.0,46,100.0,97.5,0,PRE-CHARGE,0,3.791,3.791,3.792,3.794,,,,,,,,,3.792,3.791,,,,
2026-05-08 14:03:40.100000,5/8/2026,20260508_145007_897.txt,53.09,0.52,31.0,46,100.0,97.5,0,PRE-CHARGE,0,3.791,3.791,3.792,3.794,,,,,,,,,3.792,3.791,,,,
2026-05-08 15:03:42.400000,5/8/2026,20260508_150507_897.txt,53.09,0.52,,46,100.0,97.5,0,PRE-CHARGE,0,3.791,3.791,3.792,3.794,,,,,3.792,3.791,3.792,3.791,3.792,3.791,54.3,0.0,120.0,40.5
2026-05-08 14:03:42.400000,5/8/2026,20260508_145007_897.txt,53.09,0.52,,46,100.0,97.5,0,PRE-CHARGE,0,3.791,3.791,3.792,3.794,,,,,3.792,3.791,3.792,3.791,3.792,3.791,54.3,0.0,120.0,40.5
2026-05-08 14:03:44.500000,5/8/2026,20260508_145007_897.txt,53.09,0.52,,46,100.0,97.5,0,PRE-CHARGE,0,,,,,3.792,3.791,3.792,3.791,3.792,3.791,3.792,3.791,3.792,3.791,54.3,0.0,120.0,40.5
2026-05-08 15:03:44.500000,5/8/2026,20260508_150507_897.txt,53.09,0.52,,46,100.0,97.5,0,PRE-CHARGE,0,,,,,3.792,3.791,3.792,3.791,3.792,3.791,3.792,3.791,3.792,3.791,54.3,0.0,120.0,40.5
2026-05-08 15:03:46.400000,5/8/2026,20260508_150507_897.txt,53.09,0.52,31.0,46,100.0,97.5,0,PRE-CHARGE,0,3.791,3.791,3.792,3.794,,,,,3.792,3.791,3.792,3.791,3.792,3.791,54.3,0.0,120.0,40.5
2026-05-08 14:03:46.400000,5/8/2026,20260508_145007_897.txt,53.09,0.52,31.0,46,100.0,97.5,0,PRE-CHARGE,0,3.791,3.791,3.792,3.794,,,,,3.792,3.791,3.792,3.791,3.792,3.791,54.3,0.0,120.0,40.5
2026-05-08 15:03:48.600000,5/8/2026,20260508_150507_897.txt,53.09,0.52,31.0,46,100.0,97.5,0,PRE-CHARGE,0,3.791,3.791,3.792,3.794,3.792,3.791,3.792,3.791,3.792,3.791,3.792,3.791,3.792,3.791,54.3,0.0,120.0,40.5
2026-05-08 14:03:48.600000,5/8/2026,20260508_145007_897.txt,53.09,0.52,31.0,46,100.0,97.5,0,PRE-CHARGE,0,3.791,3.791,3.792,3.794,3.792,3.791,3.792,3.791,3.792,3.791,3.792,3.791,3.792,3.791,54.3,0.0,120.0,40.5
2026-05-08 15:03:50.700000,5/8/2026,20260508_150507_897.txt,53.09,0.52,31.0,46,100.0,97.5,0,PRE-CHARGE,0,3.791,3.791,3.792,3.794,3.792,3.791,3.792,3.791,3.792,3.791,3.792,3.791,3.792,3.791,54.3,0.0,120.0,40.5
2026-05-08 14:03:50.700000,5/8/2026,20260508_145007_897.txt,53.09,0.52,31.0,46,100.0,97.5,0,PRE-CHARGE,0,3.791,3.791,3.792,3.794,3.792,3.791,3.792,3.791,3.792,3.791,3.792,3.791,3.792,3.791,54.3,0.0,120.0,40.5
2026-05-08 15:03:52.800000,5/8/2026,20260508_150507_897.txt,53.09,0.52,31.0,46,100.0,97.5,0,PRE-CHARGE,0,3.791,3.791,3.792,3.794,3.792,3.791,3.792,3.791,3.792,3.791,3.792,3.791,3.792,3.791,,,,
2026-05-08 14:03:52.800000,5/8/2026,20260508_145007_897.txt,53.09,0.52,31.0,46,100.0,97.5,0,PRE-CHARGE,0,3.791,3.791,3.792,3.794,3.792,3.791,3.792,3.791,3.792,3.791,3.792,3.791,3.792,3.791,,,,
2026-05-08 15:03:57.000000,5/8/2026,20260508_150507_897.txt,53.09,0.52,31.0,46,100.0,97.5,0,PRE-CHARGE,0,3.791,3.791,3.792,3.794,3.792,3.791,3.792,3.791,3.792,3.791,3.792,3.791,3.792,3.791,54.3,0.0,120.0,40.5
2026-05-08 14:03:57.000000,5/8/2026,20260508_145007_897.txt,53.09,0.52,31.0,46,100.0,97.5,0,PRE-CHARGE,0,3.791,3.791,3.792,3.794,3.792,3.791,3.792,3.791,3.792,3.791,3.792,3.791,3.792,3.791,54.3,0.0,120.0,40.5
2026-05-08 14:03:59.200000,5/8/2026,20260508_145007_897.txt,53.09,0.52,31.0,46,100.0,97.5,0,PRE-CHARGE,0,3.791,3.791,3.792,3.794,3.792,3.791,3.792,3.791,3.792,3.791,3.792,3.791,3.792,3.791,54.3,0.0,120.0,40.5
2026-05-08 15:03:59.200000,5/8/2026,20260508_150507_897.txt,53.09,0.52,31.0,46,100.0,97.5,0,PRE-CHARGE,0,3.791,3.791,3.792,3.794,3.792,3.791,3.792,3.791,3.792,3.791,3.792,3.791,3.792,3.791,54.3,0.0,120.0,40.5
2026-05-08 15:04:01.300000,5/8/2026,20260508_150507_897.txt,53.09,0.52,31.0,46,100.0,97.5,0,PRE-CHARGE,0,,,,,3.792,3.791,3.792,3.791,3.792,3.791,3.792,3.791,3.792,3.791,,,,
2026-05-08 14:04:01.300000,5/8/2026,20260508_145007_897.txt,53.09,0.52,31.0,46,100.0,97.5,0,PRE-CHARGE,0,,,,,3.792,3.791,3.792,3.791,3.792,3.791,3.792,3.791,3.792,3.791,,,,
2026-05-08 14:04:03.400000,5/8/2026,20260508_145007_897.txt,53.09,0.52,31.0,46,100.0,97.5,0,PRE-CHARGE,0,3.791,3.791,3.792,3.794,3.792,3.791,3.792,3.791,3.792,3.791,3.792,3.791,3.792,3.791,54.3,0.0,120.0,40.5
2026-05-08 15:04:03.400000,5/8/2026,20260508_150507_897.txt,53.09,0.52,31.0,46,100.0,97.5,0,PRE-CHARGE,0,3.791,3.791,3.792,3.794,3.792,3.791,3.792,3.791,3.792,3.791,3.792,3.791,3.792,3.791,54.3,0.0,120.0,40.5
2026-05-08 14:04:05.500000,5/8/2026,20260508_145007_897.txt,53.09,0.52,31.0,46,100.0,97.5,0,PRE-CHARGE,0,3.791,3.791,3.792,3.794,3.792,3.791,3.792,3.791,3.792,3.791,3.792,3.791,3.792,3.791,,,,
2026-05-08 15:04:05.500000,5/8/2026,20260508_150507_897.txt,53.09,0.52,31.0,46,100.0,97.5,0,PRE-CHARGE,0,3.791,3.791,3.792,3.794,3.792,3.791,3.792,3.791,3.792,3.791,3.792,3.791,3.792,3.791,,,,
2026-05-08 14:04:07.700000,5/8/2026,20260508_145007_897.txt,53.09,0.52,31.0,46,100.0,97.5,0,PRE-CHARGE,0,3.791,3.791,3.792,3.794,3.792,3.791,3.792,3.791,3.792,3.791,3.792,3.791,3.792,3.791,54.3,0.0,120.0,40.5
2026-05-08 15:04:07.700000,5/8/2026,20260508_150507_897.txt,53.09,0.52,31.0,46,100.0,97.5,0,PRE-CHARGE,0,3.791,3.791,3.792,3.794,3.792,3.791,3.792,3.791,3.792,3.791,3.792,3.791,3.792,3.791,54.3,0.0,120.0,40.5
2026-05-08 14:04:09.800000,5/8/2026,20260508_145007_897.txt,53.09,0.52,31.0,46,100.0,97.5,0,PRE-CHARGE,0,3.791,3.791,3.792,3.794,3.792,3.791,3.792,3.791,3.792,3.791,3.792,3.791,3.792,3.791,,,,
2026-05-08 15:04:09.800000,5/8/2026,20260508_150507_897.txt,53.09,0.52,31.0,46,100.0,97.5,0,PRE-CHARGE,0,3.791,3.791,3.792,3.794,3.792,3.791,3.792,3.791,3.792,3.791,3.792,3.791,3.792,3.791,,,,
2026-05-08 15:04:14.000000,5/8/2026,20260508_150507_897.txt,53.09,0.52,31.0,45,100.0,97.5,0,PRE-CHARGE,0,3.791,3.791,3.792,3.794,3.792,3.791,3.792,3.791,3.792,3.791,3.792,3.791,3.792,3.791,54.3,0.0,120.0,40.5
2026-05-08 14:04:14.000000,5/8/2026,20260508_145007_897.txt,53.09,0.52,31.0,45,100.0,97.5,0,PRE-CHARGE,0,3.791,3.791,3.792,3.794,3.792,3.791,3.792,3.791,3.792,3.791,3.792,3.791,3.792,3.791,54.3,0.0,120.0,40.5
2026-05-08 14:04:18.300000,5/8/2026,20260508_145007_897.txt,53.09,0.52,31.0,45,100.0,97.5,0,PRE-CHARGE,0,3.791,3.791,3.792,3.794,3.792,3.791,3.792,3.791,3.792,3.791,3.792,3.791,3.792,3.791,54.3,0.0,120.0,40.5
2026-05-08 15:04:18.300000,5/8/2026,20260508_150507_897.txt,53.09,0.52,31.0,45,100.0,97.5,0,PRE-CHARGE,0,3.791,3.791,3.792,3.794,3.792,3.791,3.792,3.791,3.792,3.791,3.792,3.791,3.792,3.791,54.3,0.0,120.0,40.5
2026-05-08 14:04:22.800000,5/8/2026,20260508_145007_897.txt,53.09,0.52,31.0,45,100.0,97.5,0,PRE-CHARGE,0,3.791,3.791,3.792,3.794,3.792,3.791,3.792,3.791,3.792,3.791,3.792,3.791,3.792,3.791,54.3,0.0,120.0,40.5
2026-05-08 15:04:22.800000,5/8/2026,20260508_150507_897.txt,53.09,0.52,31.0,45,100.0,97.5,0,PRE-CHARGE,0,3.791,3.791,3.792,3.794,3.792,3.791,3.792,3.791,3.792,3.791,3.792,3.791,3.792,3.791,54.3,0.0,120.0,40.5
2026-05-08 15:04:26.700000,5/8/2026,20260508_150507_897.txt,53.09,0.52,31.0,45,100.0,97.5,0,PRE-CHARGE,0,3.791,3.791,3.792,3.794,3.792,3.791,3.792,3.791,3.792,3.791,3.792,3.791,3.792,3.791,54.3,0.0,120.0,40.5
2026-05-08 14:04:26.700000,5/8/2026,20260508_145007_897.txt,53.09,0.52,31.0,45,100.0,97.5,0,PRE-CHARGE,0,3.791,3.791,3.792,3.794,3.792,3.791,3.792,3.791,3.792,3.791,3.792,3.791,3.792,3.791,54.3,0.0,120.0,40.5
2026-05-08 14:04:28.800000,5/8/2026,20260508_145007_897.txt,53.09,0.52,31.0,45,100.0,97.5,0,PRE-CHARGE,0,3.791,3.791,3.792,3.794,3.792,3.791,3.792,3.791,3.792,3.791,3.792,3.791,3.792,3.791,54.3,0.0,120.0,40.5
2026-05-08 15:04:28.800000,5/8/2026,20260508_150507_897.txt,53.09,0.52,31.0,45,100.0,97.5,0,PRE-CHARGE,0,3.791,3.791,3.792,3.794,3.792,3.791,3.792,3.791,3.792,3.791,3.792,3.791,3.792,3.791,54.3,0.0,120.0,40.5
2026-05-08 14:04:30.900000,5/8/2026,20260508_145007_897.txt,53.09,0.52,31.0,45,100.0,97.5,0,PRE-CHARGE,0,3.791,3.791,3.792,3.794,3.792,3.791,3.792,3.791,3.792,3.791,3.792,3.791,3.792,3.791,54.3,0.0,120.0,40.5
2026-05-08 15:04:30.900000,5/8/2026,20260508_150507_897.txt,53.09,0.52,31.0,45,100.0,97.5,0,PRE-CHARGE,0,3.791,3.791,3.792,3.794,3.792,3.791,3.792,3.791,3.792,3.791,3.792,3.791,3.792,3.791,54.3,0.0,120.0,40.5
2026-05-08 15:04:33.100000,5/8/2026,20260508_150507_897.txt,53.09,0.52,31.0,45,100.0,97.5,0,PRE-CHARGE,0,3.791,3.791,3.792,3.794,3.792,3.791,3.792,3.791,3.792,3.791,3.792,3.791,3.792,3.791,54.3,0.0,120.0,40.5
2026-05-08 14:04:33.100000,5/8/2026,20260508_145007_897.txt,53.09,0.52,31.0,45,100.0,97.5,0,PRE-CHARGE,0,3.791,3.791,3.792,3.794,3.792,3.791,3.792,3.791,3.792,3.791,3.792,3.791,3.792,3.791,54.3,0.0,120.0,40.5
2026-05-08 14:04:35.200000,5/8/2026,20260508_145007_897.txt,53.09,0.52,31.0,45,100.0,97.5,0,PRE-CHARGE,0,3.791,3.791,3.792,3.794,3.792,3.791,3.792,3.791,3.792,3.791,3.792,3.791,3.792,3.791,,,,
2026-05-08 15:04:35.200000,5/8/2026,20260508_150507_897.txt,53.09,0.52,31.0,45,100.0,97.5,0,PRE-CHARGE,0,3.791,3.791,3.792,3.794,3.792,3.791,3.792,3.791,3.792,3.791,3.792,3.791,3.792,3.791,,,,
2026-05-08 15:04:39.700000,5/8/2026,20260508_150507_897.txt,53.09,0.52,,45,100.0,97.5,0,PRE-CHARGE,0,3.791,3.791,3.792,3.794,3.792,3.791,3.792,3.791,3.792,3.791,3.792,3.791,3.792,3.791,54.3,0.0,120.0,40.5
2026-05-08 14:04:39.700000,5/8/2026,20260508_145007_897.txt,53.09,0.52,,45,100.0,97.5,0,PRE-CHARGE,0,3.791,3.791,3.792,3.794,3.792,3.791,3.792,3.791,3.792,3.791,3.792,3.791,3.792,3.791,54.3,0.0,120.0,40.5
2026-05-08 15:04:41.700000,5/8/2026,20260508_150507_897.txt,53.09,0.52,,45,100.0,97.5,0,PRE-CHARGE,0,3.791,3.791,3.792,3.794,3.792,3.791,3.792,3.791,3.792,3.791,3.792,3.791,3.792,3.791,54.3,0.0,120.0,40.5
2026-05-08 14:04:41.700000,5/8/2026,20260508_145007_897.txt,53.09,0.52,,45,100.0,97.5,0,PRE-CHARGE,0,3.791,3.791,3.792,3.794,3.792,3.791,3.792,3.791,3.792,3.791,3.792,3.791,3.792,3.791,54.3,0.0,120.0,40.5
2026-05-08 15:04:43.700000,5/8/2026,20260508_150507_897.txt,53.09,0.52,31.0,45,100.0,97.5,0,PRE-CHARGE,0,3.791,3.791,3.792,3.794,3.792,3.791,3.792,3.791,3.792,3.791,3.792,3.791,3.792,3.791,54.3,0.0,120.0,40.5
2026-05-08 14:04:43.700000,5/8/2026,20260508_145007_897.txt,53.09,0.52,31.0,45,100.0,97.5,0,PRE-CHARGE,0,3.791,3.791,3.792,3.794,3.792,3.791,3.792,3.791,3.792,3.791,3.792,3.791,3.792,3.791,54.3,0.0,120.0,40.5
2026-05-08 15:04:46.100000,5/8/2026,20260508_150507_897.txt,53.09,0.52,,45,100.0,97.5,0,PRE-CHARGE,0,3.791,3.791,3.792,3.794,3.792,3.791,3.792,3.791,3.792,3.791,3.792,3.791,3.792,3.791,54.3,0.0,120.0,40.5
2026-05-08 14:04:46.100000,5/8/2026,20260508_145007_897.txt,53.09,0.52,,45,100.0,97.5,0,PRE-CHARGE,0,3.791,3.791,3.792,3.794,3.792,3.791,3.792,3.791,3.792,3.791,3.792,3.791,3.792,3.791,54.3,0.0,120.0,40.5
2026-05-08 14:04:47.900000,5/8/2026,20260508_145007_897.txt,53.09,0.52,31.0,45,100.0,97.5,0,PRE-CHARGE,0,,,,,,,,,3.792,3.791,3.792,3.791,3.792,3.791,54.3,0.0,120.0,40.5
2026-05-08 15:04:47.900000,5/8/2026,20260508_150507_897.txt,53.09,0.52,31.0,45,100.0,97.5,0,PRE-CHARGE,0,,,,,,,,,3.792,3.791,3.792,3.791,3.792,3.791,54.3,0.0,120.0,40.5
2026-05-08 15:04:50.100000,5/8/2026,20260508_150507_897.txt,53.08,0.52,31.0,45,100.0,97.5,0,PRE-CHARGE,0,3.791,3.791,3.792,3.794,3.792,3.791,3.792,3.791,3.792,3.791,3.792,3.791,3.792,3.791,54.3,0.0,120.0,40.5
2026-05-08 14:04:50.100000,5/8/2026,20260508_145007_897.txt,53.08,0.52,31.0,45,100.0,97.5,0,PRE-CHARGE,0,3.791,3.791,3.792,3.794,3.792,3.791,3.792,3.791,3.792,3.791,3.792,3.791,3.792,3.791,54.3,0.0,120.0,40.5
2026-05-08 15:04:52.100000,5/8/2026,20260508_150507_897.txt,53.09,0.52,,45,100.0,97.5,0,PRE-CHARGE,0,3.791,3.791,3.792,3.794,3.792,3.791,3.792,3.791,3.792,3.791,3.792,3.791,3.792,3.791,54.3,0.0,120.0,40.5
2026-05-08 14:04:52.100000,5/8/2026,20260508_145007_897.txt,53.09,0.52,,45,100.0,97.5,0,PRE-CHARGE,0,3.791,3.791,3.792,3.794,3.792,3.791,3.792,3.791,3.792,3.791,3.792,3.791,3.792,3.791,54.3,0.0,120.0,40.5
2026-05-08 15:04:54.600000,5/8/2026,20260508_150507_897.txt,53.09,0.52,,46,100.0,97.5,0,PRE-CHARGE,1,3.791,3.791,3.792,3.794,,,,,3.792,3.791,3.792,3.791,3.792,3.791,54.3,0.0,120.0,40.5
